{
	"credit": "Made with Blockbench",
	"parent": "item/door_display",
	"ambientocclusion": false,
	"textures": {
		"1": "block/doors/bamboo"
	},
	"elements": [
		{
			"from": [0, 0, 12.5],
			"to": [3, 16, 16],
			"faces": {
				"north": {"uv": [6.25, 8, 6.5, 16], "texture": "#1"},
				"east": {"uv": [8, 8, 6.25, 16], "texture": "#1"},
				"south": {"uv": [12.75, 8, 14.25, 16], "texture": "#1"},
				"west": {"uv": [6.25, 8, 8, 16], "texture": "#1"},
				"down": {"uv": [11, 8, 12.5, 9.75], "texture": "#1"}
			}
		},
		{
			"from": [0, 0, 0],
			"to": [3, 16, 3.5],
			"faces": {
				"north": {"uv": [14.5, 8, 16, 16], "texture": "#1"},
				"east": {"uv": [1.75, 8, 0, 16], "texture": "#1"},
				"south": {"uv": [1.5, 8, 1.75, 16], "texture": "#1"},
				"west": {"uv": [0, 8, 1.75, 16], "texture": "#1"},
				"down": {"uv": [11, 14.25, 12.5, 16], "texture": "#1"}
			}
		},
		{
			"from": [0, 0, 3.5],
			"to": [3, 3.5, 12.5],
			"faces": {
				"east": {"uv": [6.25, 14.25, 1.75, 16], "texture": "#1"},
				"west": {"uv": [1.75, 14.25, 6.25, 16], "texture": "#1"},
				"up": {"uv": [1.75, 14.5, 6.25, 14.25], "rotation": 90, "texture": "#1"},
				"down": {"uv": [11, 9.75, 12.5, 14.25], "texture": "#1"}
			}
		},
		{
			"from": [0.5, 3.5, 3.5],
			"to": [2.5, 16, 12.5],
			"faces": {
				"east": {"uv": [6.25, 8, 1.75, 14.25], "texture": "#1"},
				"west": {"uv": [1.75, 8, 6.25, 14.25], "texture": "#1"}
			}
		},
		{
			"from": [-0.25, 4, -0.25],
			"to": [1, 6, 1],
			"rotation": {"angle": 0, "axis": "y", "origin": [16, 0, 0]},
			"faces": {
				"north": {"uv": [9.5, 1.5, 8.25, 3.5], "texture": "#1"},
				"east": {"uv": [11, 1.5, 9.75, 3.5], "texture": "#1"},
				"south": {"uv": [9.75, 1.5, 11, 3.5], "texture": "#1"},
				"west": {"uv": [8.25, 1.5, 9.5, 3.5], "texture": "#1"},
				"up": {"uv": [9.5, 0, 8.25, 1.25], "rotation": 180, "texture": "#1"},
				"down": {"uv": [9.5, 1.25, 10.75, 0], "rotation": 270, "texture": "#1"}
			}
		},
		{
			"from": [-0.25, 15, -0.25],
			"to": [1, 16, 1],
			"rotation": {"angle": 0, "axis": "y", "origin": [16, 0, 0]},
			"faces": {
				"north": {"uv": [9.5, 2.5, 8.25, 3.5], "texture": "#1"},
				"east": {"uv": [11, 2.5, 9.75, 3.5], "texture": "#1"},
				"south": {"uv": [9.75, 2.5, 11, 3.5], "texture": "#1"},
				"west": {"uv": [8.25, 2.5, 9.5, 3.5], "texture": "#1"},
				"down": {"uv": [9.5, 1.25, 10.75, 0], "rotation": 270, "texture": "#1"}
			}
		},
		{
			"from": [2, 15, -0.25],
			"to": [3.25, 16, 1],
			"faces": {
				"north": {"uv": [8.25, 2.5, 9.5, 3.5], "texture": "#1"},
				"east": {"uv": [9.5, 2.5, 8.25, 3.5], "texture": "#1"},
				"south": {"uv": [11, 2.5, 9.75, 3.5], "texture": "#1"},
				"west": {"uv": [9.75, 2.5, 11, 3.5], "texture": "#1"},
				"down": {"uv": [9.5, 0, 10.75, 1.25], "rotation": 270, "texture": "#1"}
			}
		},
		{
			"from": [2, 4, -0.25],
			"to": [3.25, 6, 1],
			"faces": {
				"north": {"uv": [8.25, 1.5, 9.5, 3.5], "texture": "#1"},
				"east": {"uv": [9.5, 1.5, 8.25, 3.5], "texture": "#1"},
				"south": {"uv": [11, 1.5, 9.75, 3.5], "texture": "#1"},
				"west": {"uv": [9.75, 1.5, 11, 3.5], "texture": "#1"},
				"up": {"uv": [8.25, 0, 9.5, 1.25], "rotation": 180, "texture": "#1"},
				"down": {"uv": [9.5, 0, 10.75, 1.25], "rotation": 270, "texture": "#1"}
			}
		},
		{
			"from": [-0.25, 15, 13],
			"to": [3.25, 16, 15.5],
			"faces": {
				"north": {"uv": [8.25, 4.25, 8.5, 4.75], "texture": "#1"},
				"east": {"uv": [9.5, 4.25, 8.25, 4.75], "texture": "#1"},
				"south": {"uv": [9.25, 4.25, 9.5, 4.75], "texture": "#1"},
				"west": {"uv": [8.25, 4.25, 9.5, 4.75], "texture": "#1"},
				"down": {"uv": [9.5, 4.75, 8.25, 4.5], "rotation": 270, "texture": "#1"}
			}
		},
		{
			"from": [0, 16, 12.5],
			"to": [3, 32, 16],
			"faces": {
				"north": {"uv": [11, 3, 9.5, 11], "texture": "#1"},
				"east": {"uv": [8, 0, 6.25, 8], "texture": "#1"},
				"south": {"uv": [12.75, 0, 14.25, 8], "texture": "#1"},
				"west": {"uv": [6.25, 0, 8, 8], "texture": "#1"},
				"up": {"uv": [11, 6.25, 12.5, 8], "texture": "#1"}
			}
		},
		{
			"from": [0, 16, 0],
			"to": [3, 32, 3.5],
			"faces": {
				"north": {"uv": [14.5, 0, 16, 8], "texture": "#1"},
				"east": {"uv": [1.75, 0, 0, 8], "texture": "#1"},
				"south": {"uv": [11, 7.75, 9.5, 15.75], "texture": "#1"},
				"west": {"uv": [0, 0, 1.75, 8], "texture": "#1"},
				"up": {"uv": [11, 0, 12.5, 1.75], "texture": "#1"}
			}
		},
		{
			"from": [0, 28.5, 3.5],
			"to": [3, 32, 12.5],
			"faces": {
				"east": {"uv": [6.25, 0, 1.75, 1.75], "texture": "#1"},
				"west": {"uv": [1.75, 0, 6.25, 1.75], "texture": "#1"},
				"up": {"uv": [11, 1.75, 12.5, 6.25], "texture": "#1"},
				"down": {"uv": [9.5, 4.75, 11, 9.25], "texture": "#1"}
			}
		},
		{
			"from": [0, 16, 3.5],
			"to": [3, 19.5, 12.5],
			"faces": {
				"east": {"uv": [6.25, 6.25, 1.75, 8], "texture": "#1"},
				"west": {"uv": [1.75, 6.25, 6.25, 8], "texture": "#1"},
				"up": {"uv": [9.5, 14, 11, 9.5], "texture": "#1"},
				"down": {"uv": [6.25, 8, 1.75, 7.75], "rotation": 90, "texture": "#1"}
			}
		},
		{
			"from": [-0.25, 26, -0.25],
			"to": [1, 28, 1],
			"rotation": {"angle": 0, "axis": "y", "origin": [16, 0, 0]},
			"faces": {
				"north": {"uv": [9.5, 1.5, 8.25, 3.5], "texture": "#1"},
				"east": {"uv": [11, 1.5, 9.75, 3.5], "texture": "#1"},
				"south": {"uv": [9.75, 1.5, 11, 3.5], "texture": "#1"},
				"west": {"uv": [8.25, 1.5, 9.5, 3.5], "texture": "#1"},
				"up": {"uv": [9.5, 0, 8.25, 1.25], "rotation": 180, "texture": "#1"},
				"down": {"uv": [9.5, 1.25, 10.75, 0], "rotation": 270, "texture": "#1"}
			}
		},
		{
			"from": [2, 26, -0.25],
			"to": [3.25, 28, 1],
			"faces": {
				"north": {"uv": [8.25, 1.5, 9.5, 3.5], "texture": "#1"},
				"east": {"uv": [9.5, 1.5, 8.25, 3.5], "texture": "#1"},
				"south": {"uv": [11, 1.5, 9.75, 3.5], "texture": "#1"},
				"west": {"uv": [9.75, 1.5, 11, 3.5], "texture": "#1"},
				"up": {"uv": [8.25, 0, 9.5, 1.25], "rotation": 180, "texture": "#1"},
				"down": {"uv": [9.5, 0, 10.75, 1.25], "rotation": 270, "texture": "#1"}
			}
		},
		{
			"from": [-0.25, 16, -0.25],
			"to": [1, 17, 1],
			"rotation": {"angle": 0, "axis": "y", "origin": [16, 0, 0]},
			"faces": {
				"north": {"uv": [9.5, 1.5, 8.25, 2.5], "texture": "#1"},
				"east": {"uv": [11, 1.5, 9.75, 2.5], "texture": "#1"},
				"south": {"uv": [9.75, 1.5, 11, 2.5], "texture": "#1"},
				"west": {"uv": [8.25, 1.5, 9.5, 2.5], "texture": "#1"},
				"up": {"uv": [9.5, 0, 8.25, 1.25], "rotation": 180, "texture": "#1"}
			}
		},
		{
			"from": [2, 16, -0.25],
			"to": [3.25, 17, 1],
			"faces": {
				"north": {"uv": [8.25, 1.5, 9.5, 2.5], "texture": "#1"},
				"east": {"uv": [9.5, 1.5, 8.25, 2.5], "texture": "#1"},
				"south": {"uv": [11, 1.5, 9.75, 2.5], "texture": "#1"},
				"west": {"uv": [9.75, 1.5, 11, 2.5], "texture": "#1"},
				"up": {"uv": [8.25, 0, 9.5, 1.25], "rotation": 180, "texture": "#1"}
			}
		},
		{
			"from": [-0.25, 16, 13],
			"to": [3.25, 17, 15.5],
			"faces": {
				"north": {"uv": [8.25, 3.75, 8.5, 4.25], "texture": "#1"},
				"east": {"uv": [9.5, 3.75, 8.25, 4.25], "texture": "#1"},
				"south": {"uv": [9.25, 3.75, 9.5, 4.25], "texture": "#1"},
				"west": {"uv": [8.25, 3.75, 9.5, 4.25], "texture": "#1"},
				"up": {"uv": [9.5, 4, 8.25, 3.75], "rotation": 270, "texture": "#1"}
			}
		},
		{
			"from": [1.35, 19.5, 12],
			"to": [1.45, 28.5, 12.5],
			"faces": {
				"north": {"uv": [6, 1.75, 6.25, 6.25], "texture": "#1"},
				"east": {"uv": [6.25, 1.75, 6, 6.25], "texture": "#1"},
				"west": {"uv": [6, 1.75, 6.25, 6.25], "texture": "#1"}
			}
		},
		{
			"from": [1.35, 19.5, 11],
			"to": [1.45, 28.5, 11.5],
			"faces": {
				"north": {"uv": [5.5, 1.75, 5.75, 6.25], "texture": "#1"},
				"east": {"uv": [5.75, 1.75, 5.5, 6.25], "texture": "#1"},
				"south": {"uv": [5.5, 1.75, 5.75, 6.25], "texture": "#1"},
				"west": {"uv": [5.5, 1.75, 5.75, 6.25], "texture": "#1"}
			}
		},
		{
			"from": [1.35, 19.5, 10],
			"to": [1.45, 28.5, 10.5],
			"faces": {
				"north": {"uv": [5, 1.75, 5.25, 6.25], "texture": "#1"},
				"east": {"uv": [5.25, 1.75, 5, 6.25], "texture": "#1"},
				"south": {"uv": [5, 1.75, 5.25, 6.25], "texture": "#1"},
				"west": {"uv": [5, 1.75, 5.25, 6.25], "texture": "#1"}
			}
		},
		{
			"from": [1.35, 19.5, 9],
			"to": [1.45, 28.5, 9.5],
			"faces": {
				"north": {"uv": [4.5, 1.75, 4.75, 6.25], "texture": "#1"},
				"east": {"uv": [4.75, 1.75, 4.5, 6.25], "texture": "#1"},
				"south": {"uv": [4.5, 1.75, 4.75, 6.25], "texture": "#1"},
				"west": {"uv": [4.5, 1.75, 4.75, 6.25], "texture": "#1"}
			}
		},
		{
			"from": [1.35, 19.5, 8],
			"to": [1.45, 28.5, 8.5],
			"faces": {
				"north": {"uv": [4, 1.75, 4.25, 6.25], "texture": "#1"},
				"east": {"uv": [4.25, 1.75, 4, 6.25], "texture": "#1"},
				"south": {"uv": [4, 1.75, 4.25, 6.25], "texture": "#1"},
				"west": {"uv": [4, 1.75, 4.25, 6.25], "texture": "#1"}
			}
		},
		{
			"from": [1.35, 19.5, 7],
			"to": [1.45, 28.5, 7.5],
			"faces": {
				"north": {"uv": [3.5, 1.75, 3.75, 6.25], "texture": "#1"},
				"east": {"uv": [3.75, 1.75, 3.5, 6.25], "texture": "#1"},
				"south": {"uv": [3.5, 1.75, 3.75, 6.25], "texture": "#1"},
				"west": {"uv": [3.5, 1.75, 3.75, 6.25], "texture": "#1"}
			}
		},
		{
			"from": [1.35, 19.5, 6],
			"to": [1.45, 28.5, 6.5],
			"faces": {
				"north": {"uv": [3, 1.75, 3.25, 6.25], "texture": "#1"},
				"east": {"uv": [3.25, 1.75, 3, 6.25], "texture": "#1"},
				"south": {"uv": [3, 1.75, 3.25, 6.25], "texture": "#1"},
				"west": {"uv": [3, 1.75, 3.25, 6.25], "texture": "#1"}
			}
		},
		{
			"from": [1.35, 19.5, 5],
			"to": [1.45, 28.5, 5.5],
			"faces": {
				"north": {"uv": [2.5, 1.75, 2.75, 6.25], "texture": "#1"},
				"east": {"uv": [2.75, 1.75, 2.5, 6.25], "texture": "#1"},
				"south": {"uv": [2.5, 1.75, 2.75, 6.25], "texture": "#1"},
				"west": {"uv": [2.5, 1.75, 2.75, 6.25], "texture": "#1"}
			}
		},
		{
			"from": [1.55, 19.5, 3.5],
			"to": [1.65, 28.5, 4.5],
			"faces": {
				"east": {"uv": [2.25, 1.75, 1.75, 6.25], "texture": "#1"},
				"south": {"uv": [2, 1.75, 2.25, 6.25], "texture": "#1"},
				"west": {"uv": [1.75, 1.75, 2.25, 6.25], "texture": "#1"}
			}
		},
		{
			"from": [1.45, 21, 3.5],
			"to": [1.55, 21.5, 12.5],
			"faces": {
				"east": {"uv": [6.25, 5.25, 1.75, 5.5], "texture": "#1"},
				"west": {"uv": [1.75, 5.25, 6.25, 5.5], "texture": "#1"},
				"up": {"uv": [1.75, 5.5, 6.25, 5.25], "rotation": 90, "texture": "#1"},
				"down": {"uv": [6.25, 5.5, 1.75, 5.25], "rotation": 90, "texture": "#1"}
			}
		},
		{
			"from": [1.45, 19.5, 3.5],
			"to": [1.55, 20.5, 12.5],
			"faces": {
				"east": {"uv": [6.25, 6.25, 1.75, 5.75], "texture": "#1"},
				"west": {"uv": [1.75, 5.75, 6.25, 6.25], "texture": "#1"},
				"up": {"uv": [1.75, 6, 6.25, 5.75], "rotation": 90, "texture": "#1"}
			}
		},
		{
			"from": [1.45, 22, 3.5],
			"to": [1.55, 22.5, 12.5],
			"faces": {
				"east": {"uv": [6.25, 4.75, 1.75, 5], "texture": "#1"},
				"west": {"uv": [1.75, 4.75, 6.25, 5], "texture": "#1"},
				"up": {"uv": [1.75, 5, 6.25, 4.75], "rotation": 90, "texture": "#1"},
				"down": {"uv": [6.25, 5, 1.75, 4.75], "rotation": 90, "texture": "#1"}
			}
		},
		{
			"from": [1.45, 23, 3.5],
			"to": [1.55, 23.5, 12.5],
			"faces": {
				"east": {"uv": [6.25, 4.25, 1.75, 4.5], "texture": "#1"},
				"west": {"uv": [1.75, 4.25, 6.25, 4.5], "texture": "#1"},
				"up": {"uv": [1.75, 4.5, 6.25, 4.25], "rotation": 90, "texture": "#1"},
				"down": {"uv": [6.25, 4.5, 1.75, 4.25], "rotation": 90, "texture": "#1"}
			}
		},
		{
			"from": [1.45, 24, 3.5],
			"to": [1.55, 24.5, 12.5],
			"faces": {
				"east": {"uv": [6.25, 3.75, 1.75, 4], "texture": "#1"},
				"west": {"uv": [1.75, 3.75, 6.25, 4], "texture": "#1"},
				"up": {"uv": [1.75, 4, 6.25, 3.75], "rotation": 90, "texture": "#1"},
				"down": {"uv": [6.25, 4, 1.75, 3.75], "rotation": 90, "texture": "#1"}
			}
		},
		{
			"from": [1.45, 25, 3.5],
			"to": [1.55, 25.5, 12.5],
			"faces": {
				"east": {"uv": [6.25, 3.25, 1.75, 3.5], "texture": "#1"},
				"west": {"uv": [1.75, 3.25, 6.25, 3.5], "texture": "#1"},
				"up": {"uv": [1.75, 3.5, 6.25, 3.25], "rotation": 90, "texture": "#1"},
				"down": {"uv": [6.25, 3.5, 1.75, 3.25], "rotation": 90, "texture": "#1"}
			}
		},
		{
			"from": [1.45, 26, 3.5],
			"to": [1.55, 26.5, 12.5],
			"faces": {
				"east": {"uv": [6.25, 2.75, 1.75, 3], "texture": "#1"},
				"west": {"uv": [1.75, 2.75, 6.25, 3], "texture": "#1"},
				"up": {"uv": [1.75, 3, 6.25, 2.75], "rotation": 90, "texture": "#1"},
				"down": {"uv": [6.25, 3, 1.75, 2.75], "rotation": 90, "texture": "#1"}
			}
		},
		{
			"from": [1.45, 27, 3.5],
			"to": [1.55, 27.5, 12.5],
			"faces": {
				"east": {"uv": [6.25, 2.25, 1.75, 2.5], "texture": "#1"},
				"west": {"uv": [1.75, 2.25, 6.25, 2.5], "texture": "#1"},
				"up": {"uv": [1.75, 2.5, 6.25, 2.25], "rotation": 90, "texture": "#1"},
				"down": {"uv": [6.25, 2.5, 1.75, 2.25], "rotation": 90, "texture": "#1"}
			}
		},
		{
			"from": [1.5, 28, 3.5],
			"to": [1.6, 28.5, 12.5],
			"faces": {
				"east": {"uv": [6.25, 1.75, 1.75, 2], "texture": "#1"},
				"west": {"uv": [1.75, 1.75, 6.25, 2], "texture": "#1"},
				"down": {"uv": [6.25, 2, 1.75, 1.75], "rotation": 90, "texture": "#1"}
			}
		}
	],
	"groups": [
		{
			"name": "bottom",
			"origin": [8, 8, 8],
			"color": 0,
			"children": [0, 1, 2, 3, 4, 5, 6, 7, 8]
		},
		{
			"name": "top",
			"origin": [8, 8, 8],
			"color": 0,
			"children": [9, 10, 11, 12, 13, 14, 15, 16, 17, 18, 19, 20, 21, 22, 23, 24, 25, 26, 27, 28, 29, 30, 31, 32, 33, 34, 35]
		}
	]
}