{
	"credit": "Made with Blockbench",
	"parent": "item/door_display",
	"ambientocclusion": false,
	"textures": {
		"1": "block/doors/warped"
	},
	"elements": [
		{
			"from": [0, 0, 12.5],
			"to": [3, 16, 16],
			"faces": {
				"north": {"uv": [14.5, 8, 16, 16], "texture": "#1"},
				"east": {"uv": [8, 8, 6.25, 16], "texture": "#1"},
				"south": {"uv": [12.75, 8, 14.25, 16], "texture": "#1"},
				"west": {"uv": [6.25, 8, 8, 16], "texture": "#1"},
				"down": {"uv": [11, 8, 12.5, 9.75], "texture": "#1"}
			}
		},
		{
			"from": [0, 0, 0],
			"to": [3, 16, 3.5],
			"faces": {
				"north": {"uv": [14.5, 8, 16, 16], "texture": "#1"},
				"east": {"uv": [1.75, 8, 0, 16], "texture": "#1"},
				"south": {"uv": [12.75, 8, 14.25, 16], "texture": "#1"},
				"west": {"uv": [0, 8, 1.75, 16], "texture": "#1"},
				"down": {"uv": [11, 14.25, 12.5, 16], "texture": "#1"}
			}
		},
		{
			"from": [0, 0, 3.5],
			"to": [3, 3.5, 12.5],
			"faces": {
				"east": {"uv": [6.25, 14.25, 1.75, 16], "texture": "#1"},
				"west": {"uv": [1.75, 14.25, 6.25, 16], "texture": "#1"},
				"up": {"uv": [1.75, 14.5, 6.25, 14.25], "rotation": 90, "texture": "#1"},
				"down": {"uv": [11, 9.75, 12.5, 14.25], "texture": "#1"}
			}
		},
		{
			"from": [0, 8.5, 3.5],
			"to": [3, 12, 12.5],
			"faces": {
				"east": {"uv": [6.25, 10, 1.75, 11.75], "texture": "#1"},
				"west": {"uv": [1.75, 10, 6.25, 11.75], "texture": "#1"},
				"up": {"uv": [12.5, 8.75, 11, 13.25], "texture": "#1"},
				"down": {"uv": [6.25, 11.75, 1.75, 11.5], "rotation": 90, "texture": "#1"}
			}
		},
		{
			"from": [0.5, 3.5, 3.5],
			"to": [2.5, 8.5, 12.5],
			"faces": {
				"east": {"uv": [6.25, 11.75, 1.75, 14.25], "texture": "#1"},
				"west": {"uv": [1.75, 11.75, 6.25, 14.25], "texture": "#1"}
			}
		},
		{
			"from": [-0.25, 4, -0.25],
			"to": [1, 6, 1],
			"rotation": {"angle": 0, "axis": "y", "origin": [16, 0, 0]},
			"faces": {
				"north": {"uv": [9.5, 1.5, 8.25, 3.5], "texture": "#1"},
				"east": {"uv": [11, 1.5, 9.75, 3.5], "texture": "#1"},
				"south": {"uv": [9.75, 1.5, 11, 3.5], "texture": "#1"},
				"west": {"uv": [8.25, 1.5, 9.5, 3.5], "texture": "#1"},
				"up": {"uv": [9.5, 0, 8.25, 1.25], "rotation": 180, "texture": "#1"},
				"down": {"uv": [9.5, 1.25, 10.75, 0], "rotation": 270, "texture": "#1"}
			}
		},
		{
			"from": [-0.25, 15, -0.25],
			"to": [1, 16, 1],
			"rotation": {"angle": 0, "axis": "y", "origin": [16, 0, 0]},
			"faces": {
				"north": {"uv": [9.5, 2.5, 8.25, 3.5], "texture": "#1"},
				"east": {"uv": [11, 2.5, 9.75, 3.5], "texture": "#1"},
				"south": {"uv": [9.75, 2.5, 11, 3.5], "texture": "#1"},
				"west": {"uv": [8.25, 2.5, 9.5, 3.5], "texture": "#1"},
				"down": {"uv": [9.5, 1.25, 10.75, 0], "rotation": 270, "texture": "#1"}
			}
		},
		{
			"from": [2, 15, -0.25],
			"to": [3.25, 16, 1],
			"faces": {
				"north": {"uv": [8.25, 2.5, 9.5, 3.5], "texture": "#1"},
				"east": {"uv": [9.5, 2.5, 8.25, 3.5], "texture": "#1"},
				"south": {"uv": [11, 2.5, 9.75, 3.5], "texture": "#1"},
				"west": {"uv": [9.75, 2.5, 11, 3.5], "texture": "#1"},
				"down": {"uv": [9.5, 0, 10.75, 1.25], "rotation": 270, "texture": "#1"}
			}
		},
		{
			"from": [2, 4, -0.25],
			"to": [3.25, 6, 1],
			"faces": {
				"north": {"uv": [8.25, 1.5, 9.5, 3.5], "texture": "#1"},
				"east": {"uv": [9.5, 1.5, 8.25, 3.5], "texture": "#1"},
				"south": {"uv": [11, 1.5, 9.75, 3.5], "texture": "#1"},
				"west": {"uv": [9.75, 1.5, 11, 3.5], "texture": "#1"},
				"up": {"uv": [8.25, 0, 9.5, 1.25], "rotation": 180, "texture": "#1"},
				"down": {"uv": [9.5, 0, 10.75, 1.25], "rotation": 270, "texture": "#1"}
			}
		},
		{
			"from": [-0.25, 15, 13],
			"to": [3.25, 16, 15.5],
			"faces": {
				"north": {"uv": [8.25, 4.25, 8.5, 4.75], "texture": "#1"},
				"east": {"uv": [9.5, 4.25, 8.25, 4.75], "texture": "#1"},
				"south": {"uv": [9.25, 4.25, 9.5, 4.75], "texture": "#1"},
				"west": {"uv": [8.25, 4.25, 9.5, 4.75], "texture": "#1"},
				"down": {"uv": [9.5, 4.75, 8.25, 4.5], "rotation": 270, "texture": "#1"}
			}
		},
		{
			"from": [0, 12, 4.5],
			"to": [3, 16, 7],
			"faces": {
				"north": {"uv": [14.5, 8, 16, 10], "texture": "#1"},
				"east": {"uv": [5.75, 8, 4.5, 10], "texture": "#1"},
				"south": {"uv": [12.75, 8, 14.25, 10], "texture": "#1"},
				"west": {"uv": [4.5, 8, 5.75, 10], "texture": "#1"}
			}
		},
		{
			"from": [0, 12, 9],
			"to": [3, 16, 11.5],
			"faces": {
				"north": {"uv": [14.5, 8, 16, 10], "texture": "#1"},
				"east": {"uv": [5.75, 8, 4.5, 10], "texture": "#1"},
				"south": {"uv": [12.75, 8, 14.25, 10], "texture": "#1"},
				"west": {"uv": [4.5, 8, 5.75, 10], "texture": "#1"}
			}
		},
		{
			"from": [0, 16, 12.5],
			"to": [3, 32, 16],
			"faces": {
				"north": {"uv": [14.5, 0, 16, 8], "texture": "#1"},
				"east": {"uv": [8, 0, 6.25, 8], "texture": "#1"},
				"south": {"uv": [12.75, 0, 14.25, 8], "texture": "#1"},
				"west": {"uv": [6.25, 0, 8, 8], "texture": "#1"},
				"up": {"uv": [11, 6.25, 12.5, 8], "texture": "#1"}
			}
		},
		{
			"from": [0, 16, 9],
			"to": [3, 28.5, 11.5],
			"faces": {
				"north": {"uv": [14.5, 1.75, 16, 8], "texture": "#1"},
				"east": {"uv": [5.75, 1.75, 4.5, 8], "texture": "#1"},
				"south": {"uv": [12.75, 1.75, 14.25, 8], "texture": "#1"},
				"west": {"uv": [4.5, 1.75, 5.75, 8], "texture": "#1"}
			}
		},
		{
			"from": [0, 16, 4.5],
			"to": [3, 28.5, 7],
			"faces": {
				"north": {"uv": [14.5, 1.75, 16, 8], "texture": "#1"},
				"east": {"uv": [5.75, 1.75, 4.5, 8], "texture": "#1"},
				"south": {"uv": [12.75, 1.75, 14.25, 8], "texture": "#1"},
				"west": {"uv": [4.5, 1.75, 5.75, 8], "texture": "#1"}
			}
		},
		{
			"from": [0, 16, 0],
			"to": [3, 32, 3.5],
			"faces": {
				"north": {"uv": [14.5, 0, 16, 8], "texture": "#1"},
				"east": {"uv": [1.75, 0, 0, 8], "texture": "#1"},
				"south": {"uv": [12.75, 0, 14.25, 8], "texture": "#1"},
				"west": {"uv": [0, 0, 1.75, 8], "texture": "#1"},
				"up": {"uv": [11, 0, 12.5, 1.75], "texture": "#1"}
			}
		},
		{
			"from": [0, 28.5, 3.5],
			"to": [3, 32, 12.5],
			"faces": {
				"east": {"uv": [6.25, 0, 1.75, 1.75], "texture": "#1"},
				"west": {"uv": [1.75, 0, 6.25, 1.75], "texture": "#1"},
				"up": {"uv": [11, 1.75, 12.5, 6.25], "texture": "#1"},
				"down": {"uv": [6.25, 1.75, 1.75, 1.5], "rotation": 90, "texture": "#1"}
			}
		},
		{
			"from": [-0.25, 26, -0.25],
			"to": [1, 28, 1],
			"rotation": {"angle": 0, "axis": "y", "origin": [16, 0, 0]},
			"faces": {
				"north": {"uv": [9.5, 1.5, 8.25, 3.5], "texture": "#1"},
				"east": {"uv": [11, 1.5, 9.75, 3.5], "texture": "#1"},
				"south": {"uv": [9.75, 1.5, 11, 3.5], "texture": "#1"},
				"west": {"uv": [8.25, 1.5, 9.5, 3.5], "texture": "#1"},
				"up": {"uv": [9.5, 0, 8.25, 1.25], "rotation": 180, "texture": "#1"},
				"down": {"uv": [9.5, 1.25, 10.75, 0], "rotation": 270, "texture": "#1"}
			}
		},
		{
			"from": [2, 26, -0.25],
			"to": [3.25, 28, 1],
			"faces": {
				"north": {"uv": [8.25, 1.5, 9.5, 3.5], "texture": "#1"},
				"east": {"uv": [9.5, 1.5, 8.25, 3.5], "texture": "#1"},
				"south": {"uv": [11, 1.5, 9.75, 3.5], "texture": "#1"},
				"west": {"uv": [9.75, 1.5, 11, 3.5], "texture": "#1"},
				"up": {"uv": [8.25, 0, 9.5, 1.25], "rotation": 180, "texture": "#1"},
				"down": {"uv": [9.5, 0, 10.75, 1.25], "rotation": 270, "texture": "#1"}
			}
		},
		{
			"from": [-0.25, 16, -0.25],
			"to": [1, 17, 1],
			"rotation": {"angle": 0, "axis": "y", "origin": [16, 0, 0]},
			"faces": {
				"north": {"uv": [9.5, 1.5, 8.25, 2.5], "texture": "#1"},
				"east": {"uv": [11, 1.5, 9.75, 2.5], "texture": "#1"},
				"south": {"uv": [9.75, 1.5, 11, 2.5], "texture": "#1"},
				"west": {"uv": [8.25, 1.5, 9.5, 2.5], "texture": "#1"},
				"up": {"uv": [9.5, 0, 8.25, 1.25], "rotation": 180, "texture": "#1"}
			}
		},
		{
			"from": [2, 16, -0.25],
			"to": [3.25, 17, 1],
			"faces": {
				"north": {"uv": [8.25, 1.5, 9.5, 2.5], "texture": "#1"},
				"east": {"uv": [9.5, 1.5, 8.25, 2.5], "texture": "#1"},
				"south": {"uv": [11, 1.5, 9.75, 2.5], "texture": "#1"},
				"west": {"uv": [9.75, 1.5, 11, 2.5], "texture": "#1"},
				"up": {"uv": [8.25, 0, 9.5, 1.25], "rotation": 180, "texture": "#1"}
			}
		},
		{
			"from": [-0.25, 16, 13],
			"to": [3.25, 17, 15.5],
			"faces": {
				"north": {"uv": [8.25, 3.75, 8.5, 4.25], "texture": "#1"},
				"east": {"uv": [9.5, 3.75, 8.25, 4.25], "texture": "#1"},
				"south": {"uv": [9.25, 3.75, 9.5, 4.25], "texture": "#1"},
				"west": {"uv": [8.25, 3.75, 9.5, 4.25], "texture": "#1"},
				"up": {"uv": [9.5, 4, 8.25, 3.75], "rotation": 270, "texture": "#1"}
			}
		}
	],
	"groups": [
		{
			"name": "bottom",
			"origin": [8, 8, 8],
			"color": 0,
			"nbt": "{}",
			"armAnimationEnabled": false,
			"children": [0, 1, 2, 3, 4, 5, 6, 7, 8, 9, 10, 11]
		},
		{
			"name": "top",
			"origin": [8, 8, 8],
			"color": 0,
			"nbt": "{}",
			"armAnimationEnabled": false,
			"children": [12, 13, 14, 15, 16, 17, 18, 19, 20, 21]
		}
	]
}