{
  "variants": {
    "facing=east,half=lower,hinge=left,open=false": {
      "model": "block/doors/bamboo/bottom"
    },
    "facing=east,half=lower,hinge=left,open=true": {
      "model": "block/doors_hinge/bamboo/bottom",
      "y": 90
    },
    "facing=east,half=lower,hinge=right,open=false": {
      "model": "block/doors_hinge/bamboo/bottom"
    },
    "facing=east,half=lower,hinge=right,open=true": {
      "model": "block/doors/bamboo/bottom",
      "y": 270
    },
    "facing=east,half=upper,hinge=left,open=false": {
      "model": "block/doors/bamboo/top"
    },
    "facing=east,half=upper,hinge=left,open=true": {
      "model": "block/doors_hinge/bamboo/top",
      "y": 90
    },
    "facing=east,half=upper,hinge=right,open=false": {
      "model": "block/doors_hinge/bamboo/top"
    },
    "facing=east,half=upper,hinge=right,open=true": {
      "model": "block/doors/bamboo/top",
      "y": 270
    },
    "facing=north,half=lower,hinge=left,open=false": {
      "model": "block/doors/bamboo/bottom",
      "y": 270
    },
    "facing=north,half=lower,hinge=left,open=true": {
      "model": "block/doors_hinge/bamboo/bottom"
    },
    "facing=north,half=lower,hinge=right,open=false": {
      "model": "block/doors_hinge/bamboo/bottom",
      "y": 270
    },
    "facing=north,half=lower,hinge=right,open=true": {
      "model": "block/doors/bamboo/bottom",
      "y": 180
    },
    "facing=north,half=upper,hinge=left,open=false": {
      "model": "block/doors/bamboo/top",
      "y": 270
    },
    "facing=north,half=upper,hinge=left,open=true": {
      "model": "block/doors_hinge/bamboo/top"
    },
    "facing=north,half=upper,hinge=right,open=false": {
      "model": "block/doors_hinge/bamboo/top",
      "y": 270
    },
    "facing=north,half=upper,hinge=right,open=true": {
      "model": "block/doors/bamboo/top",
      "y": 180
    },
    "facing=south,half=lower,hinge=left,open=false": {
      "model": "block/doors/bamboo/bottom",
      "y": 90
    },
    "facing=south,half=lower,hinge=left,open=true": {
      "model": "block/doors_hinge/bamboo/bottom",
      "y": 180
    },
    "facing=south,half=lower,hinge=right,open=false": {
      "model": "block/doors_hinge/bamboo/bottom",
      "y": 90
    },
    "facing=south,half=lower,hinge=right,open=true": {
      "model": "block/doors/bamboo/bottom"
    },
    "facing=south,half=upper,hinge=left,open=false": {
      "model": "block/doors/bamboo/top",
      "y": 90
    },
    "facing=south,half=upper,hinge=left,open=true": {
      "model": "block/doors_hinge/bamboo/top",
      "y": 180
    },
    "facing=south,half=upper,hinge=right,open=false": {
      "model": "block/doors_hinge/bamboo/top",
      "y": 90
    },
    "facing=south,half=upper,hinge=right,open=true": {
      "model": "block/doors/bamboo/top"
    },
    "facing=west,half=lower,hinge=left,open=false": {
      "model": "block/doors/bamboo/bottom",
      "y": 180
    },
    "facing=west,half=lower,hinge=left,open=true": {
      "model": "block/doors_hinge/bamboo/bottom",
      "y": 270
    },
    "facing=west,half=lower,hinge=right,open=false": {
      "model": "block/doors_hinge/bamboo/bottom",
      "y": 180
    },
    "facing=west,half=lower,hinge=right,open=true": {
      "model": "block/doors/bamboo/bottom",
      "y": 90
    },
    "facing=west,half=upper,hinge=left,open=false": {
      "model": "block/doors/bamboo/top",
      "y": 180
    },
    "facing=west,half=upper,hinge=left,open=true": {
      "model": "block/doors_hinge/bamboo/top",
      "y": 270
    },
    "facing=west,half=upper,hinge=right,open=false": {
      "model": "block/doors_hinge/bamboo/top",
      "y": 180
    },
    "facing=west,half=upper,hinge=right,open=true": {
      "model": "block/doors/bamboo/top",
      "y": 90
    }
  }
}