{

    "variants": {
        "facing=north,half=bottom,open=false": { "model": "block/trapdoors/birch" },
        "facing=south,half=bottom,open=false": { "model": "block/trapdoors/birch", "y": 180 },
        "facing=east,half=bottom,open=false": { "model": "block/trapdoors/birch", "y": 90 },
        "facing=west,half=bottom,open=false": { "model": "block/trapdoors/birch", "y": 270 },
        "facing=north,half=top,open=false": { "model": "block/trapdoors/birch", "x": 180, "y": 180 },
        "facing=south,half=top,open=false": { "model": "block/trapdoors/birch", "x": 180 },
        "facing=east,half=top,open=false": { "model": "block/trapdoors/birch", "x": 180, "y": 270 },
        "facing=west,half=top,open=false": { "model": "block/trapdoors/birch", "x": 180, "y": 90 },
        "facing=north,half=bottom,open=true": { "model": "block/trapdoors/birch", "x": 270, "y": 180 },
        "facing=south,half=bottom,open=true": { "model": "block/trapdoors/birch", "x": 270, "y": 0 },
        "facing=east,half=bottom,open=true": { "model": "block/trapdoors/birch", "x": 270, "y": 270 },
        "facing=west,half=bottom,open=true": { "model": "block/trapdoors/birch", "x": 270, "y": 90 },
        "facing=north,half=top,open=true": { "model": "block/trapdoors/birch", "z": 180,  "x": 90 },
        "facing=south,half=top,open=true": { "model": "block/trapdoors/birch", "z": 180, "x": 90, "y": 180 },
        "facing=east,half=top,open=true": { "model": "block/trapdoors/birch", "z": 180, "x": 90, "y": 90 },
        "facing=west,half=top,open=true": { "model": "block/trapdoors/birch", "z": 180, "x": 90, "y": 270 }
    }
}
