{
	"credit": "Made with Blockbench",
	"ambientocclusion": false,
	"textures": {
		"1": "block/doors/oak",
		"particle": "block/break/doors/oak_bottom"
	},
	"elements": [
		{
			"from": [0, 0, 12.5],
			"to": [3, 16, 16],
			"faces": {
				"north": {"uv": [6.25, 8, 6.5, 16], "texture": "#1"},
				"east": {"uv": [8, 8, 6.25, 16], "texture": "#1"},
				"south": {"uv": [12.75, 8, 14.25, 16], "texture": "#1"},
				"west": {"uv": [6.25, 8, 8, 16], "texture": "#1"},
				"down": {"uv": [11, 8, 12.5, 9.75], "texture": "#1"}
			}
		},
		{
			"from": [0, 0, 0],
			"to": [3, 16, 3.5],
			"faces": {
				"north": {"uv": [14.5, 8, 16, 16], "texture": "#1"},
				"east": {"uv": [1.75, 8, 0, 16], "texture": "#1"},
				"south": {"uv": [1.5, 8, 1.75, 16], "texture": "#1"},
				"west": {"uv": [0, 8, 1.75, 16], "texture": "#1"},
				"down": {"uv": [11, 14.25, 12.5, 16], "texture": "#1"}
			}
		},
		{
			"from": [0, 5.5, 5.5],
			"to": [3, 16, 10.5],
			"faces": {
				"north": {"uv": [2.75, 8, 3, 13.25], "texture": "#1"},
				"east": {"uv": [5.25, 8, 2.75, 13.25], "texture": "#1"},
				"south": {"uv": [5, 8, 5.25, 13.25], "texture": "#1"},
				"west": {"uv": [2.75, 8, 5.25, 13.25], "texture": "#1"},
				"down": {"uv": [5.25, 13, 2.75, 13.25], "rotation": 90, "texture": "#1"}
			}
		},
		{
			"from": [0, 0, 3.5],
			"to": [3, 3.5, 12.5],
			"faces": {
				"east": {"uv": [6.25, 14.25, 1.75, 16], "texture": "#1"},
				"west": {"uv": [1.75, 14.25, 6.25, 16], "texture": "#1"},
				"up": {"uv": [1.75, 14.5, 6.25, 14.25], "rotation": 90, "texture": "#1"},
				"down": {"uv": [11, 9.75, 12.5, 14.25], "texture": "#1"}
			}
		},
		{
			"from": [0.5, 3.5, 3.5],
			"to": [2.5, 16, 12.5],
			"faces": {
				"east": {"uv": [6.25, 8, 1.75, 14.25], "texture": "#1"},
				"west": {"uv": [1.75, 8, 6.25, 14.25], "texture": "#1"}
			}
		},
		{
			"from": [-0.25, 4, -0.25],
			"to": [1, 6, 1],
			"rotation": {"angle": 0, "axis": "y", "origin": [16, 0, 0]},
			"faces": {
				"north": {"uv": [9.5, 1.5, 8.25, 3.5], "texture": "#1"},
				"east": {"uv": [11, 1.5, 9.75, 3.5], "texture": "#1"},
				"south": {"uv": [9.75, 1.5, 11, 3.5], "texture": "#1"},
				"west": {"uv": [8.25, 1.5, 9.5, 3.5], "texture": "#1"},
				"up": {"uv": [9.5, 0, 8.25, 1.25], "rotation": 180, "texture": "#1"},
				"down": {"uv": [9.5, 1.25, 10.75, 0], "rotation": 270, "texture": "#1"}
			}
		},
		{
			"from": [-0.25, 15, -0.25],
			"to": [1, 16, 1],
			"rotation": {"angle": 0, "axis": "y", "origin": [16, 0, 0]},
			"faces": {
				"north": {"uv": [9.5, 2.5, 8.25, 3.5], "texture": "#1"},
				"east": {"uv": [11, 2.5, 9.75, 3.5], "texture": "#1"},
				"south": {"uv": [9.75, 2.5, 11, 3.5], "texture": "#1"},
				"west": {"uv": [8.25, 2.5, 9.5, 3.5], "texture": "#1"},
				"down": {"uv": [9.5, 1.25, 10.75, 0], "rotation": 270, "texture": "#1"}
			}
		},
		{
			"from": [2, 15, -0.25],
			"to": [3.25, 16, 1],
			"faces": {
				"north": {"uv": [8.25, 2.5, 9.5, 3.5], "texture": "#1"},
				"east": {"uv": [9.5, 2.5, 8.25, 3.5], "texture": "#1"},
				"south": {"uv": [11, 2.5, 9.75, 3.5], "texture": "#1"},
				"west": {"uv": [9.75, 2.5, 11, 3.5], "texture": "#1"},
				"down": {"uv": [9.5, 0, 10.75, 1.25], "rotation": 270, "texture": "#1"}
			}
		},
		{
			"from": [2, 4, -0.25],
			"to": [3.25, 6, 1],
			"faces": {
				"north": {"uv": [8.25, 1.5, 9.5, 3.5], "texture": "#1"},
				"east": {"uv": [9.5, 1.5, 8.25, 3.5], "texture": "#1"},
				"south": {"uv": [11, 1.5, 9.75, 3.5], "texture": "#1"},
				"west": {"uv": [9.75, 1.5, 11, 3.5], "texture": "#1"},
				"up": {"uv": [8.25, 0, 9.5, 1.25], "rotation": 180, "texture": "#1"},
				"down": {"uv": [9.5, 0, 10.75, 1.25], "rotation": 270, "texture": "#1"}
			}
		},
		{
			"from": [-0.25, 15, 13],
			"to": [3.25, 16, 15.5],
			"faces": {
				"north": {"uv": [8.25, 4.25, 8.5, 4.75], "texture": "#1"},
				"east": {"uv": [9.5, 4.25, 8.25, 4.75], "texture": "#1"},
				"south": {"uv": [9.25, 4.25, 9.5, 4.75], "texture": "#1"},
				"west": {"uv": [8.25, 4.25, 9.5, 4.75], "texture": "#1"},
				"down": {"uv": [9.5, 4.75, 8.25, 4.5], "rotation": 270, "texture": "#1"}
			}
		}
	]
}