{
	"credit": "Made with Blockbench",
	"textures": {
		"0": "block/amethyst_crystal",
		"particle": "block/break/amethyst_crystal"
	},
	"elements": [
		{
			"from": [4, 0.001, 8],
			"to": [7, 16.001, 11],
			"rotation": {"angle": 0, "axis": "y", "origin": [8, 0, 8]},
			"faces": {
				"north": {"uv": [10, 0, 13, 16], "texture": "#0"},
				"east": {"uv": [13, 0, 10, 16], "texture": "#0"},
				"south": {"uv": [10, 0, 13, 16], "texture": "#0"},
				"west": {"uv": [13, 0, 10, 16], "texture": "#0"},
				"up": {"uv": [13, 0, 16, 3], "rotation": 270, "texture": "#0"},
				"down": {"uv": [13, 3, 16, 6], "rotation": 90, "texture": "#0"}
			}
		},
		{
			"from": [6, 0, 6],
			"to": [9, 12, 9],
			"rotation": {"angle": 0, "axis": "y", "origin": [8, 0, 8]},
			"faces": {
				"north": {"uv": [10, 0, 13, 12], "texture": "#0"},
				"east": {"uv": [13, 0, 10, 12], "texture": "#0"},
				"south": {"uv": [10, 0, 13, 12], "texture": "#0"},
				"west": {"uv": [13, 0, 10, 12], "texture": "#0"},
				"up": {"uv": [13, 0, 16, 3], "rotation": 270, "texture": "#0"},
				"down": {"uv": [13, 3, 16, 6], "rotation": 90, "texture": "#0"}
			}
		},
		{
			"from": [3, 0, 4],
			"to": [6, 4, 7],
			"rotation": {"angle": 0, "axis": "y", "origin": [8, 0, 8]},
			"faces": {
				"north": {"uv": [10, 0, 13, 4], "texture": "#0"},
				"east": {"uv": [13, 0, 10, 4], "texture": "#0"},
				"south": {"uv": [10, 0, 13, 4], "texture": "#0"},
				"west": {"uv": [13, 0, 10, 4], "texture": "#0"},
				"up": {"uv": [13, 0, 16, 3], "rotation": 270, "texture": "#0"},
				"down": {"uv": [13, 3, 16, 6], "rotation": 90, "texture": "#0"}
			}
		},
		{
			"from": [8.60896, -0.06147, 5],
			"to": [11.60896, 9.93853, 8],
			"rotation": {"angle": -22.5, "axis": "z", "origin": [8, 0, 8]},
			"faces": {
				"north": {"uv": [10, 0, 13, 10], "texture": "#0"},
				"east": {"uv": [13, 0, 10, 10], "texture": "#0"},
				"south": {"uv": [10, 0, 13, 10], "texture": "#0"},
				"west": {"uv": [13, 0, 10, 10], "texture": "#0"},
				"up": {"uv": [13, 0, 16, 3], "rotation": 270, "texture": "#0"},
				"down": {"uv": [13, 3, 16, 6], "rotation": 90, "texture": "#0"}
			}
		},
		{
			"from": [4.60896, 0.06147, 10],
			"to": [7.60896, 12.06147, 13],
			"rotation": {"angle": 22.5, "axis": "z", "origin": [8, 0, 8]},
			"faces": {
				"north": {"uv": [10, 0, 13, 12], "texture": "#0"},
				"east": {"uv": [13, 0, 10, 12], "texture": "#0"},
				"south": {"uv": [10, 0, 13, 12], "texture": "#0"},
				"west": {"uv": [13, 0, 10, 12], "texture": "#0"},
				"up": {"uv": [13, 0, 16, 3], "rotation": 270, "texture": "#0"},
				"down": {"uv": [13, 3, 16, 6], "rotation": 90, "texture": "#0"}
			}
		},
		{
			"from": [8, 0.001, 8],
			"to": [11, 6.001, 11],
			"rotation": {"angle": 0, "axis": "y", "origin": [8, 0, 8]},
			"faces": {
				"north": {"uv": [10, 0, 13, 6], "texture": "#0"},
				"east": {"uv": [13, 0, 10, 6], "texture": "#0"},
				"south": {"uv": [10, 0, 13, 6], "texture": "#0"},
				"west": {"uv": [13, 0, 10, 6], "texture": "#0"},
				"up": {"uv": [13, 0, 16, 3], "rotation": 270, "texture": "#0"},
				"down": {"uv": [13, 3, 16, 6], "rotation": 90, "texture": "#0"}
			}
		}
	]
}