{
	"credit": "Made with Blockbench",
	"parent": "block/block",
	"textures": {
		"0": "block/amethyst_crystal",
		"particle": "block/sculk_sensor_bottom",
		"bottom": "block/sculk_sensor_bottom",
		"side": "block/sculk_sensor_side",
		"calibrated_side": "block/calibrated_sculk_sensor_input_side",
		"tendrils": "block/sculk_sensor_tendril_inactive",
		"top": "block/calibrated_sculk_sensor_top"
	},
	"elements": [
		{
			"from": [0, 0, 0],
			"to": [16, 8, 16],
			"faces": {
				"north": {"uv": [0, 8, 16, 16], "texture": "#side", "cullface": "north"},
				"east": {"uv": [0, 8, 16, 16], "texture": "#side", "cullface": "east"},
				"south": {"uv": [0, 8, 16, 16], "texture": "#calibrated_side", "cullface": "south"},
				"west": {"uv": [0, 8, 16, 16], "texture": "#side", "cullface": "west"},
				"up": {"uv": [0, 0, 16, 16], "texture": "#top"},
				"down": {"uv": [0, 0, 16, 16], "texture": "#bottom", "cullface": "down"}
			}
		},
		{
			"from": [-1, 8, 3],
			"to": [7, 16, 3],
			"rotation": {"angle": 45, "axis": "y", "origin": [3, 12, 3]},
			"faces": {
				"north": {"uv": [4, 8, 12, 16], "texture": "#tendrils"},
				"south": {"uv": [12, 8, 4, 16], "texture": "#tendrils"}
			}
		},
		{
			"from": [9, 8, 3],
			"to": [17, 16, 3],
			"rotation": {"angle": -45, "axis": "y", "origin": [13, 12, 3]},
			"faces": {
				"north": {"uv": [12, 8, 4, 16], "texture": "#tendrils"},
				"south": {"uv": [4, 8, 12, 16], "texture": "#tendrils"}
			}
		},
		{
			"from": [9, 8, 13],
			"to": [17, 16, 13],
			"rotation": {"angle": 45, "axis": "y", "origin": [13, 12, 13]},
			"faces": {
				"north": {"uv": [12, 8, 4, 16], "texture": "#tendrils"},
				"south": {"uv": [4, 8, 12, 16], "texture": "#tendrils"}
			}
		},
		{
			"from": [-1, 8, 13],
			"to": [7, 16, 13],
			"rotation": {"angle": -45, "axis": "y", "origin": [3, 12, 13]},
			"faces": {
				"north": {"uv": [4, 8, 12, 16], "texture": "#tendrils"},
				"south": {"uv": [12, 8, 4, 16], "texture": "#tendrils"}
			}
		},
		{
			"from": [6, 8, 4.5],
			"to": [9, 21, 7.5],
			"rotation": {"angle": 0, "axis": "y", "origin": [1, 8, 0.5]},
			"faces": {
				"north": {"uv": [13, 0, 10, 13], "texture": "#0"},
				"east": {"uv": [10, 0, 13, 13], "texture": "#0"},
				"south": {"uv": [13, 0, 10, 13], "texture": "#0"},
				"west": {"uv": [10, 0, 13, 13], "texture": "#0"},
				"up": {"uv": [13, 0, 16, 3], "texture": "#0"},
				"down": {"uv": [13, 3, 16, 6], "texture": "#0"}
			}
		},
		{
			"from": [8, 8, 6.5],
			"to": [11, 17, 9.5],
			"rotation": {"angle": 0, "axis": "y", "origin": [1, 8, 0.5]},
			"faces": {
				"north": {"uv": [13, 0, 10, 9], "texture": "#0"},
				"east": {"uv": [10, 0, 13, 9], "texture": "#0"},
				"south": {"uv": [13, 0, 10, 9], "texture": "#0"},
				"west": {"uv": [10, 0, 13, 9], "texture": "#0"},
				"up": {"uv": [13, 0, 16, 3], "texture": "#0"},
				"down": {"uv": [13, 3, 16, 6], "texture": "#0"}
			}
		},
		{
			"from": [6, 8, 6.5],
			"to": [9, 15, 9.5],
			"rotation": {"angle": 22.5, "axis": "x", "origin": [1, 8, 0.5]},
			"faces": {
				"north": {"uv": [13, 0, 10, 7], "texture": "#0"},
				"east": {"uv": [10, 0, 13, 7], "texture": "#0"},
				"south": {"uv": [13, 0, 10, 7], "texture": "#0"},
				"west": {"uv": [10, 0, 13, 7], "texture": "#0"},
				"up": {"uv": [13, 0, 16, 3], "texture": "#0"},
				"down": {"uv": [13, 3, 16, 6], "texture": "#0"}
			}
		}
	],
	"gui_light": "front",
	"display": {
		"thirdperson_lefthand": {
			"rotation": [75, -45, 0],
			"translation": [0, 2.5, 0],
			"scale": [0.375, 0.375, 0.375]
		},
		"gui": {
			"rotation": [30, 45, 0],
			"scale": [0.625, 0.625, 0.625]
		},
		"head": {
			"rotation": [0, -180, 0]
		}
	}
}