{
	"credit": "Made with Blockbench",
	"textures": {
		"0": "block/amethyst_crystal",
		"particle": "block/break/amethyst_crystal"
	},
	"elements": [
		{
			"from": [8, 0.001, 9],
			"to": [11, 11.001, 12],
			"rotation": {"angle": 0, "axis": "y", "origin": [8, 0, 8]},
			"faces": {
				"north": {"uv": [3, 0, 0, 11], "texture": "#0"},
				"east": {"uv": [0, 0, 3, 11], "texture": "#0"},
				"south": {"uv": [3, 0, 0, 11], "texture": "#0"},
				"west": {"uv": [0, 0, 3, 11], "texture": "#0"},
				"up": {"uv": [3, 0, 6, 3], "rotation": 180, "texture": "#0"},
				"down": {"uv": [3, 3, 6, 6], "rotation": 180, "texture": "#0"}
			}
		},
		{
			"from": [6, 0, 7],
			"to": [9, 7, 10],
			"rotation": {"angle": 0, "axis": "y", "origin": [8, 0, 8]},
			"faces": {
				"north": {"uv": [3, 0, 0, 7], "texture": "#0"},
				"east": {"uv": [0, 0, 3, 7], "texture": "#0"},
				"south": {"uv": [3, 0, 0, 7], "texture": "#0"},
				"west": {"uv": [0, 0, 3, 7], "texture": "#0"},
				"up": {"uv": [3, 0, 6, 3], "rotation": 180, "texture": "#0"},
				"down": {"uv": [3, 3, 6, 6], "rotation": 180, "texture": "#0"}
			}
		},
		{
			"from": [5, -0.06147, 4.39104],
			"to": [8, 4.93853, 7.39104],
			"rotation": {"angle": -22.5, "axis": "x", "origin": [8, 0, 8]},
			"faces": {
				"north": {"uv": [3, 0, 0, 5], "texture": "#0"},
				"east": {"uv": [0, 0, 3, 7], "texture": "#0"},
				"south": {"uv": [3, 0, 0, 5], "texture": "#0"},
				"west": {"uv": [0, 0, 3, 5], "texture": "#0"},
				"up": {"uv": [3, 0, 6, 3], "rotation": 180, "texture": "#0"},
				"down": {"uv": [3, 3, 6, 6], "rotation": 180, "texture": "#0"}
			}
		},
		{
			"from": [10, 0.06147, 8.39104],
			"to": [13, 7.06147, 11.39104],
			"rotation": {"angle": 22.5, "axis": "x", "origin": [8, 0, 8]},
			"faces": {
				"north": {"uv": [3, 0, 0, 7], "texture": "#0"},
				"east": {"uv": [0, 0, 3, 7], "texture": "#0"},
				"south": {"uv": [3, 0, 0, 7], "texture": "#0"},
				"west": {"uv": [0, 0, 3, 7], "texture": "#0"},
				"up": {"uv": [3, 0, 6, 3], "rotation": 180, "texture": "#0"},
				"down": {"uv": [3, 3, 6, 6], "rotation": 180, "texture": "#0"}
			}
		},
		{
			"from": [8, 0.001, 5],
			"to": [11, 2.001, 8],
			"rotation": {"angle": 0, "axis": "y", "origin": [8, 0, 8]},
			"faces": {
				"north": {"uv": [3, 0, 0, 2], "texture": "#0"},
				"east": {"uv": [0, 0, 3, 2], "texture": "#0"},
				"south": {"uv": [3, 0, 0, 2], "texture": "#0"},
				"west": {"uv": [0, 0, 3, 2], "texture": "#0"},
				"up": {"uv": [3, 0, 6, 3], "rotation": 180, "texture": "#0"},
				"down": {"uv": [3, 3, 6, 6], "rotation": 180, "texture": "#0"}
			}
		}
	]
}