{
	"credit": "Made with Blockbench",
	"textures": {
		"spyglass": "item/spyglass_model"
	},
	"elements": [
		{
			"from": [7, 8.5, 7],
			"to": [9, 13.5, 9],
			"faces": {
				"north": {"uv": [0, 2, 2, 7], "texture": "#spyglass"},
				"east": {"uv": [7.5, 2, 9.5, 7], "texture": "#spyglass"},
				"south": {"uv": [5, 2, 7, 7], "texture": "#spyglass"},
				"west": {"uv": [2.5, 2, 4.5, 7], "texture": "#spyglass"},
				"up": {"uv": [0, 0, 2, 2], "texture": "#spyglass"}
			}
		},
		{
			"from": [6.9, 8, 6.9],
			"to": [9.1, 10.5, 9.1],
			"faces": {
				"north": {"uv": [10, 2, 12, 4.5], "texture": "#spyglass"},
				"east": {"uv": [12.5, 2, 14.5, 4.5], "texture": "#spyglass"},
				"south": {"uv": [10, 2, 12, 4.5], "texture": "#spyglass"},
				"west": {"uv": [12.5, 2, 14.5, 4.5], "texture": "#spyglass"},
				"up": {"uv": [10, 0, 12, 2], "texture": "#spyglass"}
			}
		},
		{
			"from": [6.8, 2, 6.8],
			"to": [9.2, 8, 9.2],
			"faces": {
				"north": {"uv": [7.5, 7.5, 9.5, 13.5], "texture": "#spyglass"},
				"east": {"uv": [5, 7.5, 7, 13.5], "texture": "#spyglass"},
				"south": {"uv": [2.5, 7.5, 4.5, 13.5], "texture": "#spyglass"},
				"west": {"uv": [0, 7.5, 2, 13.5], "texture": "#spyglass"},
				"up": {"uv": [2.5, 0, 4.5, 2], "texture": "#spyglass"},
				"down": {"uv": [0, 13.5, 2, 15.5], "texture": "#spyglass"}
			}
		}
	],
	"gui_light": "front",
	"display": {
		"thirdperson_righthand": {
			"translation": [0, -2.75, 0]
		},
		"thirdperson_lefthand": {
			"translation": [0, -2.75, 0]
		},
		"ground": {
			"rotation": [90, 0, 0]
		},
		"gui": {
			"rotation": [-67.5, 0, 45],
			"translation": [-0.5, 0, 0],
			"scale": [1.5, 1.5, 1.5]
		},
		"head": {
			"rotation": [90, 0, 0],
			"translation": [0, 0, -16],
			"scale": [1.6, 1.6, 1.6]
		},
		"fixed": {
			"translation": [0, 0.5, -1.5],
			"scale": [1.5, 1.5, 1.5]
		}
	}
}