{
"multipart":[
{"apply":[{"model":"block/flower_pot"}]},


{"apply":[{"model": "block/potted_blue_orchid"},
    {"model": "block/potted_blue_orchid", "y": 90},
    {"model": "block/potted_blue_orchid", "y": 180},
    {"model": "block/potted_blue_orchid", "y": 270},
    
    {"model": "block/potted_blue_orchid1"},
    {"model": "block/potted_blue_orchid1", "y": 90},
    {"model": "block/potted_blue_orchid1", "y": 180},
    {"model": "block/potted_blue_orchid1", "y": 270},
    
    {"model": "block/potted_blue_orchid2"},
    {"model": "block/potted_blue_orchid2", "y": 90},
    {"model": "block/potted_blue_orchid2", "y": 180},
    {"model": "block/potted_blue_orchid2", "y": 270}]}
]
}