{
	"credit": "Made with Blockbench",
	"parent": "glass_bottle",
	"textures": {
		"1": "block/nether_portal",
		"3": "item/glass_bottle",
		"particle": "item/glass_bottle"
	},
	"elements": [
		{
			"name": "glass_bottle",
			"from": [6, 12, 6.25],
			"to": [10, 13, 10.25],
			"rotation": {"angle": 0, "axis": "y", "origin": [14, 20, 14.25]},
			"faces": {
				"north": {"uv": [11, 0, 15, 1], "texture": "#3"},
				"east": {"uv": [11, 0, 15, 1], "texture": "#3"},
				"south": {"uv": [11, 0, 15, 1], "texture": "#3"},
				"west": {"uv": [11, 0, 15, 1], "texture": "#3"},
				"up": {"uv": [11, 0, 15, 4], "texture": "#3"},
				"down": {"uv": [11, 0, 15, 4], "texture": "#3"}
			}
		},
		{
			"name": "glass_bottle",
			"from": [7, 11, 7.25],
			"to": [9, 12, 9.25],
			"rotation": {"angle": 0, "axis": "y", "origin": [14.75, 19, 15]},
			"faces": {
				"north": {"uv": [11, 0, 13, 1], "texture": "#3"},
				"east": {"uv": [11, 0, 13, 1], "texture": "#3"},
				"south": {"uv": [11, 0, 13, 1], "texture": "#3"},
				"west": {"uv": [11, 0, 13, 1], "texture": "#3"},
				"down": {"uv": [11, 0, 13, 2], "texture": "#3"}
			}
		},
		{
			"name": "glass_bottle",
			"from": [6.5, 9, 6.75],
			"to": [9.5, 12, 9.75],
			"rotation": {"angle": 0, "axis": "y", "origin": [14.5, 17, 17.75]},
			"faces": {
				"north": {"uv": [7.5, 0, 10.5, 3], "texture": "#3"},
				"east": {"uv": [7.5, 0, 10.5, 3], "texture": "#3"},
				"south": {"uv": [7.5, 0, 10.5, 3], "texture": "#3"},
				"west": {"uv": [7.5, 0, 10.5, 3], "texture": "#3"}
			}
		},
		{
			"name": "glass_bottle",
			"from": [9.5, 9, 6.75],
			"to": [6.5, 12, 9.75],
			"rotation": {"angle": 0, "axis": "y", "origin": [14.5, 17, 17.75]},
			"faces": {
				"north": {"uv": [10.5, 0, 7.5, 3], "texture": "#3"},
				"east": {"uv": [10.5, 0, 7.5, 3], "texture": "#3"},
				"south": {"uv": [10.5, 0, 7.5, 3], "texture": "#3"},
				"west": {"uv": [10.5, 0, 7.5, 3], "texture": "#3"}
			}
		},
		{
			"name": "glass_bottle",
			"from": [4.5, 0, 4.75],
			"to": [11.5, 9, 11.75],
			"rotation": {"angle": 0, "axis": "y", "origin": [12.5, 8, 12.75]},
			"faces": {
				"north": {"uv": [7.5, 4, 14.5, 13], "texture": "#3"},
				"east": {"uv": [7.5, 4, 14.5, 13], "texture": "#3"},
				"south": {"uv": [7.5, 4, 14.5, 13], "texture": "#3"},
				"west": {"uv": [7.5, 4, 14.5, 13], "texture": "#3"},
				"up": {"uv": [0, 0, 7, 7], "texture": "#3"},
				"down": {"uv": [0, 0, 7, 7], "texture": "#3"}
			}
		},
		{
			"name": "glass_bottle",
			"from": [11.5, 0, 4.75],
			"to": [4.5, 9, 11.75],
			"rotation": {"angle": 0, "axis": "y", "origin": [12.5, 8, 12.75]},
			"faces": {
				"north": {"uv": [14.5, 4, 7.5, 13], "texture": "#3"},
				"east": {"uv": [14.5, 4, 7.5, 13], "texture": "#3"},
				"south": {"uv": [14.5, 4, 7.5, 13], "texture": "#3"},
				"west": {"uv": [14.5, 4, 7.5, 13], "texture": "#3"},
				"up": {"uv": [7, 0, 0, 7], "texture": "#3"},
				"down": {"uv": [7, 0, 0, 7], "texture": "#3"}
			}
		},
		{
			"name": "dragon_breath",
			"from": [5, 0.5, 5.25],
			"to": [11, 8.5, 11.25],
			"rotation": {"angle": 0, "axis": "y", "origin": [13, 8.1, 13.25]},
			"faces": {
				"north": {"uv": [4, 3, 10, 11], "texture": "#1"},
				"east": {"uv": [6, 4, 12, 12], "texture": "#1"},
				"south": {"uv": [4, 3, 10, 11], "texture": "#1"},
				"west": {"uv": [4, 4, 10, 12], "texture": "#1"},
				"up": {"uv": [4, 5, 10, 11], "texture": "#1"},
				"down": {"uv": [4, 5, 10, 11], "texture": "#1"}
			}
		}
	],
	"display": {
		"thirdperson_righthand": {
			"translation": [0, 2, -1.5],
			"scale": [0.5, 0.5, 0.5]
		},
		"thirdperson_lefthand": {
			"translation": [0, 2, -1.5],
			"scale": [0.5, 0.5, 0.5]
		},
		"firstperson_righthand": {
			"rotation": [-13, 17, 0],
			"translation": [0.75, 0, 0],
			"scale": [0.8, 0.8, 0.8]
		},
		"firstperson_lefthand": {
			"rotation": [-13, 17, 0],
			"translation": [0.75, 0, 0],
			"scale": [0.8, 0.8, 0.8]
		},
		"ground": {
			"translation": [0, 2, 0],
			"scale": [0.5, 0.5, 0.5]
		},
		"gui": {
			"rotation": [30, -45, 0],
			"translation": [0, 0.25, 0],
			"scale": [0.8, 0.8, 0.8]
		},
		"head": {
			"translation": [0, 14.5, 0]
		},
		"fixed": {
			"translation": [0, 1.5, 0]
		}
	}
}