{
	"credit": "Made with Blockbench",
	"parent": "glass_bottle",
	"textures": {
		"4": "item/glass_bottle",
		"5": "item/potion_bottle",
		"particle": "item/glass_bottle",
		"layer0": "block/water_still"
	},
	"elements": [
		{
			"name": "glass_bottle",
			"from": [6, 11, 6.25],
			"to": [10, 12, 10.25],
			"rotation": {"angle": 0, "axis": "y", "origin": [14, 20, 14.25]},
			"faces": {
				"north": {"uv": [11, 0, 15, 1], "texture": "#4"},
				"east": {"uv": [11, 0, 15, 1], "texture": "#4"},
				"south": {"uv": [11, 0, 15, 1], "texture": "#4"},
				"west": {"uv": [11, 0, 15, 1], "texture": "#4"},
				"up": {"uv": [11, 0, 15, 4], "texture": "#4"},
				"down": {"uv": [11, 0, 15, 4], "texture": "#4"}
			}
		},
		{
			"name": "glass_bottle",
			"from": [7, 10, 7.25],
			"to": [9, 11, 9.25],
			"rotation": {"angle": 0, "axis": "y", "origin": [14.75, 19, 15]},
			"faces": {
				"north": {"uv": [11, 0, 13, 1], "texture": "#4"},
				"east": {"uv": [11, 0, 13, 1], "texture": "#4"},
				"south": {"uv": [11, 0, 13, 1], "texture": "#4"},
				"west": {"uv": [11, 0, 13, 1], "texture": "#4"},
				"down": {"uv": [11, 0, 13, 2], "texture": "#4"}
			}
		},
		{
			"name": "glass_bottle",
			"from": [6.5, 6, 6.75],
			"to": [9.5, 11, 9.75],
			"rotation": {"angle": 0, "axis": "y", "origin": [14.5, 17, 14.75]},
			"faces": {
				"north": {"uv": [7, 0, 10, 5], "texture": "#5"},
				"east": {"uv": [7, 0, 10, 5], "texture": "#5"},
				"south": {"uv": [7, 0, 10, 5], "texture": "#5"},
				"west": {"uv": [7, 0, 10, 5], "texture": "#5"}
			}
		},
		{
			"name": "glass_bottle",
			"from": [9.5, 6, 6.75],
			"to": [6.5, 11, 9.75],
			"rotation": {"angle": 0, "axis": "y", "origin": [14.5, 17, 14.75]},
			"faces": {
				"north": {"uv": [10, 0, 7, 5], "texture": "#5"},
				"east": {"uv": [10, 0, 7, 5], "texture": "#5"},
				"south": {"uv": [10, 0, 7, 5], "texture": "#5"},
				"west": {"uv": [10, 0, 7, 5], "texture": "#5"}
			}
		},
		{
			"name": "glass_bottle",
			"from": [5, 0, 5.25],
			"to": [11, 6, 11.25],
			"rotation": {"angle": 0, "axis": "y", "origin": [12.5, 17, 12.75]},
			"faces": {
				"north": {"uv": [3.5, 5.5, 9.5, 11.5], "texture": "#5"},
				"east": {"uv": [3.5, 5.5, 9.5, 11.5], "texture": "#5"},
				"south": {"uv": [3.5, 5.5, 9.5, 11.5], "texture": "#5"},
				"west": {"uv": [3.5, 5.5, 9.5, 11.5], "texture": "#5"},
				"up": {"uv": [3.5, 5.5, 9.5, 11.5], "texture": "#5"},
				"down": {"uv": [3.5, 5.5, 9.5, 11.5], "texture": "#5"}
			}
		},
		{
			"name": "glass_bottle",
			"from": [11, 0, 5.25],
			"to": [5, 6, 11.25],
			"rotation": {"angle": 0, "axis": "y", "origin": [12.5, 17, 12.75]},
			"faces": {
				"north": {"uv": [9.5, 5.5, 3.5, 11.5], "texture": "#5"},
				"east": {"uv": [9.5, 5.5, 3.5, 11.5], "texture": "#5"},
				"south": {"uv": [9.5, 5.5, 3.5, 11.5], "texture": "#5"},
				"west": {"uv": [9.5, 5.5, 3.5, 11.5], "texture": "#5"},
				"up": {"uv": [9.5, 5.5, 3.5, 11.5], "texture": "#5"},
				"down": {"uv": [9.5, 5.5, 3.5, 11.5], "texture": "#5"}
			}
		},
		{
			"name": "Liquid",
			"from": [5.5, 0.5, 5.75],
			"to": [10.5, 4.5, 10.75],
			"rotation": {"angle": 0, "axis": "y", "origin": [9, 3, 5.5]},
			"faces": {
				"north": {"uv": [5.25, 6.375, 10.75, 10.375], "texture": "#layer0", "tintindex": 0},
				"east": {"uv": [5.25, 6.375, 10.75, 10.375], "texture": "#layer0", "tintindex": 0},
				"south": {"uv": [5.25, 6.375, 10.75, 10.375], "texture": "#layer0", "tintindex": 0},
				"west": {"uv": [5.25, 6.375, 10.75, 10.375], "texture": "#layer0", "tintindex": 0},
				"up": {"uv": [5.25, 6.375, 10.75, 11.875], "texture": "#layer0", "tintindex": 0},
				"down": {"uv": [5.25, 6.375, 10.75, 11.875], "texture": "#layer0", "tintindex": 0}
			}
		}
	],
	"display": {
		"thirdperson_righthand": {
			"translation": [0, 2, -1.5],
			"scale": [0.5, 0.5, 0.5]
		},
		"thirdperson_lefthand": {
			"translation": [0, 2, -1.5],
			"scale": [0.5, 0.5, 0.5]
		},
		"firstperson_righthand": {
			"rotation": [-13, 17, 0],
			"translation": [0.75, 0, 0],
			"scale": [0.8, 0.8, 0.8]
		},
		"firstperson_lefthand": {
			"rotation": [-13, 17, 0],
			"translation": [0.75, 0, 0],
			"scale": [0.8, 0.8, 0.8]
		},
		"ground": {
			"translation": [0, 2, 0],
			"scale": [0.5, 0.5, 0.5]
		},
		"gui": {
			"rotation": [30, -45, 0],
			"translation": [0, 0.25, 0],
			"scale": [0.8, 0.8, 0.8]
		},
		"head": {
			"translation": [0, 14.5, 0]
		},
		"fixed": {
			"translation": [0, 1.5, 0]
		}
	}
}