{
	"credit": "Made with Blockbench",
	"parent": "glass_bottle",
	"textures": {
		"2": "item/potion_bottle",
		"4": "item/glass_bottle",
		"particle": "item/glass_bottle",
		"layer0": "block/water_still"
	},
	"elements": [
		{
			"name": "glass_bottle",
			"from": [6, 10, 6.25],
			"to": [10, 11, 10.25],
			"rotation": {"angle": 0, "axis": "y", "origin": [14, 20, 14.25]},
			"faces": {
				"north": {"uv": [11, 0, 15, 1], "texture": "#4"},
				"east": {"uv": [11, 0, 15, 1], "texture": "#4"},
				"south": {"uv": [11, 0, 15, 1], "texture": "#4"},
				"west": {"uv": [11, 0, 15, 1], "texture": "#4"},
				"up": {"uv": [11, 0, 15, 4], "texture": "#4"},
				"down": {"uv": [11, 0, 15, 4], "texture": "#4"}
			}
		},
		{
			"name": "glass_bottle",
			"from": [7, 9, 7.25],
			"to": [9, 10, 9.25],
			"rotation": {"angle": 0, "axis": "y", "origin": [14.75, 19, 15]},
			"faces": {
				"north": {"uv": [11, 0, 13, 1], "texture": "#4"},
				"east": {"uv": [11, 0, 13, 1], "texture": "#4"},
				"south": {"uv": [11, 0, 13, 1], "texture": "#4"},
				"west": {"uv": [11, 0, 13, 1], "texture": "#4"},
				"down": {"uv": [11, 0, 13, 2], "texture": "#4"}
			}
		},
		{
			"name": "glass_bottle",
			"from": [6.5, 0, 6.75],
			"to": [9.5, 10, 9.75],
			"rotation": {"angle": 0, "axis": "y", "origin": [14.5, 17, 14.75]},
			"faces": {
				"north": {"uv": [0, 0, 3, 10], "texture": "#2"},
				"east": {"uv": [0, 0, 3, 10], "texture": "#2"},
				"south": {"uv": [0, 0, 3, 10], "texture": "#2"},
				"west": {"uv": [0, 0, 3, 10], "texture": "#2"},
				"down": {"uv": [3.5, 0, 6.5, 3], "texture": "#2"}
			}
		},
		{
			"name": "glass_bottle",
			"from": [9.5, 0, 6.75],
			"to": [6.5, 10, 9.75],
			"rotation": {"angle": 0, "axis": "y", "origin": [14.5, 17, 14.75]},
			"faces": {
				"north": {"uv": [3, 0, 0, 10], "texture": "#2"},
				"east": {"uv": [3, 0, 0, 10], "texture": "#2"},
				"south": {"uv": [3, 0, 0, 10], "texture": "#2"},
				"west": {"uv": [3, 0, 0, 10], "texture": "#2"},
				"down": {"uv": [6.5, 0, 3.5, 3], "texture": "#2"}
			}
		},
		{
			"name": "Liquid",
			"from": [7, 0.5, 7.25],
			"to": [9, 6.5, 9.25],
			"rotation": {"angle": 0, "axis": "y", "origin": [10.25, 4, 6.75]},
			"faces": {
				"north": {"uv": [6.25, 3.25, 8.25, 9.25], "texture": "#layer0", "tintindex": 0},
				"east": {"uv": [6.25, 3.25, 8.25, 9.25], "texture": "#layer0", "tintindex": 0},
				"south": {"uv": [6.25, 3.25, 8.25, 9.25], "texture": "#layer0", "tintindex": 0},
				"west": {"uv": [6.25, 3.25, 8.25, 9.25], "texture": "#layer0", "tintindex": 0},
				"up": {"uv": [6.25, 3.25, 8.25, 5.25], "texture": "#layer0", "tintindex": 0},
				"down": {"uv": [6.25, 3.25, 8.25, 5.25], "texture": "#layer0", "tintindex": 0}
			}
		}
	],
	"display": {
		"thirdperson_righthand": {
			"translation": [0, 2, -0.5],
			"scale": [0.5, 0.5, 0.5]
		},
		"thirdperson_lefthand": {
			"translation": [0, 2, -0.5],
			"scale": [0.5, 0.5, 0.5]
		},
		"firstperson_righthand": {
			"rotation": [-13, 17, 0],
			"translation": [0.75, 0, 0],
			"scale": [0.8, 0.8, 0.8]
		},
		"firstperson_lefthand": {
			"rotation": [-13, 17, 0],
			"translation": [0.75, 0, 0],
			"scale": [0.8, 0.8, 0.8]
		},
		"ground": {
			"translation": [0, 2, 0],
			"scale": [0.5, 0.5, 0.5]
		},
		"gui": {
			"rotation": [30, -45, 0],
			"translation": [0, 0.25, 0],
			"scale": [0.8, 0.8, 0.8]
		},
		"head": {
			"translation": [0, 14.5, 0]
		},
		"fixed": {
			"translation": [0, 1.5, 0]
		}
	}
}