{
    "pools": [
      {
        "rolls": 1,
        "entries": [
          {
            "type": "minecraft:item",
            "name": "minecraft:player_head",
            "functions": [
              {
                "function": "minecraft:set_nbt",
                "tag": "{plushpets:{plush:\"true\"},display:{Name:'{\"text\":\"Plush Egg\",\"italic\":false,\"color\":\"aqua\"}'},SkullOwner:{Id:[I;-1059486911,-1871885820,-1311224596,1015123636],Properties:{textures:[{Value:\"eyJ0ZXh0dXJlcyI6eyJTS0lOIjp7InVybCI6Imh0dHA6Ly90ZXh0dXJlcy5taW5lY3JhZnQubmV0L3RleHR1cmUvNTkwYWExMzJiYzM3YzY1ZTY2NGFlMDMzNmUzNzYzMDRlZmFhNGQ0NTk0YjY3OGQ0ODkxYjMxOTZmOTRhMTRiZSJ9fX0=\"}]}}}"
              }
            ]
          }
        ]
      }
    ]
  }