{
	"credit": "Made with Blockbench",
	"textures": {
		"0": "block/amethyst_crystal",
		"particle": "block/break/amethyst_crystal"
	},
	"elements": [
		{
			"from": [8, 0.001, 7],
			"to": [11, 16.001, 10],
			"rotation": {"angle": 0, "axis": "y", "origin": [3, 0, 3]},
			"faces": {
				"north": {"uv": [13, 0, 10, 16], "texture": "#0"},
				"east": {"uv": [10, 0, 13, 16], "texture": "#0"},
				"south": {"uv": [13, 0, 10, 16], "texture": "#0"},
				"west": {"uv": [10, 0, 13, 16], "texture": "#0"},
				"up": {"uv": [13, 0, 16, 3], "texture": "#0"},
				"down": {"uv": [13, 3, 16, 6], "texture": "#0"}
			}
		},
		{
			"from": [6, -3, 7],
			"to": [9, 9, 10],
			"rotation": {"angle": -22.5, "axis": "x", "origin": [3, 0, 3]},
			"faces": {
				"north": {"uv": [13, 0, 10, 12], "texture": "#0"},
				"east": {"uv": [10, 0, 13, 12], "texture": "#0"},
				"south": {"uv": [13, 0, 10, 12], "texture": "#0"},
				"west": {"uv": [10, 0, 13, 12], "texture": "#0"},
				"up": {"uv": [13, 0, 16, 3], "texture": "#0"},
				"down": {"uv": [13, 3, 16, 6], "texture": "#0"}
			}
		}
	],
	"display": {
		"thirdperson_righthand": {
			"rotation": [0, 45, 0],
			"translation": [0, 2.5, 0],
			"scale": [0.375, 0.375, 0.375]
		},
		"thirdperson_lefthand": {
			"rotation": [0, 45, 0],
			"translation": [0, 2.5, 0],
			"scale": [0.375, 0.375, 0.375]
		},
		"firstperson_righthand": {
			"rotation": [0, 45, 0],
			"translation": [0, 2, 0],
			"scale": [0.4, 0.4, 0.4]
		},
		"firstperson_lefthand": {
			"rotation": [0, 45, 0],
			"translation": [0, 2, 0],
			"scale": [0.4, 0.4, 0.4]
		},
		"ground": {
			"translation": [0, 3, 0],
			"scale": [0.25, 0.25, 0.25]
		},
		"gui": {
			"rotation": [30, 225, 0],
			"translation": [0, 0.25, 0],
			"scale": [0.8, 0.8, 0.8]
		},
		"head": {
			"translation": [0, 14, 0]
		},
		"fixed": {
			"rotation": [0, -90, 0],
			"translation": [0, 0, 0.25],
			"scale": [0.5, 0.5, 0.5]
		}
	}
}