{
	"credit": "Made with Blockbench",
	"textures": {
		"0": "block/amethyst_crystal"
	},
	"elements": [
		{
			"from": [5, 0.001, 4],
			"to": [8, 9.001, 7],
			"faces": {
				"north": {"uv": [3, 0, 0, 9], "texture": "#0"},
				"east": {"uv": [0, 0, 3, 9], "texture": "#0"},
				"south": {"uv": [3, 0, 0, 9], "texture": "#0"},
				"west": {"uv": [0, 0, 3, 9], "texture": "#0"},
				"up": {"uv": [3, 0, 6, 3], "texture": "#0"},
				"down": {"uv": [3, 3, 6, 6], "texture": "#0"}
			}
		},
		{
			"from": [7, 0, 6],
			"to": [10, 5, 9],
			"faces": {
				"north": {"uv": [3, 0, 0, 5], "texture": "#0"},
				"east": {"uv": [0, 0, 3, 5], "texture": "#0"},
				"south": {"uv": [3, 0, 0, 5], "texture": "#0"},
				"west": {"uv": [0, 0, 3, 5], "texture": "#0"},
				"up": {"uv": [3, 0, 6, 3], "texture": "#0"},
				"down": {"uv": [3, 3, 6, 6], "texture": "#0"}
			}
		},
		{
			"from": [8, 3, 8],
			"to": [11, 6, 11],
			"rotation": {"angle": 22.5, "axis": "x", "origin": [0, 0, 0]},
			"faces": {
				"north": {"uv": [3, 0, 0, 3], "texture": "#0"},
				"east": {"uv": [0, 0, 3, 3], "texture": "#0"},
				"south": {"uv": [3, 0, 0, 3], "texture": "#0"},
				"west": {"uv": [0, 0, 3, 3], "texture": "#0"},
				"up": {"uv": [3, 0, 6, 3], "texture": "#0"},
				"down": {"uv": [3, 3, 6, 6], "texture": "#0"}
			}
		},
		{
			"from": [3, -3, 4],
			"to": [6, 2, 7],
			"rotation": {"angle": -22.5, "axis": "x", "origin": [0, 0, 0]},
			"faces": {
				"north": {"uv": [3, 0, 0, 5], "texture": "#0"},
				"east": {"uv": [0, 0, 3, 5], "texture": "#0"},
				"south": {"uv": [3, 0, 0, 5], "texture": "#0"},
				"west": {"uv": [0, 0, 3, 5], "texture": "#0"},
				"up": {"uv": [3, 0, 6, 3], "texture": "#0"},
				"down": {"uv": [3, 3, 6, 6], "texture": "#0"}
				}
			}
		],
		"display": {
			"thirdperson_righthand": {
				"rotation": [0, 45, 0],
				"translation": [0, 2.5, 0],
				"scale": [0.375, 0.375, 0.375]
			},
			"thirdperson_lefthand": {
				"rotation": [0, 45, 0],
				"translation": [0, 2.5, 0],
				"scale": [0.375, 0.375, 0.375]
			},
			"firstperson_righthand": {
				"rotation": [0, 45, 0],
				"translation": [0, 2, 0],
				"scale": [0.4, 0.4, 0.4]
			},
			"firstperson_lefthand": {
				"rotation": [0, 45, 0],
				"translation": [0, 2, 0],
				"scale": [0.4, 0.4, 0.4]
			},
			"ground": {
				"translation": [0, 3, 0],
				"scale": [0.25, 0.25, 0.25]
			},
			"gui": {
				"rotation": [30, 225, 0],
				"scale": [0.625, 0.625, 0.625]
			},
			"head": {
				"translation": [0, 14, 0]
			},
			"fixed": {
				"scale": [0.5, 0.5, 0.5]
			}
		}
	}