{
    "pools": [
      {
        "rolls": 1,
        "entries": [
          {
            "type": "minecraft:item",
            "name": "minecraft:player_head",
            "functions": [
              {
                "function": "minecraft:set_nbt",
                "tag": "{plushpets:{plush:\"true\"},display:{Name:'{\"text\":\"Alex Plush\",\"italic\":false,\"color\":\"aqua\"}'},SkullOwner:{Id:[I;-1042875197,2130332210,-1968490269,608847136],Properties:{textures:[{Value:\"eyJ0ZXh0dXJlcyI6eyJTS0lOIjp7InVybCI6Imh0dHA6Ly90ZXh0dXJlcy5taW5lY3JhZnQubmV0L3RleHR1cmUvYzFjZDI3NjJhY2I0YjQyNzhjZjExMTc2YTVmODc3OTlmOTNhMWQ5MTE2Y2IzY2I1N2VlNGQxZTYwMTM0NTg4In19fQ==\"}]}}}"
              }
            ]
          }
        ]
      }
    ]
  }