{
    "pools": [
      {
        "rolls": 1,
        "entries": [
          {
            "type": "minecraft:item",
            "name": "minecraft:player_head",
            "functions": [
              {
                "function": "minecraft:set_nbt",
                "tag": "{plushpets:{plush:\"true\"},display:{Name:'{\"text\":\"Allay Plush\",\"italic\":false,\"color\":\"aqua\"}'},SkullOwner:{Id:[I;1757596527,-1713617369,-1610464598,1939235283],Properties:{textures:[{Value:\"eyJ0ZXh0dXJlcyI6eyJTS0lOIjp7InVybCI6Imh0dHA6Ly90ZXh0dXJlcy5taW5lY3JhZnQubmV0L3RleHR1cmUvZTU1Mjc3Mjc3MDlmMDhiYjVmOTFhYWM4NTBmZTZmOTQ0YzViYzM0OGEwODBiM2I1NjNkNDQ5YzcyYjgxYmY4NiJ9fX0=\"}]}}}"
              }
            ]
          }
        ]
      }
    ]
  }