{
    "pools": [
      {
        "rolls": 1,
        "entries": [
          {
            "type": "minecraft:item",
            "name": "minecraft:player_head",
            "functions": [
              {
                "function": "minecraft:set_nbt",
                "tag": "{plushpets:{plush:\"true\"},display:{Name:'{\"text\":\"Axolotl Plush\",\"italic\":false,\"color\":\"aqua\"}'},SkullOwner:{Id:[I;-1838036093,-752926507,-1093631481,1872461113],Properties:{textures:[{Value:\"eyJ0ZXh0dXJlcyI6eyJTS0lOIjp7InVybCI6Imh0dHA6Ly90ZXh0dXJlcy5taW5lY3JhZnQubmV0L3RleHR1cmUvNzg3Mjg2MGRhNGQ0NWNlNDNkMWI5ZDAyMzQ0NDJjMDNhOTE3NjVkOThhM2JiMTVmNzMzZTNjZWE1MmFmNWYxOCJ9fX0=\"}]}}}"
              }
            ]
          }
        ]
      }
    ]
  }