{
  "pools": [
    {
      "rolls": 1,
      "entries": [
        {
          "type": "minecraft:item",
          "name": "minecraft:player_head",
          "functions": [
            {
              "function": "minecraft:set_nbt",
              "tag": "{plushpets:{plush:\"true\"},display:{Name:'{\"text\":\"Camel Plush\",\"italic\":false,\"color\":\"aqua\"}'},SkullOwner:{Id:[I;-2063066100,543967400,-2114579051,1347935226],Properties:{textures:[{Value:\"eyJ0ZXh0dXJlcyI6eyJTS0lOIjp7InVybCI6Imh0dHA6Ly90ZXh0dXJlcy5taW5lY3JhZnQubmV0L3RleHR1cmUvOGQ0YzMyNDQ5YWQyMzA2MGMzZjQxYmE5ZDI3Y2Q1MWVjMmVlY2U2M2JjZmYzMDRhZTQ0MDc1MDQzYTJlYzQ0MCJ9fX0=\"}]}}}"
            }
          ]
        }
      ]
    }
  ]
}