{
    "pools": [
      {
        "rolls": 1,
        "entries": [
          {
            "type": "minecraft:item",
            "name": "minecraft:player_head",
            "functions": [
              {
                "function": "minecraft:set_nbt",
                "tag": "{plushpets:{plush:\"true\"},display:{Name:'{\"text\":\"Chicken Plush\",\"italic\":false,\"color\":\"aqua\"}'},SkullOwner:{Id:[I;854160726,1555254121,-1159745984,75904377],Properties:{textures:[{Value:\"eyJ0ZXh0dXJlcyI6eyJTS0lOIjp7InVybCI6Imh0dHA6Ly90ZXh0dXJlcy5taW5lY3JhZnQubmV0L3RleHR1cmUvN2YzN2Q1MjRjM2VlZDE3MWNlMTQ5ODg3ZWExZGVlNGVkMzk5OTA0NzI3ZDUyMTg2NTY4OGVjZTNiYWM3NWUifX19\"}]}}}"
              }
            ]
          }
        ]
      }
    ]
  }