{
    "pools": [
      {
        "rolls": 1,
        "entries": [
          {
            "type": "minecraft:item",
            "name": "minecraft:player_head",
            "functions": [
              {
                "function": "minecraft:set_nbt",
                "tag": "{plushpets:{plush:\"true\"},display:{Name:'{\"text\":\"Creeper Plush\",\"italic\":false,\"color\":\"aqua\"}'},SkullOwner:{Id:[I;-215293920,553207038,-1301846297,-138099246],Properties:{textures:[{Value:\"eyJ0ZXh0dXJlcyI6eyJTS0lOIjp7InVybCI6Imh0dHA6Ly90ZXh0dXJlcy5taW5lY3JhZnQubmV0L3RleHR1cmUvNzIwMzMwZDg5MDBlZWY4MDAyYzlmOTgxYjM5MTU5ZWU4YjlmOTM4NTRmZmU1YjQwMmQyNTJhYTJkN2U0NTBlIn19fQ==\"}]}}}"
              }
            ]
          }
        ]
      }
    ]
  }