{
    "pools": [
      {
        "rolls": 1,
        "entries": [
          {
            "type": "minecraft:item",
            "name": "minecraft:player_head",
            "functions": [
              {
                "function": "minecraft:set_nbt",
                "tag": "{plushpets:{plush:\"true\"},display:{Name:'{\"text\":\"Drowned Plush\",\"italic\":false,\"color\":\"aqua\"}'},SkullOwner:{Id:[I;844443157,-607566697,-1830988652,828979775],Properties:{textures:[{Value:\"eyJ0ZXh0dXJlcyI6eyJTS0lOIjp7InVybCI6Imh0dHA6Ly90ZXh0dXJlcy5taW5lY3JhZnQubmV0L3RleHR1cmUvNDRhM2QzYjFhYTM3NjE5NTIwMjZiZjFhZjA1MzQ5MzI2ZjM3YjQ1NmUyZTVjNGM5YjI5ODdlYzJmYjBlY2ZhNyJ9fX0=\"}]}}}"
              }
            ]
          }
        ]
      }
    ]
  }