{
    "pools": [
      {
        "rolls": 1,
        "entries": [
          {
            "type": "minecraft:item",
            "name": "minecraft:player_head",
            "functions": [
              {
                "function": "minecraft:set_nbt",
                "tag": "{plushpets:{plush:\"true\"},display:{Name:'{\"text\":\"Enderman Plush\",\"italic\":false,\"color\":\"aqua\"}'},SkullOwner:{Id:[I;-109838158,-1748808774,-1607621472,1863437571],Properties:{textures:[{Value:\"eyJ0ZXh0dXJlcyI6eyJTS0lOIjp7InVybCI6Imh0dHA6Ly90ZXh0dXJlcy5taW5lY3JhZnQubmV0L3RleHR1cmUvNmVhYjc1ZWFhNWM5ZjJjNDNhMGQyM2NmZGNlMzVmNGRmNjMyZTk4MTUwMDE4NTAzNzczODVmN2IyZjAzOWNlMSJ9fX0=\"}]}}}"
              }
            ]
          }
        ]
      }
    ]
  }