{
    "pools": [
      {
        "rolls": 1,
        "entries": [
          {
            "type": "minecraft:item",
            "name": "minecraft:player_head",
            "functions": [
              {
                "function": "minecraft:set_nbt",
                "tag": "{plushpets:{plush:\"true\"},display:{Name:'{\"text\":\"Ghast Plush\",\"italic\":false,\"color\":\"aqua\"}'},SkullOwner:{Id:[I;599583683,-557823658,-1930556164,-1165866836],Properties:{textures:[{Value:\"eyJ0ZXh0dXJlcyI6eyJTS0lOIjp7InVybCI6Imh0dHA6Ly90ZXh0dXJlcy5taW5lY3JhZnQubmV0L3RleHR1cmUvZGU4YTM4ZTlhZmJkM2RhMTBkMTliNTc3YzU1YzdiZmQ2YjRmMmU0MDdlNDRkNDAxN2IyM2JlOTE2N2FiZmYwMiJ9fX0=\"}]}}}"
              }
            ]
          }
        ]
      }
    ]
  }