{
  "pools": [
    {
      "rolls": 1,
      "entries": [
        {
          "type": "minecraft:item",
          "name": "minecraft:player_head",
          "functions": [
            {
              "function": "minecraft:set_nbt",
              "tag": "{plushpets:{plush:\"true\"},display:{Name:'{\"text\":\"Goat Plush\",\"italic\":false,\"color\":\"aqua\"}'},SkullOwner:{Id:[I;-1758786155,848642729,-1978850167,-1368899007],Properties:{textures:[{Value:\"eyJ0ZXh0dXJlcyI6eyJTS0lOIjp7InVybCI6Imh0dHA6Ly90ZXh0dXJlcy5taW5lY3JhZnQubmV0L3RleHR1cmUvZTU5MTY0Yzc5MmQxYTU0NjNlOWRlNDU1N2RhNjA5OGZhYjU0YzYzMmM5Mzk1ODIzNjQxYjA0YmI0MTljZjFjMiJ9fX0=\"}]}}}"
            }
          ]
        }
      ]
    }
  ]
}