{
    "pools": [
      {
        "rolls": 1,
        "entries": [
          {
            "type": "minecraft:item",
            "name": "minecraft:player_head",
            "functions": [
              {
                "function": "minecraft:set_nbt",
                "tag": "{plushpets:{plush:\"true\"},display:{Name:'{\"text\":\"Golden Shulker Plush\",\"italic\":false,\"color\":\"light_purple\"}'},SkullOwner:{Id:[I;1352407420,166412881,-1562255126,597603118],Properties:{textures:[{Value:\"eyJ0ZXh0dXJlcyI6eyJTS0lOIjp7InVybCI6Imh0dHA6Ly90ZXh0dXJlcy5taW5lY3JhZnQubmV0L3RleHR1cmUvZDUyNGIwMmUyMDY0M2Y3MDVkMzczYzkzNmE4OWM1MGNiYWNmOGVlMjE4ODYzOWIyNDcxZTRjZDUyYzllMWM2NCJ9fX0=\"}]}}}"
              }
            ]
          }
        ]
      }
    ]
  }