{
    "pools": [
      {
        "rolls": 1,
        "entries": [
          {
            "type": "minecraft:item",
            "name": "minecraft:player_head",
            "functions": [
              {
                "function": "minecraft:set_nbt",
                "tag": "{plushpets:{plush:\"true\"},display:{Name:'{\"text\":\"Golden Chicken Plush\",\"italic\":false,\"color\":\"light_purple\"}'},SkullOwner:{Id:[I;43580496,-653373607,-1988615554,1225229480],Properties:{textures:[{Value:\"eyJ0ZXh0dXJlcyI6eyJTS0lOIjp7InVybCI6Imh0dHA6Ly90ZXh0dXJlcy5taW5lY3JhZnQubmV0L3RleHR1cmUvYmM0MjUyZTMyMzI5ODUzNTM5ZjhmMWVmMWQwNTAyZGFlY2JhZTdiZTVkMzNiODU3ZjQzZTFjMjg0Y2ViNWEifX19\"}]}}}"
              }
            ]
          }
        ]
      }
    ]
  }