{
    "pools": [
      {
        "rolls": 1,
        "entries": [
          {
            "type": "minecraft:item",
            "name": "minecraft:player_head",
            "functions": [
              {
                "function": "minecraft:set_nbt",
                "tag": "{plushpets:{plush:\"true\"},display:{Name:'{\"text\":\"Golden Pufferfish Plush\",\"italic\":false,\"color\":\"light_purple\"}'},SkullOwner:{Id:[I;-1800851452,-2037298155,-1924175006,-1470507145],Properties:{textures:[{Value:\"eyJ0ZXh0dXJlcyI6eyJTS0lOIjp7InVybCI6Imh0dHA6Ly90ZXh0dXJlcy5taW5lY3JhZnQubmV0L3RleHR1cmUvMjVhYzAyNjg0ZGQxNDY1Mzc0Yjk0ZDhiZjQxOWQyNDYxY2VkMjRkYzFjM2I4M2I2NzNhZjVmMTIxMjAyYzkwNyJ9fX0=\"}]}}}"
              }
            ]
          }
        ]
      }
    ]
  }