{
    "pools": [
      {
        "rolls": 1,
        "entries": [
          {
            "type": "minecraft:item",
            "name": "minecraft:player_head",
            "functions": [
              {
                "function": "minecraft:set_nbt",
                "tag": "{plushpets:{plush:\"true\"},display:{Name:'{\"text\":\"Golden Slime Plush\",\"italic\":false,\"color\":\"light_purple\"}'},SkullOwner:{Id:[I;-856712957,1546668395,-2072859289,-723626178],Properties:{textures:[{Value:\"eyJ0ZXh0dXJlcyI6eyJTS0lOIjp7InVybCI6Imh0dHA6Ly90ZXh0dXJlcy5taW5lY3JhZnQubmV0L3RleHR1cmUvZGVkY2Q5MmIwZTIxMGNmZTk4ODkyYzQzMzRiZTQ2MmIzYjllNzI1ZGRiZDAwOWMyNzgzZmNmODhmMGZmZGM1MyJ9fX0=\"}]}}}"
              }
            ]
          }
        ]
      }
    ]
  }