{
    "pools": [
      {
        "rolls": 1,
        "entries": [
          {
            "type": "minecraft:item",
            "name": "minecraft:player_head",
            "functions": [
              {
                "function": "minecraft:set_nbt",
                "tag": "{plushpets:{plush:\"true\"},display:{Name:'{\"text\":\"Herobrine Plush\",\"italic\":false,\"color\":\"aqua\"}'},SkullOwner:{Id:[I;558530764,-722779761,-1378408549,2001011577],Properties:{textures:[{Value:\"eyJ0ZXh0dXJlcyI6eyJTS0lOIjp7InVybCI6Imh0dHA6Ly90ZXh0dXJlcy5taW5lY3JhZnQubmV0L3RleHR1cmUvNzUyZTdjNjgyZjdhOGNmN2Q3MGNlYmY2MjY5NDI0YjhkN2YxOGQ1ZWJiMzliOTZmNTdkMGUyZDZkN2ZjYTUifX19\"}]}}}"
              }
            ]
          }
        ]
      }
    ]
  }