{
    "pools": [
      {
        "rolls": 1,
        "entries": [
          {
            "type": "minecraft:item",
            "name": "minecraft:player_head",
            "functions": [
              {
                "function": "minecraft:set_nbt",
                "tag": "{plushpets:{plush:\"true\"},display:{Name:'{\"text\":\"Hoglin Plush\",\"italic\":false,\"color\":\"aqua\"}'},SkullOwner:{Id:[I;-1909557285,1124026416,-1962256030,-123277166],Properties:{textures:[{Value:\"eyJ0ZXh0dXJlcyI6eyJTS0lOIjp7InVybCI6Imh0dHA6Ly90ZXh0dXJlcy5taW5lY3JhZnQubmV0L3RleHR1cmUvNDQwOWRjNDAyYTlmYzNjN2I4OTJjNDRlNWNkMzRhNGEwMWQ0NDQxOWQwNWRmODMxNmYyZTJkODYyYWUwYmE5YyJ9fX0=\"}]}}}"
              }
            ]
          }
        ]
      }
    ]
  }