{
    "pools": [
      {
        "rolls": 1,
        "entries": [
          {
            "type": "minecraft:item",
            "name": "minecraft:player_head",
            "functions": [
              {
                "function": "minecraft:set_nbt",
                "tag": "{plushpets:{plush:\"true\"},display:{Name:'{\"text\":\"Husk Plush\",\"italic\":false,\"color\":\"aqua\"}'},SkullOwner:{Id:[I;-1004268413,-380024622,-1570132014,-193268928],Properties:{textures:[{Value:\"eyJ0ZXh0dXJlcyI6eyJTS0lOIjp7InVybCI6Imh0dHA6Ly90ZXh0dXJlcy5taW5lY3JhZnQubmV0L3RleHR1cmUvZTY3MWRiYzc3NjQ0OWM2ZmNmZWIzNzJjYTNmOTMyMDVjYTc1OWQxMzVkMDRlZTQyMjVkZDgxM2QwY2I5Nzk1In19fQ==\"}]}}}"
              }
            ]
          }
        ]
      }
    ]
  }