{
    "pools": [
      {
        "rolls": 1,
        "entries": [
          {
            "type": "minecraft:item",
            "name": "minecraft:player_head",
            "functions": [
              {
                "function": "minecraft:set_nbt",
                "tag": "{plushpets:{plush:\"true\"},display:{Name:'{\"text\":\"Llama Plush\",\"italic\":false,\"color\":\"aqua\"}'},SkullOwner:{Id:[I;-2118935648,-124369273,-1620206448,-782886372],Properties:{textures:[{Value:\"eyJ0ZXh0dXJlcyI6eyJTS0lOIjp7InVybCI6Imh0dHA6Ly90ZXh0dXJlcy5taW5lY3JhZnQubmV0L3RleHR1cmUvOWY2NmFkMDFlYmY5ZGZmYzA3YzdlMDkwNzk2NWQ5OGI4MGViOWM1NjdhN2EyMjg1NjY5MjBkZjVhNzJjYWU4OSJ9fX0=\"}]}}}"
              }
            ]
          }
        ]
      }
    ]
  }