{
  "pools": [
    {
      "rolls": 1,
      "entries": [
        {
          "type": "minecraft:item",
          "name": "minecraft:player_head",
          "functions": [
            {
              "function": "minecraft:set_nbt",
              "tag": "{plushpets:{plush:\"true\"},display:{Name:'{\"text\":\"Mooshroom Plush\",\"italic\":false,\"color\":\"aqua\"}'},SkullOwner:{Id:[I;-950111934,-917683585,-1636376833,-266642191],Properties:{textures:[{Value:\"eyJ0ZXh0dXJlcyI6eyJTS0lOIjp7InVybCI6Imh0dHA6Ly90ZXh0dXJlcy5taW5lY3JhZnQubmV0L3RleHR1cmUvOGMyMWJhMTQ5YmM4MzY3ZjRiYmJmZGFhZDU4M2YxNmE4MzViZmEyOGVhNTVmYTUwNjg3NjBhODdmNDhjNmExZCJ9fX0=\"}]}}}"
            }
          ]
        }
      ]
    }
  ]
}