{
    "pools": [
      {
        "rolls": 1,
        "entries": [
          {
            "type": "minecraft:item",
            "name": "minecraft:player_head",
            "functions": [
              {
                "function": "minecraft:set_nbt",
                "tag": "{plushpets:{plush:\"true\"},display:{Name:'{\"text\":\"Notch Plush\",\"italic\":false,\"color\":\"aqua\"}'},SkullOwner:{Id:[I;2054371935,2111524143,-1163806045,-565648041],Properties:{textures:[{Value:\"eyJ0ZXh0dXJlcyI6eyJTS0lOIjp7InVybCI6Imh0dHA6Ly90ZXh0dXJlcy5taW5lY3JhZnQubmV0L3RleHR1cmUvNjEyMThhZWQwODEwNWJkMjZmMmMzYjdhZDNiNWI2NTRiYTI0NTdjMGQyOGJmMGU2YjUyNGFmZWEwZDI0MmI3NyJ9fX0=\"}]}}}"
              }
            ]
          }
        ]
      }
    ]
  }