{
  "pools": [
    {
      "rolls": 1,
      "entries": [
        {
          "type": "minecraft:item",
          "name": "minecraft:player_head",
          "functions": [
            {
              "function": "minecraft:set_nbt",
              "tag": "{plushpets:{plush:\"true\"},display:{Name:'{\"text\":\"Pig Plush\",\"italic\":false,\"color\":\"aqua\"}'},SkullOwner:{Id:[I;133744651,-1481946037,-1851806171,-51675288],Properties:{textures:[{Value:\"eyJ0ZXh0dXJlcyI6eyJTS0lOIjp7InVybCI6Imh0dHA6Ly90ZXh0dXJlcy5taW5lY3JhZnQubmV0L3RleHR1cmUvY2ZkNjM4ZWZmNjk2YmRkNTJhMjYxNGU0MjAzNGE3MjIxM2UwM2JiYjQ3NGMxMGMwMmMyOGQ1MDlhZjQ5YTQ2In19fQ==\"}]}}}"
            }
          ]
        }
      ]
    }
  ]
}