{
    "pools": [
      {
        "rolls": 1,
        "entries": [
          {
            "type": "minecraft:item",
            "name": "minecraft:player_head",
            "functions": [
              {
                "function": "minecraft:set_nbt",
                "tag": "{plushpets:{plush:\"true\"},display:{Name:'{\"text\":\"Piglin Brute Plush\",\"italic\":false,\"color\":\"aqua\"}'},SkullOwner:{Id:[I;1241502346,-578141749,-1868284456,802813997],Properties:{textures:[{Value:\"eyJ0ZXh0dXJlcyI6eyJTS0lOIjp7InVybCI6Imh0dHA6Ly90ZXh0dXJlcy5taW5lY3JhZnQubmV0L3RleHR1cmUvYWZlYzkxYzBiN2U0YzM4NWM0MTk0OWY4OTVhMzgyODlkNmI1ZTQ3MWNhMzUxNjgwODQyZGY0MjQ1NDg5OGY2ZCJ9fX0=\"}]}}}"
              }
            ]
          }
        ]
      }
    ]
  }