{
    "pools": [
      {
        "rolls": 1,
        "entries": [
          {
            "type": "minecraft:item",
            "name": "minecraft:player_head",
            "functions": [
              {
                "function": "minecraft:set_nbt",
                "tag": "{plushpets:{plush:\"true\"},display:{Name:'{\"text\":\"Pufferfish Plush\",\"italic\":false,\"color\":\"aqua\"}'},SkullOwner:{Id:[I;630075668,915163297,-2046968232,152236255],Properties:{textures:[{Value:\"eyJ0ZXh0dXJlcyI6eyJTS0lOIjp7InVybCI6Imh0dHA6Ly90ZXh0dXJlcy5taW5lY3JhZnQubmV0L3RleHR1cmUvMTcxNTI4NzZiYzNhOTZkZDJhMjI5OTI0NWVkYjNiZWVmNjQ3YzhhNTZhYzg4NTNhNjg3YzNlN2I1ZDhiYiJ9fX0=\"}]}}}"
              }
            ]
          }
        ]
      }
    ]
  }