{
    "pools": [
      {
        "rolls": 1,
        "entries": [
          {
            "type": "minecraft:item",
            "name": "minecraft:player_head",
            "functions": [
              {
                "function": "minecraft:set_nbt",
                "tag": "{plushpets:{plush:\"true\"},display:{Name:'{\"text\":\"Ravager Plush\",\"italic\":false,\"color\":\"aqua\"}'},SkullOwner:{Id:[I;-760283871,51924963,-1317570921,-1074365155],Properties:{textures:[{Value:\"eyJ0ZXh0dXJlcyI6eyJTS0lOIjp7InVybCI6Imh0dHA6Ly90ZXh0dXJlcy5taW5lY3JhZnQubmV0L3RleHR1cmUvMTBiNDM0NjhhY2FiMDNlYjUxY2M1ODIwZTAyZWY1NjBkZTNjMzY1NzI0MWI2MjdiYjkzNWU4NGI1MGM4MDgwNCJ9fX0=\"}]}}}"
              }
            ]
          }
        ]
      }
    ]
  }