{
    "pools": [
      {
        "rolls": 1,
        "entries": [
          {
            "type": "minecraft:item",
            "name": "minecraft:player_head",
            "functions": [
              {
                "function": "minecraft:set_nbt",
                "tag": "{plushpets:{plush:\"true\"},display:{Name:'{\"text\":\"Shulker Plush\",\"italic\":false,\"color\":\"aqua\"}'},SkullOwner:{Id:[I;-1778823362,-434352489,-1592043985,1155190429],Properties:{textures:[{Value:\"eyJ0ZXh0dXJlcyI6eyJTS0lOIjp7InVybCI6Imh0dHA6Ly90ZXh0dXJlcy5taW5lY3JhZnQubmV0L3RleHR1cmUvNTM3YTI5NGY2YjdiNGJhNDM3ZTVjYjM1ZmIyMGY0Njc5MmU3YWMwYTQ5MGE2NjEzMmE1NTcxMjRlYzVmOTk3YSJ9fX0=\"}]}}}"
              }
            ]
          }
        ]
      }
    ]
  }