{
    "pools": [
      {
        "rolls": 1,
        "entries": [
          {
            "type": "minecraft:item",
            "name": "minecraft:player_head",
            "functions": [
              {
                "function": "minecraft:set_nbt",
                "tag": "{plushpets:{plush:\"true\"},display:{Name:'{\"text\":\"Skeleton Plush\",\"italic\":false,\"color\":\"aqua\"}'},SkullOwner:{Id:[I;1521828181,1353664258,-2016370422,-1129550215],Properties:{textures:[{Value:\"eyJ0ZXh0dXJlcyI6eyJTS0lOIjp7InVybCI6Imh0dHA6Ly90ZXh0dXJlcy5taW5lY3JhZnQubmV0L3RleHR1cmUvM2U3MDhhOTI1ZTEwZjI5ZjIyMzJhOTFlNDExODM1Mzc2YTFkYjE1YzhmZDM5NmRiY2I5NWIzZGY5ZGIwNTViMSJ9fX0=\"}]}}}"
              }
            ]
          }
        ]
      }
    ]
  }