{
    "pools": [
      {
        "rolls": 1,
        "entries": [
          {
            "type": "minecraft:item",
            "name": "minecraft:player_head",
            "functions": [
              {
                "function": "minecraft:set_nbt",
                "tag": "{plushpets:{plush:\"true\"},display:{Name:'{\"text\":\"Skylinerw Plush\",\"italic\":false,\"color\":\"aqua\"}'},SkullOwner:{Id:[I;-1710441904,1315389737,-2045369322,279076938],Properties:{textures:[{Value:\"eyJ0ZXh0dXJlcyI6eyJTS0lOIjp7InVybCI6Imh0dHA6Ly90ZXh0dXJlcy5taW5lY3JhZnQubmV0L3RleHR1cmUvNzM1NzI0MjdiYWFhZjNkYmZhYjczNjljYTI3MTVkZDAzYmUwZTc5ZTA5YTM5NjZmMGI5YzZkMWQ4NGQxNDJiNiJ9fX0=\"}]}}}"
              }
            ]
          }
        ]
      }
    ]
  }