{
    "pools": [
      {
        "rolls": 1,
        "entries": [
          {
            "type": "minecraft:item",
            "name": "minecraft:player_head",
            "functions": [
              {
                "function": "minecraft:set_nbt",
                "tag": "{plushpets:{plush:\"true\"},display:{Name:'{\"text\":\"Slime Plush\",\"italic\":false,\"color\":\"aqua\"}'},SkullOwner:{Id:[I;2131429491,-546682343,-1681000759,251135175],Properties:{textures:[{Value:\"eyJ0ZXh0dXJlcyI6eyJTS0lOIjp7InVybCI6Imh0dHA6Ly90ZXh0dXJlcy5taW5lY3JhZnQubmV0L3RleHR1cmUvODk1YWVlYzZiODQyYWRhODY2OWY4NDZkNjViYzQ5NzYyNTk3ODI0YWI5NDRmMjJmNDViZjNiYmI5NDFhYmU2YyJ9fX0=\"}]}}}"
              }
            ]
          }
        ]
      }
    ]
  }