{
    "pools": [
      {
        "rolls": 1,
        "entries": [
          {
            "type": "minecraft:item",
            "name": "minecraft:player_head",
            "functions": [
              {
                "function": "minecraft:set_nbt",
                "tag": "{plushpets:{plush:\"true\"},display:{Name:'{\"text\":\"Steve Plush\",\"italic\":false,\"color\":\"aqua\"}'},SkullOwner:{Id:[I;1899696613,419123106,-1497348806,537574103],Properties:{textures:[{Value:\"eyJ0ZXh0dXJlcyI6eyJTS0lOIjp7InVybCI6Imh0dHA6Ly90ZXh0dXJlcy5taW5lY3JhZnQubmV0L3RleHR1cmUvMzgzNWRhMjY4NWY3YWQzZjE5MTlhMDE4OTc2YWQ1NjgyNjY5MWUyNjc1OGEzYTU1YTE5MThmN2YxN2FkOTM4In19fQ==\"}]}}}"
              }
            ]
          }
        ]
      }
    ]
  }