{
    "pools": [
      {
        "rolls": 1,
        "entries": [
          {
            "type": "minecraft:item",
            "name": "minecraft:player_head",
            "functions": [
              {
                "function": "minecraft:set_nbt",
                "tag": "{plushpets:{plush:\"true\"},display:{Name:'{\"text\":\"Stray Plush\",\"italic\":false,\"color\":\"aqua\"}'},SkullOwner:{Id:[I;558596130,-1219278594,-1712771812,210849171],Properties:{textures:[{Value:\"eyJ0ZXh0dXJlcyI6eyJTS0lOIjp7InVybCI6Imh0dHA6Ly90ZXh0dXJlcy5taW5lY3JhZnQubmV0L3RleHR1cmUvNzBmN2EwMDAzZjMxNDhmZTcxNmMzMDI1YTc1OGNiZDdhNzczMGQyOTFmMmQwMDdkZWMxMTMyZGYwMzE2YThkMyJ9fX0=\"}]}}}"
              }
            ]
          }
        ]
      }
    ]
  }