{
    "pools": [
      {
        "rolls": 1,
        "entries": [
          {
            "type": "minecraft:item",
            "name": "minecraft:player_head",
            "functions": [
              {
                "function": "minecraft:set_nbt",
                "tag": "{plushpets:{plush:\"true\"},display:{Name:'{\"text\":\"Strider Plush\",\"italic\":false,\"color\":\"aqua\"}'},SkullOwner:{Id:[I;1967474038,-647804820,-1098942628,-1497348776],Properties:{textures:[{Value:\"eyJ0ZXh0dXJlcyI6eyJTS0lOIjp7InVybCI6Imh0dHA6Ly90ZXh0dXJlcy5taW5lY3JhZnQubmV0L3RleHR1cmUvZTE5MDNlNGQ5ZWM1NjE3MTFhZDllMTcxYWY2Yjc5ZmZiNjllMjk1ZGNkOWJmMjMwNjhjOWFiYjdlMjE5NDkwZCJ9fX0=\"}]}}}"
              }
            ]
          }
        ]
      }
    ]
  }