{
    "pools": [
      {
        "rolls": 1,
        "entries": [
          {
            "type": "minecraft:item",
            "name": "minecraft:player_head",
            "functions": [
              {
                "function": "minecraft:set_nbt",
                "tag": "{plushpets:{plush:\"true\"},display:{Name:'{\"text\":\"Villager Plush\",\"italic\":false,\"color\":\"aqua\"}'},SkullOwner:{Id:[I;517903274,303778841,-1751461796,1896795803],Properties:{textures:[{Value:\"eyJ0ZXh0dXJlcyI6eyJTS0lOIjp7InVybCI6Imh0dHA6Ly90ZXh0dXJlcy5taW5lY3JhZnQubmV0L3RleHR1cmUvYzkxNzc0ZThlNDNjZjUzNWUzMDk3MTZhMDNiNGE0YTgxMTA4NzkzZGU3NjhlYmQzZjEyMjRlNjgwMjFmZTk3ZSJ9fX0=\"}]}}}"
              }
            ]
          }
        ]
      }
    ]
  }