{
    "pools": [
      {
        "rolls": 1,
        "entries": [
          {
            "type": "minecraft:item",
            "name": "minecraft:player_head",
            "functions": [
              {
                "function": "minecraft:set_nbt",
                "tag": "{plushpets:{plush:\"true\"},display:{Name:'{\"text\":\"Warden Plush\",\"italic\":false,\"color\":\"aqua\"}'},SkullOwner:{Id:[I;1050022092,1091521613,-1451049480,-1709282467],Properties:{textures:[{Value:\"eyJ0ZXh0dXJlcyI6eyJTS0lOIjp7InVybCI6Imh0dHA6Ly90ZXh0dXJlcy5taW5lY3JhZnQubmV0L3RleHR1cmUvMTVmZWJhMzc1MGNhZjNkODFiNjQ1ZjdhMzhlYWRkYTk2NjUzZDdiM2NhMjg0MzliNDUxNTE0ZTRmYWFmNDg2NCJ9fX0=\"}]}}}"
              }
            ]
          }
        ]
      }
    ]
  }