{
    "pools": [
      {
        "rolls": 1,
        "entries": [
          {
            "type": "minecraft:item",
            "name": "minecraft:player_head",
            "functions": [
              {
                "function": "minecraft:set_nbt",
                "tag": "{plushpets:{plush:\"true\"},display:{Name:'{\"text\":\"Witch Plush\",\"italic\":false,\"color\":\"aqua\"}'},SkullOwner:{Id:[I;1236956174,1444038999,-1174900994,-1110401334],Properties:{textures:[{Value:\"eyJ0ZXh0dXJlcyI6eyJTS0lOIjp7InVybCI6Imh0dHA6Ly90ZXh0dXJlcy5taW5lY3JhZnQubmV0L3RleHR1cmUvOGQ1NGNhYjg2NGE5ZWFjZDg0OWU5ZjFkM2Q3MTc2MzdlMTdkYzdkN2JiYTVkODk0ZGMzMmY2MWYzODdkNDk1NyJ9fX0=\"}]}}}"
              }
            ]
          }
        ]
      }
    ]
  }