{
    "pools": [
      {
        "rolls": 1,
        "entries": [
          {
            "type": "minecraft:item",
            "name": "minecraft:player_head",
            "functions": [
              {
                "function": "minecraft:set_nbt",
                "tag": "{plushpets:{plush:\"true\"},display:{Name:'{\"text\":\"Wither Skeleton Plush\",\"italic\":false,\"color\":\"aqua\"}'},SkullOwner:{Id:[I;1061902293,-1075490840,-1105264191,-671626719],Properties:{textures:[{Value:\"eyJ0ZXh0dXJlcyI6eyJTS0lOIjp7InVybCI6Imh0dHA6Ly90ZXh0dXJlcy5taW5lY3JhZnQubmV0L3RleHR1cmUvN2E3MGM1ZDA3Yjc5YzViZTQzZDBiMjFjNmQ0ZTM3NDcyZGIyYWIzZmE2MzRhNWYxM2NmODlmYjk4N2IyZTUifX19\"}]}}}"
              }
            ]
          }
        ]
      }
    ]
  }