{
    "pools": [
      {
        "rolls": 1,
        "entries": [
          {
            "type": "minecraft:item",
            "name": "minecraft:player_head",
            "functions": [
              {
                "function": "minecraft:set_nbt",
                "tag": "{plushpets:{plush:\"true\"},display:{Name:'{\"text\":\"Zombie Plush\",\"italic\":false,\"color\":\"aqua\"}'},SkullOwner:{Id:[I;-1570038302,-1464647159,-1214137931,-211465192],Properties:{textures:[{Value:\"eyJ0ZXh0dXJlcyI6eyJTS0lOIjp7InVybCI6Imh0dHA6Ly90ZXh0dXJlcy5taW5lY3JhZnQubmV0L3RleHR1cmUvMDZhZWE2YWNhMWE4MWIyM2JkOGM1ZTUwOGZlNzY2NDhmYzJlNDFmYWExYzhmYzI2Y2ZhOGJkY2U0MTYzIn19fQ==\"}]}}}"
              }
            ]
          }
        ]
      }
    ]
  }