{
    "pools": [
      {
        "rolls": 1,
        "entries": [
          {
            "type": "minecraft:item",
            "name": "minecraft:player_head",
            "functions": [
              {
                "function": "minecraft:set_nbt",
                "tag": "{plushpets:{plush:\"true\"},display:{Name:'{\"text\":\"Zombified Piglin Plush\",\"italic\":false,\"color\":\"aqua\"}'},SkullOwner:{Id:[I;1988539648,1171407098,-1818225366,947220328],Properties:{textures:[{Value:\"eyJ0ZXh0dXJlcyI6eyJTS0lOIjp7InVybCI6Imh0dHA6Ly90ZXh0dXJlcy5taW5lY3JhZnQubmV0L3RleHR1cmUvNGFjMTQyOTQ2M2MyZmQzYTljNDMwYTFiYTk3YmUxNjhkZjQ2NmZiOGI4NmZjZjNkYzYwZDczN2M0MGNjM2I5ZSJ9fX0=\"}]}}}"
              }
            ]
          }
        ]
      }
    ]
  }