{
	"credit": "Made with Blockbench",
	"parent": "block/trapdoors/display",
	"ambientocclusion": false,
	"textures": {
		"0": "block/trapdoors/bamboo",
		"particle": "block/break/trapdoors/bamboo"
	},
	"elements": [
		{
			"from": [0, 0, 0],
			"to": [16, 3, 3.5],
			"faces": {
				"north": {"uv": [8, 1.75, 16, 3.25], "texture": "#0"},
				"east": {"uv": [9.75, 3.5, 8, 5], "texture": "#0"},
				"south": {"uv": [8, 7, 16, 8.5], "texture": "#0"},
				"west": {"uv": [8, 5.5, 9.75, 7], "texture": "#0"},
				"up": {"uv": [8, 8, 0, 6.25], "texture": "#0"},
				"down": {"uv": [8, 6.25, 0, 8], "texture": "#0"}
			}
		},
		{
			"from": [0, 0, 12.5],
			"to": [16, 3, 16],
			"faces": {
				"north": {"uv": [8, 8.75, 16, 10.25], "texture": "#0"},
				"east": {"uv": [16, 5.5, 14.25, 7], "texture": "#0"},
				"south": {"uv": [8, 0, 16, 1.5], "texture": "#0"},
				"west": {"uv": [14.25, 3.5, 16, 5], "texture": "#0"},
				"up": {"uv": [0, 1.75, 8, 0], "texture": "#0"},
				"down": {"uv": [0, 0, 8, 1.75], "texture": "#0"}
			}
		},
		{
			"from": [0, 0, 3.5],
			"to": [3.5, 3, 12.5],
			"faces": {
				"east": {"uv": [16, 15, 14.5, 10.5], "rotation": 90, "texture": "#0"},
				"west": {"uv": [9.75, 5.5, 14.25, 7], "texture": "#0"},
				"up": {"uv": [8, 6.25, 6.25, 1.75], "texture": "#0"},
				"down": {"uv": [8, 1.75, 6.25, 6.25], "texture": "#0"}
			}
		},
		{
			"from": [12.5, 0, 3.5],
			"to": [16, 3, 12.5],
			"faces": {
				"east": {"uv": [14.25, 5, 9.75, 3.5], "texture": "#0"},
				"west": {"uv": [14.25, 10.5, 12.75, 15], "rotation": 90, "texture": "#0"},
				"up": {"uv": [1.75, 6.25, 0, 1.75], "texture": "#0"},
				"down": {"uv": [1.75, 1.75, 0, 6.25], "texture": "#0"}
			}
		},
		{
			"from": [7, -0.5, 0.5],
			"to": [9, 3.5, 3],
			"faces": {
				"north": {"uv": [9.25, 8, 8.25, 8.25], "texture": "#0"},
				"east": {"uv": [8.25, 8.25, 8.5, 7], "rotation": 90, "texture": "#0"},
				"south": {"uv": [9.25, 7, 8.25, 7.25], "texture": "#0"},
				"west": {"uv": [9, 8.25, 9.25, 7], "rotation": 90, "texture": "#0"},
				"up": {"uv": [9.25, 8.25, 8.25, 7], "texture": "#0"},
				"down": {"uv": [9.25, 7, 8.25, 8.25], "texture": "#0"}
			}
		},
		{
			"from": [3.5, 1.5, 3.5],
			"to": [4, 1.6, 12.5],
			"rotation": {"angle": 0, "axis": "y", "origin": [1.5, 0, 0]},
			"faces": {
				"east": {"uv": [6.25, 2, 1.75, 1.75], "texture": "#0"},
				"up": {"uv": [6.25, 1.75, 1.75, 2], "rotation": 270, "texture": "#0"},
				"down": {"uv": [1.75, 1.75, 6.25, 2], "rotation": 270, "texture": "#0"}
			}
		},
		{
			"from": [4.5, 1.45, 3.5],
			"to": [5, 1.55, 12.5],
			"rotation": {"angle": 0, "axis": "y", "origin": [1.5, 0, 0]},
			"faces": {
				"east": {"uv": [6.25, 2.5, 1.75, 2.25], "texture": "#0"},
				"west": {"uv": [1.75, 2.5, 6.25, 2.25], "texture": "#0"},
				"up": {"uv": [6.25, 2.25, 1.75, 2.5], "rotation": 270, "texture": "#0"},
				"down": {"uv": [1.75, 2.25, 6.25, 2.5], "rotation": 270, "texture": "#0"}
			}
		},
		{
			"from": [5.5, 1.45, 3.5],
			"to": [6, 1.55, 12.5],
			"rotation": {"angle": 0, "axis": "y", "origin": [1.5, 0, 0]},
			"faces": {
				"east": {"uv": [6.25, 3, 1.75, 2.75], "texture": "#0"},
				"west": {"uv": [1.75, 3, 6.25, 2.75], "texture": "#0"},
				"up": {"uv": [6.25, 2.75, 1.75, 3], "rotation": 270, "texture": "#0"},
				"down": {"uv": [1.75, 2.75, 6.25, 3], "rotation": 270, "texture": "#0"}
			}
		},
		{
			"from": [6.5, 1.45, 3.5],
			"to": [7, 1.55, 12.5],
			"rotation": {"angle": 0, "axis": "y", "origin": [1.5, 0, 0]},
			"faces": {
				"east": {"uv": [6.25, 3.5, 1.75, 3.25], "texture": "#0"},
				"west": {"uv": [1.75, 3.5, 6.25, 3.25], "texture": "#0"},
				"up": {"uv": [6.25, 3.25, 1.75, 3.5], "rotation": 270, "texture": "#0"},
				"down": {"uv": [1.75, 3.25, 6.25, 3.5], "rotation": 270, "texture": "#0"}
			}
		},
		{
			"from": [7.5, 1.45, 3.5],
			"to": [8, 1.55, 12.5],
			"rotation": {"angle": 0, "axis": "y", "origin": [1.5, 0, 0]},
			"faces": {
				"east": {"uv": [6.25, 4, 1.75, 3.75], "texture": "#0"},
				"west": {"uv": [1.75, 4, 6.25, 3.75], "texture": "#0"},
				"up": {"uv": [6.25, 3.75, 1.75, 4], "rotation": 270, "texture": "#0"},
				"down": {"uv": [1.75, 3.75, 6.25, 4], "rotation": 270, "texture": "#0"}
			}
		},
		{
			"from": [8.5, 1.45, 3.5],
			"to": [9, 1.55, 12.5],
			"rotation": {"angle": 0, "axis": "y", "origin": [1.5, 0, 0]},
			"faces": {
				"east": {"uv": [6.25, 4.5, 1.75, 4.25], "texture": "#0"},
				"west": {"uv": [1.75, 4.5, 6.25, 4.25], "texture": "#0"},
				"up": {"uv": [6.25, 4.25, 1.75, 4.5], "rotation": 270, "texture": "#0"},
				"down": {"uv": [1.75, 4.25, 6.25, 4.5], "rotation": 270, "texture": "#0"}
			}
		},
		{
			"from": [9.5, 1.45, 3.5],
			"to": [10, 1.55, 12.5],
			"rotation": {"angle": 0, "axis": "y", "origin": [1.5, 0, 0]},
			"faces": {
				"east": {"uv": [6.25, 5, 1.75, 4.75], "texture": "#0"},
				"west": {"uv": [1.75, 5, 6.25, 4.75], "texture": "#0"},
				"up": {"uv": [6.25, 4.75, 1.75, 5], "rotation": 270, "texture": "#0"},
				"down": {"uv": [1.75, 4.75, 6.25, 5], "rotation": 270, "texture": "#0"}
			}
		},
		{
			"from": [11.5, 1.45, 3.5],
			"to": [12.5, 1.55, 12.5],
			"rotation": {"angle": 0, "axis": "y", "origin": [1.5, 0, 0]},
			"faces": {
				"west": {"uv": [1.75, 6, 6.25, 5.75], "texture": "#0"},
				"up": {"uv": [6.25, 6.25, 1.75, 5.75], "rotation": 270, "texture": "#0"},
				"down": {"uv": [1.75, 5.75, 6.25, 6.25], "rotation": 270, "texture": "#0"}
			}
		},
		{
			"from": [10.5, 1.45, 3.5],
			"to": [11, 1.55, 12.5],
			"rotation": {"angle": 0, "axis": "y", "origin": [1.5, 0, 0]},
			"faces": {
				"east": {"uv": [6.25, 5.5, 1.75, 5.25], "texture": "#0"},
				"west": {"uv": [1.75, 5.5, 6.25, 5.25], "texture": "#0"},
				"up": {"uv": [6.25, 5.25, 1.75, 5.5], "rotation": 270, "texture": "#0"},
				"down": {"uv": [1.75, 5.25, 6.25, 5.5], "rotation": 270, "texture": "#0"}
			}
		},
		{
			"from": [3.5, 1.55, 3.5],
			"to": [12.5, 1.65, 4.5],
			"rotation": {"angle": 0, "axis": "y", "origin": [1.5, 0, 0]},
			"faces": {
				"south": {"uv": [2, 1.75, 2.25, 6.25], "rotation": 270, "texture": "#0"},
				"up": {"uv": [2.25, 1.75, 1.75, 6.25], "rotation": 270, "texture": "#0"},
				"down": {"uv": [1.75, 1.75, 2.25, 6.25], "rotation": 270, "texture": "#0"}
			}
		},
		{
			"from": [3.5, 1.35, 5],
			"to": [12.5, 1.45, 5.5],
			"rotation": {"angle": 0, "axis": "y", "origin": [1.5, 0, 0]},
			"faces": {
				"north": {"uv": [2.5, 1.75, 2.75, 6.25], "rotation": 90, "texture": "#0"},
				"south": {"uv": [2.5, 1.75, 2.75, 6.25], "rotation": 270, "texture": "#0"},
				"up": {"uv": [2.75, 1.75, 2.5, 6.25], "rotation": 270, "texture": "#0"},
				"down": {"uv": [2.5, 1.75, 2.75, 6.25], "rotation": 270, "texture": "#0"}
			}
		},
		{
			"from": [3.5, 1.35, 6],
			"to": [12.5, 1.45, 6.5],
			"rotation": {"angle": 0, "axis": "y", "origin": [1.5, 0, 0]},
			"faces": {
				"north": {"uv": [3, 1.75, 3.25, 6.25], "rotation": 90, "texture": "#0"},
				"south": {"uv": [3, 1.75, 3.25, 6.25], "rotation": 270, "texture": "#0"},
				"up": {"uv": [3.25, 1.75, 3, 6.25], "rotation": 270, "texture": "#0"},
				"down": {"uv": [3, 1.75, 3.25, 6.25], "rotation": 270, "texture": "#0"}
			}
		},
		{
			"from": [3.5, 1.35, 7],
			"to": [12.5, 1.45, 7.5],
			"rotation": {"angle": 0, "axis": "y", "origin": [1.5, 0, 0]},
			"faces": {
				"north": {"uv": [3.5, 1.75, 3.75, 6.25], "rotation": 90, "texture": "#0"},
				"south": {"uv": [3.5, 1.75, 3.75, 6.25], "rotation": 270, "texture": "#0"},
				"up": {"uv": [3.75, 1.75, 3.5, 6.25], "rotation": 270, "texture": "#0"},
				"down": {"uv": [3.5, 1.75, 3.75, 6.25], "rotation": 270, "texture": "#0"}
			}
		},
		{
			"from": [3.5, 1.35, 8],
			"to": [12.5, 1.45, 8.5],
			"rotation": {"angle": 0, "axis": "y", "origin": [1.5, 0, 0]},
			"faces": {
				"north": {"uv": [4, 1.75, 4.25, 6.25], "rotation": 90, "texture": "#0"},
				"south": {"uv": [4, 1.75, 4.25, 6.25], "rotation": 270, "texture": "#0"},
				"up": {"uv": [4.25, 1.75, 4, 6.25], "rotation": 270, "texture": "#0"},
				"down": {"uv": [4, 1.75, 4.25, 6.25], "rotation": 270, "texture": "#0"}
			}
		},
		{
			"from": [3.5, 1.35, 9],
			"to": [12.5, 1.45, 9.5],
			"rotation": {"angle": 0, "axis": "y", "origin": [1.5, 0, 0]},
			"faces": {
				"north": {"uv": [4.5, 1.75, 4.75, 6.25], "rotation": 90, "texture": "#0"},
				"south": {"uv": [4.5, 1.75, 4.75, 6.25], "rotation": 270, "texture": "#0"},
				"up": {"uv": [4.75, 1.75, 4.5, 6.25], "rotation": 270, "texture": "#0"},
				"down": {"uv": [4.5, 1.75, 4.75, 6.25], "rotation": 270, "texture": "#0"}
			}
		},
		{
			"from": [3.5, 1.35, 10],
			"to": [12.5, 1.45, 10.5],
			"rotation": {"angle": 0, "axis": "y", "origin": [1.5, 0, 0]},
			"faces": {
				"north": {"uv": [5, 1.75, 5.25, 6.25], "rotation": 90, "texture": "#0"},
				"south": {"uv": [5, 1.75, 5.25, 6.25], "rotation": 270, "texture": "#0"},
				"up": {"uv": [5.25, 1.75, 5, 6.25], "rotation": 270, "texture": "#0"},
				"down": {"uv": [5, 1.75, 5.25, 6.25], "rotation": 270, "texture": "#0"}
			}
		},
		{
			"from": [3.5, 1.35, 11],
			"to": [12.5, 1.45, 11.5],
			"rotation": {"angle": 0, "axis": "y", "origin": [1.5, 0, 0]},
			"faces": {
				"north": {"uv": [5.5, 1.75, 5.75, 6.25], "rotation": 90, "texture": "#0"},
				"south": {"uv": [5.5, 1.75, 5.75, 6.25], "rotation": 270, "texture": "#0"},
				"up": {"uv": [5.75, 1.75, 5.5, 6.25], "rotation": 270, "texture": "#0"},
				"down": {"uv": [5.5, 1.75, 5.75, 6.25], "rotation": 270, "texture": "#0"}
			}
		},
		{
			"from": [3.5, 1.35, 12],
			"to": [12.5, 1.45, 12.5],
			"rotation": {"angle": 0, "axis": "y", "origin": [1.5, 0, 0]},
			"faces": {
				"north": {"uv": [6, 1.75, 6.25, 6.25], "rotation": 90, "texture": "#0"},
				"up": {"uv": [6.25, 1.75, 6, 6.25], "rotation": 270, "texture": "#0"},
				"down": {"uv": [6, 1.75, 6.25, 6.25], "rotation": 270, "texture": "#0"}
			}
		}
	]
}