{
	"credit": "Made with Blockbench",
	"parent": "block/trapdoors/display",
	"ambientocclusion": false,
	"textures": {
		"0": "block/trapdoors/crimson",
		"particle": "block/break/trapdoors/crimson"
	},
	"elements": [
		{
			"from": [0, 0, 0],
			"to": [16, 3, 3.5],
			"faces": {
				"north": {"uv": [8, 1.75, 16, 3.25], "texture": "#0"},
				"east": {"uv": [9.75, 1.75, 8, 3.25], "texture": "#0"},
				"south": {"uv": [8, 0, 16, 1.5], "texture": "#0"},
				"west": {"uv": [8, 1.75, 9.75, 3.25], "texture": "#0"},
				"up": {"uv": [8, 8, 0, 6.25], "texture": "#0"},
				"down": {"uv": [8, 6.25, 0, 8], "texture": "#0"}
			}
		},
		{
			"from": [0, 0, 12.5],
			"to": [16, 3, 16],
			"faces": {
				"north": {"uv": [8, 0, 16, 1.5], "texture": "#0"},
				"east": {"uv": [16, 1.75, 14.25, 3.25], "texture": "#0"},
				"south": {"uv": [8, 0, 16, 1.5], "texture": "#0"},
				"west": {"uv": [14.25, 1.75, 16, 3.25], "texture": "#0"},
				"up": {"uv": [8, 1.75, 0, 0], "texture": "#0"},
				"down": {"uv": [8, 0, 0, 1.75], "texture": "#0"}
			}
		},
		{
			"from": [3.5, 0, 9],
			"to": [12.5, 3, 11.5],
			"faces": {
				"north": {"uv": [9.75, 3.25, 14.25, 1.75], "texture": "#0"},
				"south": {"uv": [9.75, 3.25, 14.25, 1.75], "texture": "#0"},
				"up": {"uv": [6.25, 3.5, 1.75, 2.25], "texture": "#0"},
				"down": {"uv": [6.25, 2.25, 1.75, 3.5], "texture": "#0"}
			}
		},
		{
			"from": [3.5, 0, 4.5],
			"to": [12.5, 3, 7],
			"faces": {
				"north": {"uv": [9.75, 3.25, 14.25, 1.75], "texture": "#0"},
				"south": {"uv": [9.75, 3.25, 14.25, 1.75], "texture": "#0"},
				"up": {"uv": [6.25, 5.75, 1.75, 4.5], "texture": "#0"},
				"down": {"uv": [6.25, 4.5, 1.75, 5.75], "texture": "#0"}
			}
		},
		{
			"from": [0, 0, 3.5],
			"to": [3.5, 3, 12.5],
			"faces": {
				"east": {"uv": [9.75, 3.25, 14.25, 1.75], "texture": "#0"},
				"west": {"uv": [9.75, 1.75, 14.25, 3.25], "texture": "#0"},
				"up": {"uv": [8, 6.25, 6.25, 1.75], "texture": "#0"},
				"down": {"uv": [8, 1.75, 6.25, 6.25], "texture": "#0"}
			}
		},
		{
			"from": [12.5, 0, 3.5],
			"to": [16, 3, 12.5],
			"faces": {
				"east": {"uv": [14.25, 3.25, 9.75, 1.75], "texture": "#0"},
				"west": {"uv": [9.75, 3.25, 14.25, 1.75], "texture": "#0"},
				"up": {"uv": [1.75, 6.25, 0, 1.75], "texture": "#0"},
				"down": {"uv": [1.75, 1.75, 0, 6.25], "texture": "#0"}
			}
		},
		{
			"from": [7, -0.5, 0.5],
			"to": [9, 3.5, 3],
			"faces": {
				"north": {"uv": [9.25, 4.5, 8.25, 4.75], "texture": "#0"},
				"east": {"uv": [8.25, 4.75, 8.5, 3.5], "rotation": 90, "texture": "#0"},
				"south": {"uv": [9.25, 3.5, 8.25, 3.75], "texture": "#0"},
				"west": {"uv": [9, 4.75, 9.25, 3.5], "rotation": 90, "texture": "#0"},
				"up": {"uv": [9.25, 4.75, 8.25, 3.5], "texture": "#0"},
				"down": {"uv": [9.25, 3.5, 8.25, 4.75], "texture": "#0"}
			}
		}
	]
}