{
	"credit": "Made with Blockbench",
	"textures": {
		"cross": "block/allium",
		"particle": "block/break/allium"
	},
	"elements": [
		{
			"from": [5.5, 8, 5.5],
			"to": [10.5, 13, 10.5],
			"rotation": {"angle": 0, "axis": "y", "origin": [13.5, 17, 13.5]},
			"faces": {
				"north": {"uv": [0, 0, 5, 5], "texture": "#cross"},
				"east": {"uv": [0, 0, 5, 5], "texture": "#cross"},
				"south": {"uv": [0, 0, 5, 5], "texture": "#cross"},
				"west": {"uv": [0, 0, 5, 5], "texture": "#cross"},
				"up": {"uv": [0, 0, 5, 5], "texture": "#cross"},
				"down": {"uv": [0, 0, 5, 5], "texture": "#cross"}
			}
		},
		{
			"from": [5.25, 7.75, 5.25],
			"to": [10.75, 13.25, 10.75],
			"rotation": {"angle": 0, "axis": "y", "origin": [13.5, 17, 13.5]},
			"faces": {
				"north": {"uv": [5.5, 0, 10.5, 5], "texture": "#cross"},
				"east": {"uv": [5.5, 0, 10.5, 5], "texture": "#cross"},
				"south": {"uv": [5.5, 0, 10.5, 5], "texture": "#cross"},
				"west": {"uv": [5.5, 0, 10.5, 5], "texture": "#cross"},
				"up": {"uv": [5.5, 0, 10.5, 5], "texture": "#cross"},
				"down": {"uv": [5.5, 0, 10.5, 5], "texture": "#cross"}
			}
		},
		{
			"from": [10.75, 7.75, 5.25],
			"to": [5.25, 13.25, 10.75],
			"rotation": {"angle": 0, "axis": "y", "origin": [13.5, 17, 13.5]},
			"faces": {
				"north": {"uv": [10.5, 0, 5.5, 5], "texture": "#cross"},
				"east": {"uv": [10.5, 0, 5.5, 5], "texture": "#cross"},
				"south": {"uv": [10.5, 0, 5.5, 5], "texture": "#cross"},
				"west": {"uv": [10.5, 0, 5.5, 5], "texture": "#cross"},
				"up": {"uv": [10.5, 0, 5.5, 5], "texture": "#cross"},
				"down": {"uv": [10.5, 0, 5.5, 5], "texture": "#cross"}
			}
		},
		{
			"from": [8, 0, 5.5],
			"to": [8, 8, 8.5],
			"faces": {
				"east": {"uv": [3, 5, 0, 13], "texture": "#cross"},
				"west": {"uv": [0, 5, 3, 13], "texture": "#cross"}
			}
		},
		{
			"from": [5, 0, 8],
			"to": [8.5, 8, 8],
			"rotation": {"angle": 0, "axis": "y", "origin": [8, 8, 8]},
			"faces": {
				"north": {"uv": [2, 5, 5.5, 13], "texture": "#cross"},
				"south": {"uv": [5.5, 5, 2, 13], "texture": "#cross"}
			}
		}
	],
	"display": {
		"thirdperson_righthand": {
			"rotation": [0, 45, 0],
			"translation": [0, 2.5, 0],
			"scale": [0.375, 0.375, 0.375]
		},
		"thirdperson_lefthand": {
			"rotation": [0, 45, 0],
			"translation": [0, 2.5, 0],
			"scale": [0.375, 0.375, 0.375]
		},
		"firstperson_righthand": {
			"rotation": [0, 45, 0],
			"translation": [1.75, 1.25, 0],
			"scale": [0.4, 0.4, 0.4]
		},
		"firstperson_lefthand": {
			"rotation": [0, 45, 0],
			"translation": [1.75, 1.25, 0],
			"scale": [0.4, 0.4, 0.4]
		},
		"ground": {
			"translation": [0, 3, 0],
			"scale": [0.5, 0.5, 0.5]
		},
		"gui": {
			"rotation": [30, 225, 0],
			"translation": [0, -0.25, 0]
		},
		"fixed": {
			"translation": [0, 0.75, 0]
		}
	}
}