{
	"credit": "Made by Ensis",
	"ambientocclusion": false,
	"textures": {
		"cross": "block/azure_bluet",
		"particle": "block/break/azure_bluet"
	},
	"elements": [
		{
			"from": [11.825, 5.1, 7.6],
			"to": [12.575, 5.85, 8.35],
			"rotation": {"angle": 22.5, "axis": "z", "origin": [12.2, 5.175, 7.975]},
			"faces": {
				"north": {"uv": [0.75, 2.5, 0.25, 2], "rotation": 90, "texture": "#cross"},
				"east": {"uv": [0.75, 0.75, 1.25, 1.25], "rotation": 90, "texture": "#cross"},
				"south": {"uv": [0.25, 2, 0.75, 2.5], "rotation": 90, "texture": "#cross"},
				"west": {"uv": [2.75, 0.75, 3.25, 1.25], "rotation": 90, "texture": "#cross"},
				"up": {"uv": [0.75, 2, 0.25, 2.5], "rotation": 90, "texture": "#cross"},
				"down": {"uv": [0.75, 2, 0.25, 2.5], "rotation": 90, "texture": "#cross"}
			}
		},
		{
			"from": [12.2, 3.975, 6.475],
			"to": [12.2, 6.975, 9.475],
			"rotation": {"angle": 22.5, "axis": "z", "origin": [12.2, 5.175, 7.975]},
			"faces": {
				"east": {"uv": [0, 0, 2, 2], "rotation": 270, "texture": "#cross"},
				"west": {"uv": [2, 2, 4, 0], "rotation": 90, "texture": "#cross"}
			}
		},
		{
			"from": [6.5, 7.875, 5.325],
			"to": [9.5, 10.875, 5.325],
			"rotation": {"angle": 22.5, "axis": "x", "origin": [8, 9.275, 5.325]},
			"faces": {
				"north": {"uv": [0, 0, 2, 2], "rotation": 270, "texture": "#cross"},
				"south": {"uv": [2, 2, 4, 0], "rotation": 90, "texture": "#cross"}
			}
		},
		{
			"from": [7.625, 8.99239, 4.98827],
			"to": [8.375, 9.74239, 5.73827],
			"rotation": {"angle": 22.5, "axis": "x", "origin": [8, 9.36739, 5.36327]},
			"faces": {
				"north": {"uv": [0.75, 0.75, 1.25, 1.25], "rotation": 270, "texture": "#cross"},
				"east": {"uv": [0.75, 2.5, 0.25, 2], "rotation": 270, "texture": "#cross"},
				"south": {"uv": [2.75, 0.75, 3.25, 1.25], "rotation": 270, "texture": "#cross"},
				"west": {"uv": [0.25, 2, 0.75, 2.5], "rotation": 270, "texture": "#cross"},
				"up": {"uv": [0.75, 2, 0.25, 2.5], "texture": "#cross"},
				"down": {"uv": [0.75, 2, 0.25, 2.5], "rotation": 180, "texture": "#cross"}
			}
		},
		{
			"from": [6.5, 3.775, 3.725],
			"to": [9.5, 6.775, 3.725],
			"rotation": {"angle": 0, "axis": "x", "origin": [8, 9.275, 5.325]},
			"faces": {
				"north": {"uv": [0, 0, 2, 2], "rotation": 270, "texture": "#cross"},
				"south": {"uv": [2, 2, 4, 0], "rotation": 90, "texture": "#cross"}
			}
		},
		{
			"from": [7.625, 4.9, 3.35],
			"to": [8.375, 5.65, 4.1],
			"rotation": {"angle": 0, "axis": "x", "origin": [8, 5.275, 3.725]},
			"faces": {
				"north": {"uv": [0.75, 0.75, 1.25, 1.25], "rotation": 270, "texture": "#cross"},
				"east": {"uv": [0.75, 2.5, 0.25, 2], "rotation": 270, "texture": "#cross"},
				"south": {"uv": [2.75, 0.75, 3.25, 1.25], "rotation": 270, "texture": "#cross"},
				"west": {"uv": [0.25, 2, 0.75, 2.5], "rotation": 270, "texture": "#cross"},
				"up": {"uv": [0.75, 2, 0.25, 2.5], "texture": "#cross"},
				"down": {"uv": [0.75, 2, 0.25, 2.5], "rotation": 180, "texture": "#cross"}
			}
		},
		{
			"from": [7.375, 4.9, 12.7],
			"to": [8.125, 5.65, 13.45],
			"rotation": {"angle": -22.5, "axis": "y", "origin": [8, 4.275, 13.325]},
			"faces": {
				"north": {"uv": [2.75, 0.75, 3.25, 1.25], "rotation": 90, "texture": "#cross"},
				"east": {"uv": [0.75, 2.5, 0.25, 2], "rotation": 90, "texture": "#cross"},
				"south": {"uv": [0.75, 0.75, 1.25, 1.25], "rotation": 90, "texture": "#cross"},
				"west": {"uv": [0.25, 2, 0.75, 2.5], "rotation": 90, "texture": "#cross"},
				"up": {"uv": [0.75, 2, 0.25, 2.5], "rotation": 180, "texture": "#cross"},
				"down": {"uv": [0.75, 2, 0.25, 2.5], "texture": "#cross"}
			}
		},
		{
			"from": [6.25, 3.775, 13.075],
			"to": [9.25, 6.775, 13.075],
			"rotation": {"angle": -22.5, "axis": "y", "origin": [8, 4.275, 13.325]},
			"faces": {
				"north": {"uv": [2, 2, 4, 0], "rotation": 90, "texture": "#cross"},
				"south": {"uv": [0, 0, 2, 2], "rotation": 270, "texture": "#cross"}
			}
		},
		{
			"from": [10.75637, 3.9, 10.67721],
			"to": [11.50637, 4.65, 11.42721],
			"rotation": {"angle": 22.5, "axis": "y", "origin": [11.13137, 4.275, 11.05221]},
			"faces": {
				"north": {"uv": [2.75, 0.75, 3.25, 1.25], "rotation": 90, "texture": "#cross"},
				"east": {"uv": [0.75, 2.5, 0.25, 2], "rotation": 90, "texture": "#cross"},
				"south": {"uv": [0.75, 0.75, 1.25, 1.25], "rotation": 90, "texture": "#cross"},
				"west": {"uv": [0.25, 2, 0.75, 2.5], "rotation": 90, "texture": "#cross"},
				"up": {"uv": [0.75, 2, 0.25, 2.5], "rotation": 180, "texture": "#cross"},
				"down": {"uv": [0.75, 2, 0.25, 2.5], "texture": "#cross"}
			}
		},
		{
			"from": [9.63137, 2.775, 11.05221],
			"to": [12.63137, 5.775, 11.05221],
			"rotation": {"angle": 22.5, "axis": "y", "origin": [11.13137, 4.275, 11.05221]},
			"faces": {
				"north": {"uv": [2, 2, 4, 0], "rotation": 90, "texture": "#cross"},
				"south": {"uv": [0, 0, 2, 2], "rotation": 270, "texture": "#cross"}
			}
		},
		{
			"from": [4.79176, 4.275, 9.40824],
			"to": [4.79176, 7.275, 12.40824],
			"rotation": {"angle": 22.5, "axis": "y", "origin": [4.94176, 5.775, 11.05824]},
			"faces": {
				"east": {"uv": [2, 2, 4, 0], "rotation": 90, "texture": "#cross"},
				"west": {"uv": [0, 0, 2, 2], "rotation": 270, "texture": "#cross"}
			}
		},
		{
			"from": [4.37078, 5.4, 10.60206],
			"to": [5.12078, 6.15, 11.35206],
			"rotation": {"angle": 22.5, "axis": "y", "origin": [4.74578, 5.775, 10.97706]},
			"faces": {
				"north": {"uv": [0.25, 2, 0.75, 2.5], "rotation": 90, "texture": "#cross"},
				"east": {"uv": [2.75, 0.75, 3.25, 1.25], "rotation": 90, "texture": "#cross"},
				"south": {"uv": [0.75, 2.5, 0.25, 2], "rotation": 90, "texture": "#cross"},
				"west": {"uv": [0.75, 0.75, 1.25, 1.25], "rotation": 90, "texture": "#cross"},
				"up": {"uv": [0.75, 2, 0.25, 2.5], "rotation": 270, "texture": "#cross"},
				"down": {"uv": [0.75, 2, 0.25, 2.5], "rotation": 270, "texture": "#cross"}
			}
		},
		{
			"from": [3.325, 4.275, 6.5],
			"to": [3.325, 7.275, 9.5],
			"rotation": {"angle": -22.5, "axis": "y", "origin": [3.325, 5.775, 8]},
			"faces": {
				"east": {"uv": [2, 2, 4, 0], "rotation": 90, "texture": "#cross"},
				"west": {"uv": [0, 0, 2, 2], "rotation": 270, "texture": "#cross"}
			}
		},
		{
			"from": [2.95, 5.4, 7.625],
			"to": [3.7, 6.15, 8.375],
			"rotation": {"angle": -22.5, "axis": "y", "origin": [3.325, 5.775, 8]},
			"faces": {
				"north": {"uv": [0.75, 2.5, 0.25, 2], "rotation": 270, "texture": "#cross"},
				"east": {"uv": [2.75, 0.75, 3.25, 1.25], "rotation": 270, "texture": "#cross"},
				"south": {"uv": [0.25, 2, 0.75, 2.5], "rotation": 270, "texture": "#cross"},
				"west": {"uv": [0.75, 0.75, 1.25, 1.25], "rotation": 270, "texture": "#cross"},
				"up": {"uv": [0.75, 2, 0.25, 2.5], "rotation": 270, "texture": "#cross"},
				"down": {"uv": [0.75, 2, 0.25, 2.5], "rotation": 270, "texture": "#cross"}
			}
		},
		{
			"from": [3.41599, 3.775, 4.94099],
			"to": [6.41599, 6.775, 4.94099],
			"rotation": {"angle": 22.5, "axis": "y", "origin": [4.91599, 5.275, 4.59099]},
			"faces": {
				"north": {"uv": [0, 0, 2, 2], "rotation": 270, "texture": "#cross"},
				"south": {"uv": [2, 2, 4, 0], "rotation": 90, "texture": "#cross"}
			}
		},
		{
			"from": [4.67493, 4.9, 4.53935],
			"to": [5.42493, 5.65, 5.28935],
			"rotation": {"angle": 22.5, "axis": "y", "origin": [5.04993, 5.275, 4.91435]},
			"faces": {
				"north": {"uv": [0.75, 0.75, 1.25, 1.25], "rotation": 90, "texture": "#cross"},
				"east": {"uv": [0.25, 2, 0.75, 2.5], "rotation": 90, "texture": "#cross"},
				"south": {"uv": [2.75, 0.75, 3.25, 1.25], "rotation": 90, "texture": "#cross"},
				"west": {"uv": [0.75, 2.5, 0.25, 2], "rotation": 90, "texture": "#cross"},
				"up": {"uv": [0.75, 2, 0.25, 2.5], "texture": "#cross"},
				"down": {"uv": [0.75, 2, 0.25, 2.5], "rotation": 180, "texture": "#cross"}
			}
		},
		{
			"from": [5.45, 2.4, 7.625],
			"to": [6.2, 3.15, 8.375],
			"rotation": {"angle": -22.5, "axis": "z", "origin": [5.825, 2.775, 8]},
			"faces": {
				"north": {"uv": [0.25, 2, 0.75, 2.5], "rotation": 90, "texture": "#cross"},
				"east": {"uv": [2.75, 0.75, 3.25, 1.25], "rotation": 90, "texture": "#cross"},
				"south": {"uv": [0.75, 2.5, 0.25, 2], "rotation": 90, "texture": "#cross"},
				"west": {"uv": [0.75, 0.75, 1.25, 1.25], "rotation": 90, "texture": "#cross"},
				"up": {"uv": [0.75, 2, 0.25, 2.5], "rotation": 270, "texture": "#cross"},
				"down": {"uv": [0.75, 2, 0.25, 2.5], "rotation": 270, "texture": "#cross"}
			}
		},
		{
			"from": [5.825, 1.525, 6.75],
			"to": [5.825, 4.025, 9.25],
			"rotation": {"angle": -22.5, "axis": "z", "origin": [5.825, 2.775, 8]},
			"faces": {
				"east": {"uv": [2, 2, 4, 0], "rotation": 90, "texture": "#cross"},
				"west": {"uv": [0, 0, 2, 2], "rotation": 270, "texture": "#cross"}
			}
		},
		{
			"from": [8.46409, 3.925, 6.13223],
			"to": [10.96409, 6.425, 6.13223],
			"rotation": {"angle": -45, "axis": "y", "origin": [9.71409, 5.175, 6.23223]},
			"faces": {
				"north": {"uv": [0, 0, 2, 2], "rotation": 270, "texture": "#cross"},
				"south": {"uv": [2, 2, 4, 0], "rotation": 90, "texture": "#cross"}
			}
		},
		{
			"from": [9.4098, 4.8, 5.78652],
			"to": [10.1598, 5.55, 6.53652],
			"rotation": {"angle": 45, "axis": "y", "origin": [9.7848, 5.175, 6.16152]},
			"faces": {
				"north": {"uv": [0.75, 2.5, 0.25, 2], "rotation": 90, "texture": "#cross"},
				"east": {"uv": [0.75, 0.75, 1.25, 1.25], "rotation": 90, "texture": "#cross"},
				"south": {"uv": [0.25, 2, 0.75, 2.5], "rotation": 90, "texture": "#cross"},
				"west": {"uv": [2.75, 0.75, 3.25, 1.25], "rotation": 90, "texture": "#cross"},
				"up": {"uv": [0.75, 2, 0.25, 2.5], "rotation": 90, "texture": "#cross"},
				"down": {"uv": [0.75, 2, 0.25, 2.5], "rotation": 90, "texture": "#cross"}
			}
		},
		{
			"from": [10.66409, 6.025, 6.75723],
			"to": [10.66409, 8.525, 9.25723],
			"rotation": {"angle": 22.5, "axis": "y", "origin": [10.66409, 7.275, 8.00723]},
			"faces": {
				"east": {"uv": [0, 0, 2, 2], "rotation": 270, "texture": "#cross"},
				"west": {"uv": [2, 2, 4, 0], "rotation": 90, "texture": "#cross"}
			}
		},
		{
			"from": [10.28909, 6.9, 7.63223],
			"to": [11.03909, 7.65, 8.38223],
			"rotation": {"angle": 22.5, "axis": "y", "origin": [10.66409, 7.275, 8.00723]},
			"faces": {
				"north": {"uv": [0.75, 2.5, 0.25, 2], "rotation": 90, "texture": "#cross"},
				"east": {"uv": [0.75, 0.75, 1.25, 1.25], "rotation": 90, "texture": "#cross"},
				"south": {"uv": [0.25, 2, 0.75, 2.5], "rotation": 90, "texture": "#cross"},
				"west": {"uv": [2.75, 0.75, 3.25, 1.25], "rotation": 90, "texture": "#cross"},
				"up": {"uv": [0.75, 2, 0.25, 2.5], "rotation": 90, "texture": "#cross"},
				"down": {"uv": [0.75, 2, 0.25, 2.5], "rotation": 90, "texture": "#cross"}
			}
		},
		{
			"from": [5.20251, 9.50607, 7.625],
			"to": [5.95251, 10.25607, 8.375],
			"rotation": {"angle": -45, "axis": "z", "origin": [5.57751, 9.88107, 8]},
			"faces": {
				"north": {"uv": [0.25, 2, 0.75, 2.5], "rotation": 90, "texture": "#cross"},
				"east": {"uv": [2.75, 0.75, 3.25, 1.25], "rotation": 90, "texture": "#cross"},
				"south": {"uv": [0.75, 2.5, 0.25, 2], "rotation": 90, "texture": "#cross"},
				"west": {"uv": [0.75, 0.75, 1.25, 1.25], "rotation": 90, "texture": "#cross"},
				"up": {"uv": [0.75, 2, 0.25, 2.5], "rotation": 270, "texture": "#cross"},
				"down": {"uv": [0.75, 2, 0.25, 2.5], "rotation": 270, "texture": "#cross"}
			}
		},
		{
			"from": [5.575, 8.425, 6.75],
			"to": [5.575, 10.925, 9.25],
			"rotation": {"angle": -45, "axis": "z", "origin": [5.825, 9.775, 8]},
			"faces": {
				"east": {"uv": [2, 2, 4, 0], "rotation": 90, "texture": "#cross"},
				"west": {"uv": [0, 0, 2, 2], "rotation": 270, "texture": "#cross"}
			}
		},
		{
			"from": [7.625, 9.25, 10.5],
			"to": [8.375, 10, 11.25],
			"rotation": {"angle": -45, "axis": "x", "origin": [8, 9.775, 10.625]},
			"faces": {
				"north": {"uv": [2.75, 0.75, 3.25, 1.25], "rotation": 90, "texture": "#cross"},
				"east": {"uv": [0.75, 2.5, 0.25, 2], "rotation": 90, "texture": "#cross"},
				"south": {"uv": [0.75, 0.75, 1.25, 1.25], "rotation": 90, "texture": "#cross"},
				"west": {"uv": [0.25, 2, 0.75, 2.5], "rotation": 90, "texture": "#cross"},
				"up": {"uv": [0.75, 2, 0.25, 2.5], "rotation": 180, "texture": "#cross"},
				"down": {"uv": [0.75, 2, 0.25, 2.5], "texture": "#cross"}
			}
		},
		{
			"from": [6.5, 8.125, 10.875],
			"to": [9.5, 11.125, 10.875],
			"rotation": {"angle": -45, "axis": "x", "origin": [8, 9.775, 10.625]},
			"faces": {
				"north": {"uv": [2, 2, 4, 0], "rotation": 90, "texture": "#cross"},
				"south": {"uv": [0, 0, 2, 2], "rotation": 270, "texture": "#cross"}
			}
		},
		{
			"from": [8, 0, 3.5],
			"to": [8, 10, 13],
			"rotation": {"angle": 0, "axis": "y", "origin": [8, 5, 8.25]},
			"faces": {
				"east": {"uv": [4.25, 0, 9, 5], "texture": "#cross"},
				"west": {"uv": [9, 0, 4.25, 5], "texture": "#cross"}
			}
		},
		{
			"from": [8, 1.5, 3.5],
			"to": [8, 5.5, 8],
			"rotation": {"angle": 45, "axis": "y", "origin": [8, 4, 8]},
			"faces": {
				"east": {"uv": [2.25, 10.25, 0, 12.25], "texture": "#cross"},
				"west": {"uv": [0, 10.25, 2.25, 12.25], "texture": "#cross"}
			}
		},
		{
			"from": [8, 1, 8],
			"to": [8, 5, 12.5],
			"rotation": {"angle": 45, "axis": "y", "origin": [8, 5, 8]},
			"faces": {
				"east": {"uv": [0, 3.25, 2.25, 5.25], "texture": "#cross"},
				"west": {"uv": [2.25, 3.25, 0, 5.25], "texture": "#cross"}
			}
		},
		{
			"from": [3.5, 2.5, 8],
			"to": [8, 6.5, 8],
			"rotation": {"angle": 45, "axis": "y", "origin": [8, 6.5, 8]},
			"faces": {
				"north": {"uv": [2.25, 3.25, 0, 5.25], "texture": "#cross"},
				"east": {"uv": [0, 0, 0, 6], "texture": "#cross"},
				"south": {"uv": [0, 3.25, 2.25, 5.25], "texture": "#cross"},
				"west": {"uv": [0, 0, 0, 6], "texture": "#cross"},
				"up": {"uv": [0, 0, 0, 5.5], "rotation": 270, "texture": "#cross"},
				"down": {"uv": [0, 0, 0, 5.5], "rotation": 90, "texture": "#cross"}
			}
		},
		{
			"from": [8, 1, 8],
			"to": [12.5, 5.5, 8],
			"rotation": {"angle": 45, "axis": "y", "origin": [8, 2, 8]},
			"faces": {
				"north": {"uv": [0, 5.25, 2.25, 7.5], "texture": "#cross"},
				"east": {"uv": [0, 0, 0, 6], "texture": "#cross"},
				"south": {"uv": [2.25, 5.25, 0, 7.5], "texture": "#cross"},
				"west": {"uv": [0, 0, 0, 6], "texture": "#cross"},
				"up": {"uv": [0, 0, 0, 5.5], "rotation": 90, "texture": "#cross"},
				"down": {"uv": [0, 0, 0, 5.5], "rotation": 270, "texture": "#cross"}
			}
		},
		{
			"from": [3, 0, 8],
			"to": [12.5, 10, 8],
			"rotation": {"angle": 0, "axis": "y", "origin": [7.75, 5, 8]},
			"faces": {
				"north": {"uv": [13.75, 0, 9, 5], "texture": "#cross"},
				"south": {"uv": [9, 0, 13.75, 5], "texture": "#cross"}
			}
		}
	],
	"display": {
		"thirdperson_righthand": {
			"rotation": [0, 45, 0],
			"translation": [0, 2.5, 0],
			"scale": [0.375, 0.375, 0.375]
		},
		"thirdperson_lefthand": {
			"rotation": [0, 45, 0],
			"translation": [0, 2.5, 0],
			"scale": [0.375, 0.375, 0.375]
		},
		"firstperson_righthand": {
			"rotation": [0, 45, 0],
			"translation": [1.75, 1.25, 0],
			"scale": [0.4, 0.4, 0.4]
		},
		"firstperson_lefthand": {
			"rotation": [0, 45, 0],
			"translation": [1.75, 1.25, 0],
			"scale": [0.4, 0.4, 0.4]
		},
		"ground": {
			"translation": [0, 3, 0],
			"scale": [0.5, 0.5, 0.5]
		},
		"gui": {
			"rotation": [35, -45, 0]
		},
		"fixed": {
			"translation": [0, 0.75, 0]
		}
	}
}