{
	"credit": "Made by Ensis",
	"ambientocclusion": false,
	"texture_size": [32, 32],
	"textures": {
		"0": "block/dandelion",
		"particle": "block/break/dandelion"
	},
	"elements": [
		{
			"from": [4.0429, 0, 8.04289],
			"to": [12.0429, 7, 8.04289],
			"rotation": {"angle": 0, "axis": "y", "origin": [7.2929, 2.5, 7.29289]},
			"faces": {
				"north": {"uv": [7.25, 12.5, 3.25, 16], "texture": "#0"},
				"south": {"uv": [3.25, 12.5, 7.25, 16], "texture": "#0"}
			}
		},
		{
			"from": [8.0429, 0, 4.04289],
			"to": [8.0429, 7, 12.04289],
			"rotation": {"angle": 0, "axis": "y", "origin": [7.5429, 0.5, 8.04289]},
			"faces": {
				"east": {"uv": [7.25, 12.5, 3.25, 16], "texture": "#0"},
				"west": {"uv": [3.25, 12.5, 7.25, 16], "texture": "#0"}
			}
		},
		{
			"from": [4.5, 5, 4.5],
			"to": [11.5, 5, 11.5],
			"rotation": {"angle": 0, "axis": "z", "origin": [8, 5, 7]},
			"faces": {
				"up": {"uv": [12, 16, 16, 12], "texture": "#0"},
				"down": {"uv": [12, 12, 16, 16], "texture": "#0"}
			}
		},
		{
			"from": [4.5, 5.1, 4.5],
			"to": [11.5, 5.1, 11.5],
			"rotation": {"angle": 0, "axis": "z", "origin": [8, 5, 7]},
			"faces": {
				"up": {"uv": [0, 4, 4, 0], "texture": "#0"},
				"down": {"uv": [0, 0, 4, 4], "texture": "#0"}
			}
		},
		{
			"from": [4.5, 5.2, 4.5],
			"to": [11.5, 5.2, 11.5],
			"rotation": {"angle": 0, "axis": "z", "origin": [8, 5, 7]},
			"faces": {
				"up": {"uv": [0, 8, 4, 4], "texture": "#0"},
				"down": {"uv": [0, 4, 4, 8], "texture": "#0"}
			}
		},
		{
			"from": [4.5, 5.3, 4.5],
			"to": [11.5, 5.3, 11.5],
			"rotation": {"angle": 0, "axis": "z", "origin": [8, 5, 7]},
			"faces": {
				"up": {"uv": [4, 4, 8, 0], "texture": "#0"},
				"down": {"uv": [4, 0, 8, 4], "texture": "#0"}
			}
		},
		{
			"from": [4.5, 5.4, 4.5],
			"to": [11.5, 5.4, 11.5],
			"rotation": {"angle": 0, "axis": "z", "origin": [8, 5, 7]},
			"faces": {
				"up": {"uv": [4, 8, 8, 4], "texture": "#0"},
				"down": {"uv": [4, 4, 8, 8], "texture": "#0"}
			}
		},
		{
			"from": [4.5, 5.5, 4.5],
			"to": [11.5, 5.5, 11.5],
			"rotation": {"angle": 0, "axis": "z", "origin": [8, 5, 7]},
			"faces": {
				"up": {"uv": [8, 4, 12, 0], "texture": "#0"},
				"down": {"uv": [8, 0, 12, 4], "texture": "#0"}
			}
		},
		{
			"from": [4.5, 5.6, 4.5],
			"to": [11.5, 5.6, 11.5],
			"rotation": {"angle": 0, "axis": "z", "origin": [8, 5, 7]},
			"faces": {
				"up": {"uv": [8, 8, 12, 4], "texture": "#0"},
				"down": {"uv": [8, 4, 12, 8], "texture": "#0"}
			}
		},
		{
			"from": [4.5, 5.7, 4.5],
			"to": [11.5, 5.7, 11.5],
			"rotation": {"angle": 0, "axis": "z", "origin": [8, 5, 7]},
			"faces": {
				"up": {"uv": [12, 4, 16, 0], "texture": "#0"},
				"down": {"uv": [12, 0, 16, 4], "texture": "#0"}
			}
		},
		{
			"from": [4.5, 5.8, 4.5],
			"to": [11.5, 5.8, 11.5],
			"rotation": {"angle": 0, "axis": "z", "origin": [8, 5, 7]},
			"faces": {
				"up": {"uv": [12, 8, 16, 4], "texture": "#0"},
				"down": {"uv": [12, 4, 16, 8], "texture": "#0"}
			}
		},
		{
			"from": [4.5, 5.9, 4.5],
			"to": [11.5, 5.9, 11.5],
			"rotation": {"angle": 0, "axis": "z", "origin": [8, 5, 7]},
			"faces": {
				"up": {"uv": [0, 12, 4, 8], "texture": "#0"},
				"down": {"uv": [0, 8, 4, 12], "texture": "#0"}
			}
		},
		{
			"from": [4.5, 6, 4.5],
			"to": [11.5, 6, 11.5],
			"rotation": {"angle": 0, "axis": "z", "origin": [8, 5, 7]},
			"faces": {
				"up": {"uv": [4, 12, 8, 8], "texture": "#0"},
				"down": {"uv": [4, 8, 8, 12], "texture": "#0"}
			}
		},
		{
			"from": [4.5, 6.1, 4.5],
			"to": [11.5, 6.1, 11.5],
			"rotation": {"angle": 0, "axis": "z", "origin": [8, 5, 7]},
			"faces": {
				"up": {"uv": [8, 12, 12, 8], "texture": "#0"},
				"down": {"uv": [8, 8, 12, 12], "texture": "#0"}
			}
		},
		{
			"from": [4.5, 6.2, 4.5],
			"to": [11.5, 6.2, 11.5],
			"rotation": {"angle": 0, "axis": "z", "origin": [8, 5, 7]},
			"faces": {
				"up": {"uv": [12, 12, 16, 8], "texture": "#0"},
				"down": {"uv": [12, 8, 16, 12], "texture": "#0"}
			}
		}
	],
	"display": {
		"gui": {
			"rotation": [35, -45, 0]
		}
	}
}