{
	"credit": "Made with Blockbench",
	"textures": {
		"cross": "block/oxeye_daisy",
		"particle": "block/break/oxeye_daisy"
	},
	"elements": [
		{
			"from": [6.5, 6.5, 7],
			"to": [9.5, 7, 9],
			"rotation": {"angle": -22.5, "axis": "x", "origin": [8, 6.5, 8]},
			"faces": {
				"north": {"uv": [12.5, 11.5, 9.5, 12], "texture": "#cross"},
				"east": {"uv": [12, 10, 12.5, 12], "rotation": 90, "texture": "#cross"},
				"south": {"uv": [9.5, 10, 12.5, 10.5], "texture": "#cross"},
				"west": {"uv": [9.5, 10, 10, 12], "rotation": 90, "texture": "#cross"},
				"down": {"uv": [9.5, 10, 12.5, 12], "texture": "#cross"}
			}
		},
		{
			"from": [7, 6.5, 6.5],
			"to": [9, 7, 7],
			"rotation": {"angle": -22.5, "axis": "x", "origin": [8, 6.5, 8]},
			"faces": {
				"north": {"uv": [12, 12, 10, 12.5], "texture": "#cross"},
				"east": {"uv": [11.5, 12, 12, 12.5], "rotation": 90, "texture": "#cross"},
				"west": {"uv": [10, 12, 10.5, 12.5], "rotation": 90, "texture": "#cross"},
				"down": {"uv": [10, 12, 12, 12.5], "texture": "#cross"}
			}
		},
		{
			"from": [7, 6.5, 9],
			"to": [9, 7, 9.5],
			"rotation": {"angle": -22.5, "axis": "x", "origin": [8, 6.5, 8]},
			"faces": {
				"east": {"uv": [11.5, 9.5, 12, 10], "rotation": 90, "texture": "#cross"},
				"south": {"uv": [10, 9.5, 12, 10], "texture": "#cross"},
				"west": {"uv": [10, 9.5, 10.5, 10], "rotation": 90, "texture": "#cross"},
				"down": {"uv": [10, 9.5, 12, 10], "texture": "#cross"}
			}
		},
		{
			"from": [7, 7, 6.5],
			"to": [9, 7.5, 7],
			"rotation": {"angle": -22.5, "axis": "x", "origin": [8, 6.5, 8]},
			"faces": {
				"north": {"uv": [4.5, 4.5, 2.5, 5], "texture": "#cross"},
				"east": {"uv": [4, 4.5, 4.5, 5], "rotation": 90, "texture": "#cross"},
				"west": {"uv": [2.5, 4.5, 3, 5], "rotation": 90, "texture": "#cross"},
				"up": {"uv": [2.5, 4.5, 4.5, 5], "texture": "#cross"}
			}
		},
		{
			"from": [4.5, 7, 4.5],
			"to": [11.5, 7, 11.5],
			"rotation": {"angle": -22.5, "axis": "x", "origin": [8, 6.5, 8]},
			"faces": {
				"up": {"uv": [0, 0, 7, 7], "texture": "#cross"},
				"down": {"uv": [14.5, 7.5, 7.5, 14.5], "texture": "#cross"}
			}
		},
		{
			"from": [4.5, 7.25, 4.5],
			"to": [11.5, 7.25, 11.5],
			"rotation": {"angle": -22.5, "axis": "x", "origin": [8, 6.5, 8]},
			"faces": {
				"up": {"uv": [7.5, 0, 14.5, 7], "texture": "#cross"},
				"down": {"uv": [14.5, 0, 7.5, 7], "texture": "#cross"}
			}
		},
		{
			"from": [6.5, 7, 7],
			"to": [9.5, 7.5, 9],
			"rotation": {"angle": -22.5, "axis": "x", "origin": [8, 6.5, 8]},
			"faces": {
				"north": {"uv": [5, 2.5, 2, 3], "texture": "#cross"},
				"east": {"uv": [4.5, 2.5, 5, 4.5], "rotation": 90, "texture": "#cross"},
				"south": {"uv": [2, 4, 5, 4.5], "texture": "#cross"},
				"west": {"uv": [2, 2.5, 2.5, 4.5], "rotation": 90, "texture": "#cross"},
				"up": {"uv": [2, 2.5, 5, 4.5], "texture": "#cross"}
			}
		},
		{
			"from": [7, 7, 9],
			"to": [9, 7.5, 9.5],
			"rotation": {"angle": -22.5, "axis": "x", "origin": [8, 6.5, 8]},
			"faces": {
				"east": {"uv": [4, 2, 4.5, 2.5], "rotation": 90, "texture": "#cross"},
				"south": {"uv": [2.5, 2, 4.5, 2.5], "texture": "#cross"},
				"west": {"uv": [2.5, 2, 3, 2.5], "rotation": 90, "texture": "#cross"},
				"up": {"uv": [2.5, 2, 4.5, 2.5], "texture": "#cross"}
			}
		},
		{
			"from": [8, 0, 5],
			"to": [8, 7, 10.5],
			"faces": {
				"east": {"uv": [5.5, 7, 0, 14], "texture": "#cross"},
				"west": {"uv": [0, 7, 5.5, 14], "texture": "#cross"}
			}
		},
		{
			"from": [5.5, 0, 8],
			"to": [11, 7, 8],
			"rotation": {"angle": 0, "axis": "y", "origin": [8, 3.5, 8]},
			"faces": {
				"north": {"uv": [0, 7, 5.5, 14], "texture": "#cross"},
				"south": {"uv": [5.5, 7, 0, 14], "texture": "#cross"}
			}
		}
	],
	"display": {
		"thirdperson_righthand": {
			"rotation": [0, 45, 0],
			"translation": [0, 2.5, 0],
			"scale": [0.375, 0.375, 0.375]
		},
		"thirdperson_lefthand": {
			"rotation": [0, 45, 0],
			"translation": [0, 2.5, 0],
			"scale": [0.375, 0.375, 0.375]
		},
		"firstperson_righthand": {
			"rotation": [0, 45, 0],
			"translation": [1.75, 1.25, 0],
			"scale": [0.4, 0.4, 0.4]
		},
		"firstperson_lefthand": {
			"rotation": [0, 45, 0],
			"translation": [1.75, 1.25, 0],
			"scale": [0.4, 0.4, 0.4]
		},
		"ground": {
			"rotation": [90, 0, 0],
			"translation": [0, 3, 0],
			"scale": [0.5, 0.5, 0.5]
		},
		"gui": {
			"rotation": [30, 225, 0],
			"translation": [0, -0.25, 0]
		},
		"fixed": {
			"translation": [0, 0.75, 0]
		}
	}
}