{
	"credit": "Made with Blockbench",
	"ambientocclusion": false,
	"textures": {
		"0": "block/pink_petals",
		"particle": "block/break/pink_petals"
	},
	"elements": [
		{
			"from": [0.5, 2.99, 4.5],
			"to": [2.5, 2.99, 6.5],
			"faces": {
				"up": {"uv": [0.5, 13.5, 2.5, 15.5], "texture": "#0"},
				"down": {"uv": [7, 16, 9, 14], "texture": "#0"}
			}
		},
		{
			"from": [1.5, 2.99, 4],
			"to": [2.5, 2.99, 4.5],
			"rotation": {"angle": 22.5, "axis": "x", "origin": [2, 3, 4.5]},
			"faces": {
				"up": {"uv": [1.5, 13, 2.5, 13.5], "texture": "#0"},
				"down": {"uv": [1.5, 13.5, 2.5, 13], "texture": "#0"}
			}
		},
		{
			"from": [0, 2.99, 4.5],
			"to": [0.5, 2.99, 5.5],
			"rotation": {"angle": -22.5, "axis": "z", "origin": [0.5, 3, 5]},
			"faces": {
				"up": {"uv": [0, 13.5, 0.5, 14.5], "texture": "#0"},
				"down": {"uv": [0, 14.5, 0.5, 13.5], "texture": "#0"}
			}
		},
		{
			"from": [0.5, 2.99, 6.5],
			"to": [1.5, 2.99, 7],
			"rotation": {"angle": -22.5, "axis": "x", "origin": [1, 3, 6.5]},
			"faces": {
				"up": {"uv": [0.5, 15.5, 1.5, 16], "texture": "#0"},
				"down": {"uv": [0.5, 16, 1.5, 15.5], "texture": "#0"}
			}
		},
		{
			"from": [2.5, 2.99, 5.5],
			"to": [3, 2.99, 6.5],
			"rotation": {"angle": 22.5, "axis": "z", "origin": [2.5, 3, 6]},
			"faces": {
				"up": {"uv": [2.5, 14.5, 3, 15.5], "texture": "#0"},
				"down": {"uv": [2.5, 15.5, 3, 14.5], "texture": "#0"}
			}
		},
		{
			"from": [1, -0.01, 5.5],
			"to": [2, 2.99, 5.5],
			"rotation": {"angle": -45, "axis": "y", "origin": [1.5, 0, 5.5]},
			"faces": {
				"north": {"uv": [15, 11, 14, 14], "texture": "#0"},
				"south": {"uv": [14, 11, 15, 14], "texture": "#0"}
			}
		},
		{
			"from": [1.5, -0.01, 5],
			"to": [1.5, 2.99, 6],
			"rotation": {"angle": -45, "axis": "y", "origin": [1.5, 0, 5.5]},
			"faces": {
				"east": {"uv": [14, 11, 15, 14], "texture": "#0"},
				"west": {"uv": [15, 11, 14, 14], "texture": "#0"}
			}
		},
		{
			"from": [6, 2.99, 6],
			"to": [7, 2.99, 7],
			"rotation": {"angle": 0, "axis": "y", "origin": [5, 0, 1]},
			"faces": {
				"up": {"uv": [13, 8, 14, 9], "texture": "#0"},
				"down": {"uv": [11.5, 13, 12.5, 12], "texture": "#0"}
			}
		},
		{
			"from": [6, 2.99, 5.5],
			"to": [7, 2.99, 6],
			"rotation": {"angle": 22.5, "axis": "x", "origin": [6, 3, 6]},
			"faces": {
				"up": {"uv": [13, 7.5, 14, 8], "texture": "#0"},
				"down": {"uv": [13, 8, 14, 7.5], "texture": "#0"}
			}
		},
		{
			"from": [5.5, 2.99, 6],
			"to": [6, 2.99, 7],
			"rotation": {"angle": -22.5, "axis": "z", "origin": [6, 3, 6]},
			"faces": {
				"up": {"uv": [12.5, 8, 13, 9], "texture": "#0"},
				"down": {"uv": [12.5, 9, 13, 8], "texture": "#0"}
			}
		},
		{
			"from": [6, 2.99, 7],
			"to": [7, 2.99, 7.5],
			"rotation": {"angle": -22.5, "axis": "x", "origin": [6, 3, 7]},
			"faces": {
				"up": {"uv": [13, 9, 14, 9.5], "texture": "#0"},
				"down": {"uv": [13, 9.5, 14, 9], "texture": "#0"}
			}
		},
		{
			"from": [7, 2.99, 6],
			"to": [7.5, 2.99, 7],
			"rotation": {"angle": 22.5, "axis": "z", "origin": [7, 3, 7]},
			"faces": {
				"up": {"uv": [14, 8, 14.5, 9], "texture": "#0"},
				"down": {"uv": [14, 9, 14.5, 8], "texture": "#0"}
			}
		},
		{
			"from": [6, -0.01, 6.5],
			"to": [7, 2.99, 6.5],
			"rotation": {"angle": -45, "axis": "y", "origin": [6.5, 0, 6.5]},
			"faces": {
				"north": {"uv": [15, 11, 14, 14], "texture": "#0"},
				"south": {"uv": [14, 11, 15, 14], "texture": "#0"}
			}
		},
		{
			"from": [6.5, -0.01, 6],
			"to": [6.5, 2.99, 7],
			"rotation": {"angle": -45, "axis": "y", "origin": [6.5, 0, 6.5]},
			"faces": {
				"east": {"uv": [14, 11, 15, 14], "texture": "#0"},
				"west": {"uv": [15, 11, 14, 14], "texture": "#0"}
			}
		},
		{
			"from": [3.5, 2.99, 0.5],
			"to": [5.5, 2.99, 2.5],
			"rotation": {"angle": 0, "axis": "y", "origin": [3, 0, -4]},
			"faces": {
				"up": {"uv": [9.5, 8, 11.5, 10], "texture": "#0"},
				"down": {"uv": [14, 16, 16, 14], "texture": "#0"}
			}
		},
		{
			"from": [4, 2.99, 0],
			"to": [5, 2.99, 0.5],
			"rotation": {"angle": 22.5, "axis": "x", "origin": [4, 3, 0.5]},
			"faces": {
				"up": {"uv": [10, 7.5, 11, 8], "texture": "#0"},
				"down": {"uv": [10, 8, 11, 7.5], "texture": "#0"}
			}
		},
		{
			"from": [3, 2.99, 1],
			"to": [3.5, 2.99, 2],
			"rotation": {"angle": -22.5, "axis": "z", "origin": [3.5, 3, 1]},
			"faces": {
				"up": {"uv": [9, 8.5, 9.5, 9.5], "texture": "#0"},
				"down": {"uv": [9, 9.5, 9.5, 8.5], "texture": "#0"}
			}
		},
		{
			"from": [4, 2.99, 2.5],
			"to": [5, 2.99, 3],
			"rotation": {"angle": -22.5, "axis": "x", "origin": [4, 3, 2.5]},
			"faces": {
				"up": {"uv": [10, 10, 11, 10.5], "texture": "#0"},
				"down": {"uv": [10, 10.5, 11, 10], "texture": "#0"}
			}
		},
		{
			"from": [5.5, 2.99, 1],
			"to": [6, 2.99, 2],
			"rotation": {"angle": 22.5, "axis": "z", "origin": [5.5, 3, 2]},
			"faces": {
				"up": {"uv": [11.5, 8.5, 12, 9.5], "texture": "#0"},
				"down": {"uv": [11.5, 9.5, 12, 8.5], "texture": "#0"}
			}
		},
		{
			"from": [4, -0.01, 1.5],
			"to": [5, 2.99, 1.5],
			"rotation": {"angle": -45, "axis": "y", "origin": [4.5, 0, 1.5]},
			"faces": {
				"north": {"uv": [15, 11, 14, 14], "texture": "#0"},
				"south": {"uv": [14, 11, 15, 14], "texture": "#0"}
			}
		},
		{
			"from": [4.5, -0.01, 1],
			"to": [4.5, 2.99, 2],
			"rotation": {"angle": -45, "axis": "y", "origin": [4.5, 0, 1.5]},
			"faces": {
				"east": {"uv": [14, 11, 15, 14], "texture": "#0"},
				"west": {"uv": [15, 11, 14, 14], "texture": "#0"}
			}
		}
	],
	"groups": [
		{
			"name": "group",
			"origin": [1.5, 0, 5.5],
			"color": 0,
			"nbt": "{}",
			"children": [0, 1, 2, 3, 4, 5, 6]
		},
		{
			"name": "group",
			"origin": [1.5, 0, 5.5],
			"color": 0,
			"nbt": "{}",
			"children": [7, 8, 9, 10, 11, 12, 13]
		},
		{
			"name": "group",
			"origin": [1.5, 0, 5.5],
			"color": 0,
			"nbt": "{}",
			"children": [14, 15, 16, 17, 18, 19, 20]
		}
	]
}