{
	"credit": "Made with Blockbench",
	"ambientocclusion": false,
	"textures": {
		"0": "block/pink_petals",
		"particle": "block/break/pink_petals"
	},
	"elements": [
		{
			"from": [9, -0.01, 9.5],
			"to": [10, 1.99, 9.5],
			"rotation": {"angle": -45, "axis": "y", "origin": [9.5, -1, 9.5]},
			"faces": {
				"north": {"uv": [15, 11, 14, 13], "texture": "#0"},
				"south": {"uv": [14, 11, 15, 13], "texture": "#0"}
			}
		},
		{
			"from": [9.5, -0.01, 9],
			"to": [9.5, 1.99, 10],
			"rotation": {"angle": -45, "axis": "y", "origin": [9.5, -1, 9.5]},
			"faces": {
				"east": {"uv": [14, 11, 15, 13], "texture": "#0"},
				"west": {"uv": [15, 11, 14, 13], "texture": "#0"}
			}
		},
		{
			"from": [9, 1.99, 10.5],
			"to": [10, 1.99, 11],
			"rotation": {"angle": -22.5, "axis": "x", "origin": [9, 2, 10.5]},
			"faces": {
				"up": {"uv": [6.5, 10, 7.5, 10.5], "texture": "#0"},
				"down": {"uv": [6.5, 10.5, 7.5, 10], "texture": "#0"}
			}
		},
		{
			"from": [10.5, 1.99, 9],
			"to": [11, 1.99, 10],
			"rotation": {"angle": 22.5, "axis": "z", "origin": [10.5, 2, 10]},
			"faces": {
				"up": {"uv": [8, 8.5, 8.5, 9.5], "texture": "#0"},
				"down": {"uv": [8, 9.5, 8.5, 8.5], "texture": "#0"}
			}
		},
		{
			"from": [8, 1.99, 9],
			"to": [8.5, 1.99, 10],
			"rotation": {"angle": -22.5, "axis": "z", "origin": [8.5, 2, 9]},
			"faces": {
				"up": {"uv": [5.5, 8.5, 6, 9.5], "texture": "#0"},
				"down": {"uv": [5.5, 9.5, 6, 8.5], "texture": "#0"}
			}
		},
		{
			"from": [9, 1.99, 8],
			"to": [10, 1.99, 8.5],
			"rotation": {"angle": 22.5, "axis": "x", "origin": [9, 2, 8.5]},
			"faces": {
				"up": {"uv": [6.5, 7.5, 7.5, 8], "texture": "#0"},
				"down": {"uv": [6.5, 8, 7.5, 7.5], "texture": "#0"}
			}
		},
		{
			"from": [8.5, 1.99, 8.5],
			"to": [10.5, 1.99, 10.5],
			"rotation": {"angle": 0, "axis": "y", "origin": [8, -1, 4]},
			"faces": {
				"up": {"uv": [6, 8, 8, 10], "texture": "#0"},
				"down": {"uv": [11.5, 16, 13.5, 14], "texture": "#0"}
			}
		},
		{
			"from": [13.5, 1.99, 9.5],
			"to": [15.5, 1.99, 11.5],
			"rotation": {"angle": 0, "axis": "y", "origin": [13, -1, 5]},
			"faces": {
				"up": {"uv": [4, 13.5, 6, 15.5], "texture": "#0"},
				"down": {"uv": [9.5, 16, 11.5, 14], "texture": "#0"}
			}
		},
		{
			"from": [13.5, 1.99, 9],
			"to": [14.5, 1.99, 9.5],
			"rotation": {"angle": 22.5, "axis": "x", "origin": [14, 2, 9.5]},
			"faces": {
				"up": {"uv": [4, 13, 5, 13.5], "texture": "#0"},
				"down": {"uv": [4, 13.5, 5, 13], "texture": "#0"}
			}
		},
		{
			"from": [13, 1.99, 10.5],
			"to": [13.5, 1.99, 11.5],
			"rotation": {"angle": -22.5, "axis": "z", "origin": [13.5, 2, 10]},
			"faces": {
				"up": {"uv": [3.5, 14.5, 4, 15.5], "texture": "#0"},
				"down": {"uv": [3.5, 15.5, 4, 14.5], "texture": "#0"}
			}
		},
		{
			"from": [14.5, 1.99, 11.5],
			"to": [15.5, 1.99, 12],
			"rotation": {"angle": -22.5, "axis": "x", "origin": [14, 2, 11.5]},
			"faces": {
				"up": {"uv": [5, 15.5, 6, 16], "texture": "#0"},
				"down": {"uv": [5, 16, 6, 15.5], "texture": "#0"}
			}
		},
		{
			"from": [15.5, 1.99, 9.5],
			"to": [16, 1.99, 10.5],
			"rotation": {"angle": 22.5, "axis": "z", "origin": [15.5, 2, 10]},
			"faces": {
				"up": {"uv": [6, 13.5, 6.5, 14.5], "texture": "#0"},
				"down": {"uv": [6, 14.5, 6.5, 13.5], "texture": "#0"}
			}
		},
		{
			"from": [14, -0.01, 10.5],
			"to": [15, 1.99, 10.5],
			"rotation": {"angle": -45, "axis": "y", "origin": [14.5, -1, 10.5]},
			"faces": {
				"north": {"uv": [15, 11, 14, 13], "texture": "#0"},
				"south": {"uv": [14, 11, 15, 13], "texture": "#0"}
			}
		},
		{
			"from": [14.5, -0.01, 10],
			"to": [14.5, 1.99, 11],
			"rotation": {"angle": -45, "axis": "y", "origin": [14.5, -1, 10.5]},
			"faces": {
				"east": {"uv": [14, 11, 15, 13], "texture": "#0"},
				"west": {"uv": [15, 11, 14, 13], "texture": "#0"}
			}
		},
		{
			"from": [11.5, -0.01, 14],
			"to": [12.5, 1.99, 14],
			"rotation": {"angle": 45, "axis": "y", "origin": [12, 0, 14]},
			"faces": {
				"north": {"uv": [14, 11, 15, 13], "texture": "#0"},
				"south": {"uv": [15, 11, 14, 13], "texture": "#0"}
			}
		},
		{
			"from": [12, -0.01, 13.5],
			"to": [12, 1.99, 14.5],
			"rotation": {"angle": 45, "axis": "y", "origin": [12, 0, 14]},
			"faces": {
				"east": {"uv": [14, 11, 15, 13], "texture": "#0"},
				"west": {"uv": [15, 11, 14, 13], "texture": "#0"}
			}
		},
		{
			"from": [11, 1.99, 13],
			"to": [13, 1.99, 15],
			"rotation": {"angle": 0, "axis": "y", "origin": [10.5, -1, 8.5]},
			"faces": {
				"up": {"uv": [1.5, 9, 3.5, 11], "texture": "#0"},
				"down": {"uv": [5, 13, 7, 11], "texture": "#0"}
			}
		},
		{
			"from": [11, 1.99, 11.5],
			"to": [13, 1.99, 13],
			"rotation": {"angle": 22.5, "axis": "x", "origin": [11.5, 2, 13]},
			"faces": {
				"up": {"uv": [1.5, 7.5, 3.5, 9], "texture": "#0"},
				"down": {"uv": [1.5, 9, 3.5, 7.5], "texture": "#0"}
			}
		},
		{
			"from": [9.75, 1.99, 13],
			"to": [11, 1.99, 15],
			"rotation": {"angle": -22.5, "axis": "z", "origin": [11, 2, 13.5]},
			"faces": {
				"up": {"uv": [0, 9, 1.5, 11], "texture": "#0"},
				"down": {"uv": [0, 11, 1.5, 9], "texture": "#0"}
			}
		},
		{
			"from": [11, 1.99, 15],
			"to": [13, 1.99, 16.5],
			"rotation": {"angle": -22.5, "axis": "x", "origin": [11.5, 2, 15]},
			"faces": {
				"up": {"uv": [1.5, 11, 3.5, 12.5], "texture": "#0"},
				"down": {"uv": [1.5, 12.5, 3.5, 11], "texture": "#0"}
			}
		},
		{
			"from": [13, 1.99, 13],
			"to": [14.5, 1.99, 15],
			"rotation": {"angle": 22.5, "axis": "z", "origin": [13, 2, 14.5]},
			"faces": {
				"up": {"uv": [3.5, 9, 5, 11], "texture": "#0"},
				"down": {"uv": [3.5, 11, 5, 9], "texture": "#0"}
			}
		}
	],
	"groups": [
		{
			"name": "group",
			"origin": [1.5, 0, 5.5],
			"color": 0,
			"nbt": "{}",
			"children": [0, 1, 2, 3, 4, 5, 6]
		},
		{
			"name": "group",
			"origin": [1.5, 0, 5.5],
			"color": 0,
			"nbt": "{}",
			"children": [7, 8, 9, 10, 11, 12, 13]
		},
		{
			"name": "group",
			"origin": [1.5, 0, 5.5],
			"color": 0,
			"nbt": "{}",
			"children": [14, 15, 16, 17, 18, 19, 20]
		}
	]
}