{
	"credit": "Made with Blockbench",
	"ambientocclusion": false,
	"textures": {
		"0": "block/pitcher_crop",
		"1": "block/pitcher_crop_stage_4",
		"pitcher_top": "block/pitcher_crop_top",
		"pitcher_side": "block/pitcher_crop_side",
		"pitcher_bottom": "block/pitcher_crop_bottom",
		"particle": "block/break/pitcher_crop_stage_4"
	},
	"elements": [
		{
			"name": "pitcher_crop_bottom_stage_1",
			"from": [3, -1, 3],
			"to": [13, 5, 13],
			"faces": {
				"north": {"uv": [3, 10, 13, 16], "texture": "#pitcher_side"},
				"east": {"uv": [3, 10, 13, 16], "texture": "#pitcher_side"},
				"south": {"uv": [3, 10, 13, 16], "texture": "#pitcher_side"},
				"west": {"uv": [3, 10, 13, 16], "texture": "#pitcher_side"},
				"up": {"uv": [3, 3, 13, 13], "texture": "#pitcher_top"},
				"down": {"uv": [3, 3, 13, 13], "texture": "#pitcher_bottom"}
			}
		},
		{
			"from": [8, 5, 0],
			"to": [8, 15, 16],
			"rotation": {"angle": 45, "axis": "y", "origin": [8, 10, 8]},
			"faces": {
				"east": {"uv": [16, 1, 0, 11], "texture": "#1"},
				"west": {"uv": [0, 1, 16, 11], "texture": "#1"}
			}
		},
		{
			"from": [0, 5, 8],
			"to": [16, 15, 8],
			"rotation": {"angle": 45, "axis": "y", "origin": [8, 10, 8]},
			"faces": {
				"north": {"uv": [0, 1, 16, 11], "texture": "#1"},
				"south": {"uv": [16, 1, 0, 11], "texture": "#1"}
			}
		},
		{
			"from": [5.5, 14.5, 6],
			"to": [6, 24, 10],
			"rotation": {"angle": 0, "axis": "y", "origin": [8, 10, 8]},
			"faces": {
				"east": {"uv": [2.25, 2.75, 0.25, 7.5], "texture": "#0"},
				"west": {"uv": [0.25, 2.75, 2.25, 7.5], "texture": "#0"},
				"up": {"uv": [2.25, 2.75, 0.25, 3], "rotation": 270, "texture": "#0"}
			}
		},
		{
			"from": [10, 14.5, 6],
			"to": [10.5, 24, 10],
			"rotation": {"angle": 0, "axis": "y", "origin": [8, 10, 8]},
			"faces": {
				"east": {"uv": [0.25, 2.75, 2.25, 7.5], "texture": "#0"},
				"west": {"uv": [2.25, 2.75, 0.25, 7.5], "texture": "#0"},
				"up": {"uv": [0.25, 2.75, 2.25, 3], "rotation": 270, "texture": "#0"}
			}
		},
		{
			"from": [5.5, 14.5, 5.5],
			"to": [10.5, 24, 6],
			"rotation": {"angle": 0, "axis": "y", "origin": [8, 10, 8]},
			"faces": {
				"north": {"uv": [0, 2.75, 2.5, 7.5], "texture": "#0"},
				"east": {"uv": [2.25, 2.75, 2.5, 7.5], "texture": "#0"},
				"south": {"uv": [2.5, 2.75, 0, 7.5], "texture": "#0"},
				"west": {"uv": [0, 2.75, 0.25, 7.5], "texture": "#0"},
				"up": {"uv": [0, 2.75, 2.5, 3], "rotation": 180, "texture": "#0"}
			}
		},
		{
			"from": [5.5, 14.5, 10],
			"to": [10.5, 24, 10.5],
			"rotation": {"angle": 0, "axis": "y", "origin": [8, 10, 8]},
			"faces": {
				"north": {"uv": [2.5, 2.75, 0, 7.5], "texture": "#0"},
				"east": {"uv": [0, 2.75, 0.25, 7.5], "texture": "#0"},
				"south": {"uv": [0, 2.75, 2.5, 7.5], "texture": "#0"},
				"west": {"uv": [2.25, 2.75, 2.5, 7.5], "texture": "#0"},
				"up": {"uv": [2.5, 2.75, 0, 3], "rotation": 180, "texture": "#0"}
			}
		},
		{
			"from": [5.5, 14, 5.5],
			"to": [10.5, 14.5, 10.5],
			"rotation": {"angle": 0, "axis": "y", "origin": [8, 10, 8]},
			"faces": {
				"north": {"uv": [0, 7.5, 2.5, 7.75], "texture": "#0"},
				"east": {"uv": [0, 7.5, 2.5, 7.75], "texture": "#0"},
				"south": {"uv": [0, 7.5, 2.5, 7.75], "texture": "#0"},
				"west": {"uv": [0, 7.5, 2.5, 7.75], "texture": "#0"},
				"up": {"uv": [0, 0, 2.5, 2.5], "rotation": 180, "texture": "#0"},
				"down": {"uv": [0, 8, 2.5, 10.5], "rotation": 180, "texture": "#0"}
			}
		},
		{
			"from": [7.5, 14, 7.5],
			"to": [8.5, 24, 8.5],
			"rotation": {"angle": 0, "axis": "y", "origin": [8, 10, 8]},
			"faces": {
				"north": {"uv": [2.75, 4.25, 3.25, 9.5], "texture": "#0"},
				"east": {"uv": [2.75, 4.25, 3.25, 9.5], "texture": "#0"},
				"south": {"uv": [2.75, 4.25, 3.25, 9.5], "texture": "#0"},
				"west": {"uv": [2.75, 4.25, 3.25, 9.5], "texture": "#0"}
			}
		},
		{
			"from": [7, 24, 7],
			"to": [9, 26, 9],
			"rotation": {"angle": 0, "axis": "y", "origin": [8, 10, 8]},
			"faces": {
				"north": {"uv": [3.5, 5.5, 4.5, 6.5], "texture": "#0"},
				"east": {"uv": [3.5, 5.5, 4.5, 6.5], "texture": "#0"},
				"south": {"uv": [3.5, 5.5, 4.5, 6.5], "texture": "#0"},
				"west": {"uv": [3.5, 5.5, 4.5, 6.5], "texture": "#0"},
				"up": {"uv": [3.5, 4.25, 4.5, 5.25], "rotation": 180, "texture": "#0"},
				"down": {"uv": [3.5, 6.75, 4.5, 7.75], "rotation": 180, "texture": "#0"}
			}
		},
		{
			"from": [5.5, 21.66726, -5.13173],
			"to": [10.5, 23.66726, -4.63173],
			"rotation": {"angle": 45, "axis": "x", "origin": [8, 10, 8]},
			"faces": {
				"north": {"uv": [2.75, 3, 5.25, 4], "texture": "#0"},
				"east": {"uv": [5, 3, 5.25, 4], "texture": "#0"},
				"south": {"uv": [5.25, 3, 2.75, 4], "texture": "#0"},
				"west": {"uv": [2.75, 3, 3, 4], "texture": "#0"},
				"down": {"uv": [2.75, 3.75, 5.25, 4], "rotation": 180, "texture": "#0"}
			}
		},
		{
			"from": [5.5, 21.66726, -4.63173],
			"to": [6, 23.66726, -0.63173],
			"rotation": {"angle": 45, "axis": "x", "origin": [8, 10, 8]},
			"faces": {
				"east": {"uv": [5, 3, 3, 4], "texture": "#0"},
				"west": {"uv": [3, 3, 5, 4], "texture": "#0"},
				"down": {"uv": [3, 3.75, 5, 4], "rotation": 270, "texture": "#0"}
			}
		},
		{
			"from": [5.5, 23.66726, -5.13173],
			"to": [10.5, 24.16726, -0.13173],
			"rotation": {"angle": 45, "axis": "x", "origin": [8, 10, 8]},
			"faces": {
				"north": {"uv": [2.75, 2.75, 5.25, 3], "texture": "#0"},
				"east": {"uv": [2.75, 2.75, 5.25, 3], "texture": "#0"},
				"south": {"uv": [2.75, 2.75, 5.25, 3], "texture": "#0"},
				"west": {"uv": [2.75, 2.75, 5.25, 3], "texture": "#0"},
				"up": {"uv": [2.75, 0, 5.25, 2.5], "rotation": 180, "texture": "#0"},
				"down": {"uv": [2.75, 0, 5.25, 2.5], "rotation": 180, "texture": "#0"}
			}
		},
		{
			"from": [5.5, 21.66726, -0.63173],
			"to": [10.5, 23.66726, -0.13173],
			"rotation": {"angle": 45, "axis": "x", "origin": [8, 10, 8]},
			"faces": {
				"north": {"uv": [5.25, 3, 2.75, 4], "texture": "#0"},
				"east": {"uv": [2.75, 3, 3, 4], "texture": "#0"},
				"south": {"uv": [2.75, 3, 5.25, 4], "texture": "#0"},
				"west": {"uv": [5, 3, 5.25, 4], "texture": "#0"},
				"down": {"uv": [5.25, 3.75, 2.75, 4], "rotation": 180, "texture": "#0"}
			}
		},
		{
			"from": [10, 21.66726, -4.63173],
			"to": [10.5, 23.66726, -0.63173],
			"rotation": {"angle": 45, "axis": "x", "origin": [8, 10, 8]},
			"faces": {
				"east": {"uv": [3, 3, 5, 4], "texture": "#0"},
				"west": {"uv": [5, 3, 3, 4], "texture": "#0"},
				"down": {"uv": [5, 3.75, 3, 4], "rotation": 270, "texture": "#0"}
			}
		}
	],
	"groups": [
		0,
		{
			"name": "pitcher_plant",
			"origin": [8, 8, 8],
			"color": 0,
			"nbt": "{}",
			"children": [1, 2, 3, 4, 5, 6, 7, 8, 9, 10, 11, 12, 13, 14]
		}
	]
}