{
	"credit": "Made by Ensis",
	"parent": "block/block",
	"ambientocclusion": false,
	"textures": {
		"cross": "block/poppy"
	},
	"elements": [
		{
			"from": [8, 4, 4],
			"to": [8, 11, 8.5],
			"rotation": {"angle": 0, "axis": "y", "origin": [0, 4, 0]},
			"faces": {
				"east": {"uv": [9, 9, 4.5, 16], "texture": "#cross"},
				"west": {"uv": [4.5, 9, 9, 16], "texture": "#cross"}
			}
		},
		{
			"from": [7.5, 4, 8],
			"to": [12, 11, 8],
			"rotation": {"angle": 0, "axis": "y", "origin": [8, 10, 8]},
			"faces": {
				"north": {"uv": [4.5, 9, 0, 16], "texture": "#cross"},
				"south": {"uv": [0, 9, 4.5, 16], "texture": "#cross"}
			}
		},
		{
			"from": [5, 11, 5],
			"to": [11, 11, 11],
			"rotation": {"angle": 0, "axis": "y", "origin": [8, 11, 8]},
			"faces": {
				"up": {"uv": [0, 0, 6, 6], "texture": "#cross"},
				"down": {"uv": [6, 0, 12, 6], "texture": "#cross"}
			}
		},
		{
			"from": [7.5, 11, 7.5],
			"to": [8.5, 11.5, 8.5],
			"rotation": {"angle": 0, "axis": "y", "origin": [8, 11, 8]},
			"faces": {
				"north": {"uv": [2.5, 3, 3.5, 3.5], "texture": "#cross"},
				"east": {"uv": [2.5, 2.5, 3.5, 3], "texture": "#cross"},
				"south": {"uv": [2.5, 3, 3.5, 3.5], "texture": "#cross"},
				"west": {"uv": [2.5, 2.5, 3.5, 3], "texture": "#cross"},
				"up": {"uv": [2.5, 2.5, 3.5, 3.5], "texture": "#cross"}
			}
		},
		{
			"from": [8.5, 11, 6],
			"to": [12, 11, 10],
			"rotation": {"angle": 22.5, "axis": "z", "origin": [8.5, 11, 8]},
			"faces": {
				"up": {"uv": [12, 10, 16, 6.5], "rotation": 270, "texture": "#cross"},
				"down": {"uv": [12, 10, 16, 6.5], "rotation": 270, "texture": "#cross"}
			}
		},
		{
			"from": [8.5, 11, 6.5],
			"to": [8.5, 13.5, 9.5],
			"rotation": {"angle": -45, "axis": "z", "origin": [8.5, 11, 8]},
			"faces": {
				"east": {"uv": [12.5, 13, 15.5, 10.5], "rotation": 180, "texture": "#cross"},
				"west": {"uv": [12.5, 13, 15.5, 10.5], "rotation": 180, "texture": "#cross"}
			}
		},
		{
			"from": [6.5, 11.35355, 8.35355],
			"to": [9.5, 13.85355, 8.35355],
			"rotation": {"angle": 45, "axis": "x", "origin": [8, 11, 8]},
			"faces": {
				"north": {"uv": [12.5, 13, 15.5, 10.5], "rotation": 180, "texture": "#cross"},
				"south": {"uv": [12.5, 13, 15.5, 10.5], "rotation": 180, "texture": "#cross"}
			}
		},
		{
			"from": [6, 10.80866, 8.46194],
			"to": [10, 10.80866, 11.96194],
			"rotation": {"angle": -22.5, "axis": "x", "origin": [8, 11, 8]},
			"faces": {
				"up": {"uv": [12, 10, 16, 6.5], "texture": "#cross"},
				"down": {"uv": [12, 10, 16, 6.5], "rotation": 180, "texture": "#cross"}
			}
		},
		{
			"from": [6.5, 11.35355, 7.64645],
			"to": [9.5, 13.85355, 7.64645],
			"rotation": {"angle": -45, "axis": "x", "origin": [8, 11, 8]},
			"faces": {
				"north": {"uv": [12.5, 13, 15.5, 10.5], "rotation": 180, "texture": "#cross"},
				"south": {"uv": [12.5, 13, 15.5, 10.5], "rotation": 180, "texture": "#cross"}
			}
		},
		{
			"from": [6, 10.80866, 4.03806],
			"to": [10, 10.80866, 7.53806],
			"rotation": {"angle": 22.5, "axis": "x", "origin": [8, 11, 8]},
			"faces": {
				"up": {"uv": [12, 10, 16, 6.5], "rotation": 180, "texture": "#cross"},
				"down": {"uv": [12, 10, 16, 6.5], "texture": "#cross"}
			}
		},
		{
			"from": [7.5, 11, 6.5],
			"to": [7.5, 13.5, 9.5],
			"rotation": {"angle": 45, "axis": "z", "origin": [7.5, 11, 8]},
			"faces": {
				"east": {"uv": [12.5, 13, 15.5, 10.5], "rotation": 180, "texture": "#cross"},
				"west": {"uv": [12.5, 13, 15.5, 10.5], "rotation": 180, "texture": "#cross"}
			}
		},
		{
			"from": [4, 11, 6],
			"to": [7.5, 11, 10],
			"rotation": {"angle": -22.5, "axis": "z", "origin": [7.5, 11, 8]},
			"faces": {
				"up": {"uv": [12, 10, 16, 6.5], "rotation": 90, "texture": "#cross"},
				"down": {"uv": [12, 10, 16, 6.5], "rotation": 90, "texture": "#cross"}
			}
		}
	],
	"display": {
		"thirdperson_righthand": {
			"rotation": [0, 45, 0],
			"translation": [0, 2.5, 0],
			"scale": [0.375, 0.375, 0.375]
		},
		"thirdperson_lefthand": {
			"rotation": [0, 45, 0],
			"translation": [0, 2.5, 0],
			"scale": [0.375, 0.375, 0.375]
		},
		"firstperson_righthand": {
			"rotation": [0, 45, 0],
			"translation": [1.75, 1.25, 0],
			"scale": [0.4, 0.4, 0.4]
		},
		"firstperson_lefthand": {
			"rotation": [0, 45, 0],
			"translation": [1.75, 1.25, 0],
			"scale": [0.4, 0.4, 0.4]
		},
		"ground": {
			"translation": [0, 3, 0],
			"scale": [0.5, 0.5, 0.5]
		},
		"gui": {
			"rotation": [35, -45, 0]
		},
		"head": {
			"translation": [0, 14.5, 0]
		},
		"fixed": {
			"translation": [0, 0.75, 0]
		}
	}
}