{
	"credit": "Made with Blockbench",
	"parent": "block/block",
	"ambientocclusion": false,
	"textures": {
		"plant": "block/allium"
	},
	"elements": [
		{
			"from": [5.5, 10, 5.5],
			"to": [10.5, 15, 10.5],
			"rotation": {"angle": 0, "axis": "y", "origin": [13.5, 17, 13.5]},
			"faces": {
				"north": {"uv": [0, 0, 5, 5], "texture": "#plant"},
				"east": {"uv": [0, 0, 5, 5], "texture": "#plant"},
				"south": {"uv": [0, 0, 5, 5], "texture": "#plant"},
				"west": {"uv": [0, 0, 5, 5], "texture": "#plant"},
				"up": {"uv": [0, 0, 5, 5], "texture": "#plant"},
				"down": {"uv": [0, 0, 5, 5], "texture": "#plant"}
			}
		},
		{
			"from": [5.25, 9.75, 5.25],
			"to": [10.75, 15.25, 10.75],
			"rotation": {"angle": 0, "axis": "y", "origin": [13.5, 17, 13.5]},
			"faces": {
				"north": {"uv": [5.5, 0, 10.5, 5], "texture": "#plant"},
				"east": {"uv": [5.5, 0, 10.5, 5], "texture": "#plant"},
				"south": {"uv": [5.5, 0, 10.5, 5], "texture": "#plant"},
				"west": {"uv": [5.5, 0, 10.5, 5], "texture": "#plant"},
				"up": {"uv": [5.5, 0, 10.5, 5], "texture": "#plant"},
				"down": {"uv": [5.5, 0, 10.5, 5], "texture": "#plant"}
			}
		},
		{
			"from": [10.75, 9.75, 5.25],
			"to": [5.25, 15.25, 10.75],
			"rotation": {"angle": 0, "axis": "y", "origin": [13.5, 17, 13.5]},
			"faces": {
				"north": {"uv": [10.5, 0, 5.5, 5], "texture": "#plant"},
				"east": {"uv": [10.5, 0, 5.5, 5], "texture": "#plant"},
				"south": {"uv": [10.5, 0, 5.5, 5], "texture": "#plant"},
				"west": {"uv": [10.5, 0, 5.5, 5], "texture": "#plant"},
				"up": {"uv": [10.5, 0, 5.5, 5], "texture": "#plant"},
				"down": {"uv": [10.5, 0, 5.5, 5], "texture": "#plant"}
			}
		},
		{
			"from": [8, 2, 5.5],
			"to": [8, 10, 8.5],
			"faces": {
				"east": {"uv": [3, 5, 0, 13], "texture": "#plant"},
				"west": {"uv": [0, 5, 3, 13], "texture": "#plant"}
			}
		},
		{
			"from": [5, 2, 8],
			"to": [8.5, 10, 8],
			"rotation": {"angle": 0, "axis": "y", "origin": [8, 8, 8]},
			"faces": {
				"north": {"uv": [2, 5, 5.5, 13], "texture": "#plant"},
				"south": {"uv": [5.5, 5, 2, 13], "texture": "#plant"}
			}
		}
	],
	"display": {
		"thirdperson_righthand": {
			"rotation": [75, 45, 0],
			"translation": [0, 1.5, 2.5],
			"scale": [0.375, 0.375, 0.375]
		},
		"thirdperson_lefthand": {
			"rotation": [75, 45, 0],
			"translation": [0, 1.5, 2.5],
			"scale": [0.375, 0.375, 0.375]
		},
		"firstperson_righthand": {
			"rotation": [0, 45, 0],
			"translation": [0, 2.2, 0],
			"scale": [0.4, 0.4, 0.4]
		},
		"firstperson_lefthand": {
			"rotation": [0, 45, 0],
			"translation": [0, 2.2, 0],
			"scale": [0.4, 0.4, 0.4]
		},
		"ground": {
			"translation": [0, 3, 0],
			"scale": [0.75, 0.75, 0.75]
		},
		"gui": {
			"rotation": [30, 225, 0],
			"translation": [0, 1, 0]
		},
		"head": {
			"translation": [0, 14.5, 0]
		},
		"fixed": {
			"translation": [0, 0.75, 0]
		}
	}
}