{
	"credit": "Made with Blockbench",
	"parent": "block/block",
	"ambientocclusion": false,
	"textures": {
		"cross": "block/blue_orchid"
	},
	"elements": [
		{
			"from": [1.5, 4, 8],
			"to": [14, 12, 8],
			"rotation": {"angle": 0, "axis": "y", "origin": [8, 10, 7.5]},
			"faces": {
				"north": {"uv": [7, 1.5, 13.25, 5.5], "texture": "#cross"},
				"east": {"uv": [0, 0, 0, 4], "texture": "#cross"},
				"south": {"uv": [13.25, 1.5, 7, 5.5], "texture": "#cross"},
				"west": {"uv": [0, 0, 0, 4], "texture": "#cross"},
				"up": {"uv": [0, 0, 0, 4.5], "rotation": 270, "texture": "#cross"},
				"down": {"uv": [0, 0, 0, 4.5], "rotation": 90, "texture": "#cross"}
			}
		},
		{
			"from": [8, 4, 0],
			"to": [8, 15, 14],
			"rotation": {"angle": 0, "axis": "y", "origin": [0, 4, 0]},
			"faces": {
				"north": {"uv": [0, 0, 0, 6], "texture": "#cross"},
				"east": {"uv": [0, 0, 7, 5.5], "texture": "#cross"},
				"south": {"uv": [0, 0, 0, 6], "texture": "#cross"},
				"west": {"uv": [7, 0, 0, 5.5], "texture": "#cross"},
				"up": {"uv": [0, 0, 0, 5.5], "texture": "#cross"},
				"down": {"uv": [0, 0, 0, 5.5], "texture": "#cross"}
			}
		},
		{
			"from": [8, 4, 2.5],
			"to": [8, 9, 8],
			"rotation": {"angle": 45, "axis": "y", "origin": [8, 6.5, 8]},
			"faces": {
				"north": {"uv": [0, 0, 0, 2.5], "texture": "#cross"},
				"east": {"uv": [13.25, 3, 16, 5.5], "texture": "#cross"},
				"south": {"uv": [0, 0, 0, 2.5], "texture": "#cross"},
				"west": {"uv": [16, 3, 13.25, 5.5], "texture": "#cross"},
				"up": {"uv": [0, 0, 0, 2.75], "texture": "#cross"},
				"down": {"uv": [0, 0, 0, 2.75], "texture": "#cross"}
			}
		},
		{
			"from": [11.5, 6.5, 7.25],
			"to": [13, 8, 8.75],
			"rotation": {"angle": 22.5, "axis": "y", "origin": [12.25, 7.25, 8]},
			"faces": {
				"north": {"uv": [1.5, 9, 2.25, 9.75], "texture": "#cross"},
				"east": {"uv": [0.75, 9, 1.5, 9.75], "texture": "#cross"},
				"south": {"uv": [3, 9, 2.25, 9.75], "texture": "#cross"},
				"west": {"uv": [0, 9, 0.75, 9.75], "texture": "#cross"},
				"up": {"uv": [2.25, 9, 3, 9.75], "rotation": 90, "texture": "#cross"},
				"down": {"uv": [1.5, 9, 2.25, 9.75], "rotation": 270, "texture": "#cross"}
			}
		},
		{
			"from": [13.5, 6, 7.5],
			"to": [14.5, 7, 8.5],
			"rotation": {"angle": -22.5, "axis": "y", "origin": [14, 6.5, 8]},
			"faces": {
				"north": {"uv": [2, 9.75, 1.5, 10.25], "texture": "#cross"},
				"east": {"uv": [0.5, 9.75, 1, 10.25], "texture": "#cross"},
				"south": {"uv": [1.5, 9.75, 2, 10.25], "texture": "#cross"},
				"west": {"uv": [1, 9.75, 1.5, 10.25], "texture": "#cross"},
				"up": {"uv": [0, 9.75, 0.5, 10.25], "texture": "#cross"},
				"down": {"uv": [1, 9.75, 1.5, 10.25], "texture": "#cross"}
			}
		},
		{
			"from": [3.1, 7.5, 4.1],
			"to": [4.1, 8.5, 5.1],
			"rotation": {"angle": -45, "axis": "y", "origin": [4.37852, 8.5, 5.09705]},
			"faces": {
				"north": {"uv": [2, 9.75, 1.5, 10.25], "texture": "#cross"},
				"east": {"uv": [0.5, 9.75, 1, 10.25], "texture": "#cross"},
				"south": {"uv": [1.5, 9.75, 2, 10.25], "texture": "#cross"},
				"west": {"uv": [1, 9.75, 1.5, 10.25], "texture": "#cross"},
				"up": {"uv": [0, 9.75, 0.5, 10.25], "texture": "#cross"},
				"down": {"uv": [1, 9.75, 1.5, 10.25], "texture": "#cross"}
			}
		},
		{
			"from": [7.25, 12.5, 1.5],
			"to": [8.75, 14, 3],
			"rotation": {"angle": 0, "axis": "y", "origin": [0, 4, 0]},
			"faces": {
				"north": {"uv": [0.75, 9, 1.5, 9.75], "texture": "#cross"},
				"east": {"uv": [3, 9, 2.25, 9.75], "texture": "#cross"},
				"south": {"uv": [0, 9, 0.75, 9.75], "texture": "#cross"},
				"west": {"uv": [1.5, 9, 2.25, 9.75], "texture": "#cross"},
				"up": {"uv": [2.25, 9, 3, 9.75], "texture": "#cross"},
				"down": {"uv": [1.5, 9, 2.25, 9.75], "texture": "#cross"}
			}
		},
		{
			"from": [7.5, 12, 0],
			"to": [8.5, 13, 1],
			"rotation": {"angle": -22.5, "axis": "y", "origin": [8, 12.5, 0.5]},
			"faces": {
				"north": {"uv": [0.5, 9.75, 1, 10.25], "texture": "#cross"},
				"east": {"uv": [1.5, 9.75, 2, 10.25], "texture": "#cross"},
				"south": {"uv": [1, 9.75, 1.5, 10.25], "texture": "#cross"},
				"west": {"uv": [2, 9.75, 1.5, 10.25], "texture": "#cross"},
				"up": {"uv": [0, 9.75, 0.5, 10.25], "rotation": 270, "texture": "#cross"},
				"down": {"uv": [1, 9.75, 1.5, 10.25], "rotation": 90, "texture": "#cross"}
			}
		},
		{
			"from": [8.1, 12.1, 3.5],
			"to": [8.1, 15.6, 7],
			"rotation": {"angle": 22.5, "axis": "z", "origin": [8.21946, 13.75898, 5.25]},
			"faces": {
				"east": {"uv": [0, 5.75, 1.75, 7.5], "texture": "#cross"},
				"west": {"uv": [1.75, 5.75, 0, 7.5], "texture": "#cross"}
			}
		},
		{
			"from": [7.75, 12.85, 13.6],
			"to": [8.25, 13.85, 14.6],
			"rotation": {"angle": -22.5, "axis": "x", "origin": [8, 13.375, 14.5]},
			"faces": {
				"north": {"uv": [1.75, 8, 2, 8.5], "texture": "#cross"},
				"east": {"uv": [1.5, 8, 2, 8.5], "texture": "#cross"},
				"south": {"uv": [1.5, 8, 1.75, 8.5], "texture": "#cross"},
				"west": {"uv": [2, 8, 1.5, 8.5], "texture": "#cross"},
				"up": {"uv": [2, 8, 1.5, 8.25], "rotation": 90, "texture": "#cross"},
				"down": {"uv": [2, 8.25, 1.5, 8.5], "rotation": 270, "texture": "#cross"}
			}
		},
		{
			"from": [7.6, 12.6, 5],
			"to": [8.6, 13.6, 5.5],
			"rotation": {"angle": 22.5, "axis": "z", "origin": [8.21946, 13.75898, 5.25]},
			"faces": {
				"north": {"uv": [1.5, 8, 2, 8.5], "texture": "#cross"},
				"east": {"uv": [1.5, 8, 1.75, 8.5], "texture": "#cross"},
				"south": {"uv": [2, 8, 1.5, 8.5], "texture": "#cross"},
				"west": {"uv": [1.75, 8, 2, 8.5], "texture": "#cross"},
				"up": {"uv": [2, 8, 1.5, 8.25], "texture": "#cross"},
				"down": {"uv": [2, 8.25, 1.5, 8.5], "texture": "#cross"}
			}
		},
		{
			"from": [7, 10, 6.5],
			"to": [7.9, 11, 7],
			"rotation": {"angle": -22.5, "axis": "y", "origin": [7.5, 10.875, 7.25]},
			"faces": {
				"north": {"uv": [2, 8, 1.75, 8.5], "texture": "#cross"},
				"east": {"uv": [1.75, 8, 2, 8.5], "texture": "#cross"},
				"south": {"uv": [1.75, 8, 2, 8.5], "texture": "#cross"},
				"west": {"uv": [1.75, 8, 2, 8.5], "texture": "#cross"},
				"up": {"uv": [2, 8, 1.75, 8.25], "rotation": 180, "texture": "#cross"},
				"down": {"uv": [2, 8.25, 1.75, 8.5], "rotation": 180, "texture": "#cross"}
			}
		},
		{
			"from": [6.5, 10, 6.5],
			"to": [7, 11, 7],
			"rotation": {"angle": -22.5, "axis": "y", "origin": [7.5, 10.875, 7.25]},
			"faces": {
				"north": {"uv": [1.75, 8, 1.5, 8.5], "texture": "#cross"},
				"east": {"uv": [1.5, 8, 1.75, 8.5], "texture": "#cross"},
				"south": {"uv": [1.5, 8, 1.75, 8.5], "texture": "#cross"},
				"west": {"uv": [1.5, 8, 1.75, 8.5], "texture": "#cross"},
				"up": {"uv": [1.75, 8, 1.5, 8.25], "rotation": 180, "texture": "#cross"},
				"down": {"uv": [1.75, 8.25, 1.5, 8.5], "texture": "#cross"}
			}
		},
		{
			"from": [7, 9.5, 5],
			"to": [7, 13, 8.5],
			"rotation": {"angle": -22.5, "axis": "y", "origin": [7.5, 10.875, 7.25]},
			"faces": {
				"east": {"uv": [1.75, 5.75, 0, 7.5], "texture": "#cross"},
				"west": {"uv": [0, 5.75, 1.75, 7.5], "texture": "#cross"}
			}
		},
		{
			"from": [8.5, 12.5, 9.25],
			"to": [8.5, 16, 13.25],
			"rotation": {"angle": 0, "axis": "z", "origin": [8.21946, 13.75898, 5.25]},
			"faces": {
				"east": {"uv": [1.75, 5.75, 3.75, 7.5], "texture": "#cross"},
				"west": {"uv": [3.75, 5.75, 1.75, 7.5], "texture": "#cross"}
			}
		},
		{
			"from": [8, 13, 10.75],
			"to": [9, 14, 11.75],
			"rotation": {"angle": 0, "axis": "z", "origin": [8.21946, 13.75898, 5.25]},
			"faces": {
				"north": {"uv": [1.5, 8.5, 2, 8], "texture": "#cross"},
				"east": {"uv": [1.75, 8, 1.25, 8.5], "texture": "#cross"},
				"south": {"uv": [2, 8, 1.5, 8.5], "texture": "#cross"},
				"west": {"uv": [2.25, 8, 1.75, 8.5], "texture": "#cross"},
				"up": {"uv": [2, 8.5, 1.5, 8], "texture": "#cross"},
				"down": {"uv": [2, 8.5, 1.5, 8], "texture": "#cross"}
			}
		},
		{
			"from": [2.5, 10.5, 7],
			"to": [3.5, 11.5, 8],
			"rotation": {"angle": 0, "axis": "y", "origin": [5.5, 5.875, 3.25]},
			"faces": {
				"north": {"uv": [1.75, 8.5, 1.25, 8], "texture": "#cross"},
				"east": {"uv": [2, 8.5, 1.5, 8], "texture": "#cross"},
				"south": {"uv": [2.25, 8.5, 1.75, 8], "texture": "#cross"},
				"west": {"uv": [1.5, 8, 2, 8.5], "texture": "#cross"},
				"up": {"uv": [2, 8, 1.5, 8.5], "rotation": 270, "texture": "#cross"},
				"down": {"uv": [2, 8, 1.5, 8.5], "rotation": 90, "texture": "#cross"}
			}
		},
		{
			"from": [1, 10, 7.5],
			"to": [5, 13.5, 7.5],
			"rotation": {"angle": 0, "axis": "y", "origin": [5.5, 5.875, 3.25]},
			"faces": {
				"north": {"uv": [1.75, 5.75, 3.75, 7.5], "texture": "#cross"},
				"south": {"uv": [3.75, 5.75, 1.75, 7.5], "texture": "#cross"}
			}
		},
		{
			"from": [7, 12.5, 8.5],
			"to": [8, 13.5, 9.5],
			"rotation": {"angle": 0, "axis": "y", "origin": [3.5, 13.875, 11.25]},
			"faces": {
				"north": {"uv": [2, 8.5, 1.5, 8], "texture": "#cross"},
				"east": {"uv": [1.75, 8, 2.25, 8.5], "texture": "#cross"},
				"south": {"uv": [1.5, 8, 2, 8.5], "texture": "#cross"},
				"west": {"uv": [1.25, 8, 1.75, 8.5], "texture": "#cross"},
				"up": {"uv": [2, 8, 1.5, 8.5], "rotation": 180, "texture": "#cross"},
				"down": {"uv": [2, 8, 1.5, 8.5], "rotation": 180, "texture": "#cross"}
			}
		},
		{
			"from": [7.5, 12, 7],
			"to": [7.5, 15.5, 11],
			"rotation": {"angle": 0, "axis": "y", "origin": [3.5, 13.875, 11.25]},
			"faces": {
				"east": {"uv": [3.75, 5.75, 1.75, 7.5], "texture": "#cross"},
				"west": {"uv": [1.75, 5.75, 3.75, 7.5], "texture": "#cross"}
			}
		},
		{
			"from": [7, 12, 4],
			"to": [8, 13, 4.5],
			"rotation": {"angle": 0, "axis": "y", "origin": [7.5, 13.1, 4.25]},
			"faces": {
				"north": {"uv": [2, 8, 1.5, 8.5], "texture": "#cross"},
				"east": {"uv": [1.75, 8, 2, 8.5], "texture": "#cross"},
				"south": {"uv": [1.5, 8, 2, 8.5], "texture": "#cross"},
				"west": {"uv": [1.5, 8, 1.75, 8.5], "texture": "#cross"},
				"up": {"uv": [2, 8, 1.5, 8.25], "rotation": 180, "texture": "#cross"},
				"down": {"uv": [2, 8.25, 1.5, 8.5], "rotation": 180, "texture": "#cross"}
			}
		},
		{
			"from": [6.25, 12.35, 14.1],
			"to": [9.75, 15.85, 14.1],
			"rotation": {"angle": -22.5, "axis": "x", "origin": [8, 13.375, 14.5]},
			"faces": {
				"north": {"uv": [1.75, 5.75, 0, 7.5], "texture": "#cross"},
				"south": {"uv": [0, 5.75, 1.75, 7.5], "texture": "#cross"}
			}
		},
		{
			"from": [4.5, 10.5, 8],
			"to": [5, 11.5, 9],
			"rotation": {"angle": 0, "axis": "x", "origin": [8, 13.375, 14.5]},
			"faces": {
				"north": {"uv": [1.75, 8, 2, 8.5], "texture": "#cross"},
				"east": {"uv": [1.5, 8, 2, 8.5], "texture": "#cross"},
				"south": {"uv": [1.5, 8, 1.75, 8.5], "texture": "#cross"},
				"west": {"uv": [2, 8, 1.5, 8.5], "texture": "#cross"},
				"up": {"uv": [2, 8, 1.5, 8.25], "rotation": 90, "texture": "#cross"},
				"down": {"uv": [2, 8.25, 1.5, 8.5], "rotation": 270, "texture": "#cross"}
			}
		},
		{
			"from": [3, 10, 8.5],
			"to": [6.5, 13.5, 8.5],
			"rotation": {"angle": 0, "axis": "x", "origin": [8, 13.375, 14.5]},
			"faces": {
				"north": {"uv": [1.75, 5.75, 0, 7.5], "texture": "#cross"},
				"south": {"uv": [0, 5.75, 1.75, 7.5], "texture": "#cross"}
			}
		},
		{
			"from": [8.5, 7.25, 8.5],
			"to": [12, 10.75, 8.5],
			"rotation": {"angle": -22.5, "axis": "x", "origin": [10.25, 7.875, 8.5]},
			"faces": {
				"north": {"uv": [1.75, 5.75, 0, 7.5], "texture": "#cross"},
				"south": {"uv": [0, 5.75, 1.75, 7.5], "texture": "#cross"}
			}
		},
		{
			"from": [10, 7.75, 8],
			"to": [10.5, 8.75, 9],
			"rotation": {"angle": -22.5, "axis": "x", "origin": [10.25, 7.875, 8.5]},
			"faces": {
				"north": {"uv": [1.75, 8, 2, 8.5], "texture": "#cross"},
				"east": {"uv": [1.5, 8, 2, 8.5], "texture": "#cross"},
				"south": {"uv": [1.5, 8, 1.75, 8.5], "texture": "#cross"},
				"west": {"uv": [2, 8, 1.5, 8.5], "texture": "#cross"},
				"up": {"uv": [2, 8, 1.5, 8.25], "rotation": 90, "texture": "#cross"},
				"down": {"uv": [2, 8.25, 1.5, 8.5], "rotation": 270, "texture": "#cross"}
			}
		},
		{
			"from": [4.1617, 6.5, 7.12114],
			"to": [7.6617, 10, 7.12114],
			"rotation": {"angle": -45, "axis": "y", "origin": [6.4117, 7.375, 7.12114]},
			"faces": {
				"north": {"uv": [1.75, 5.75, 0, 7.5], "texture": "#cross"},
				"south": {"uv": [0, 5.75, 1.75, 7.5], "texture": "#cross"}
			}
		},
		{
			"from": [5.6617, 7, 6.62114],
			"to": [6.1617, 8, 7.62114],
			"rotation": {"angle": -45, "axis": "y", "origin": [6.4117, 7.375, 7.12114]},
			"faces": {
				"north": {"uv": [1.75, 8, 2, 8.5], "texture": "#cross"},
				"east": {"uv": [1.5, 8, 2, 8.5], "texture": "#cross"},
				"south": {"uv": [1.5, 8, 1.75, 8.5], "texture": "#cross"},
				"west": {"uv": [2, 8, 1.5, 8.5], "texture": "#cross"},
				"up": {"uv": [2, 8, 1.5, 8.25], "rotation": 90, "texture": "#cross"},
				"down": {"uv": [2, 8.25, 1.5, 8.5], "rotation": 270, "texture": "#cross"}
			}
		},
		{
			"from": [7.5, 11.5, 3],
			"to": [7.5, 14, 5.5],
			"rotation": {"angle": 0, "axis": "y", "origin": [0, 4, 0]},
			"faces": {
				"east": {"uv": [1.25, 7.5, 0, 8.75], "texture": "#cross"},
				"west": {"uv": [0, 7.5, 1.25, 8.75], "texture": "#cross"}
			}
		},
		{
			"from": [7.5, 13.15, 10.8],
			"to": [7.5, 15.65, 13.3],
			"rotation": {"angle": -22.5, "axis": "z", "origin": [7.5, 14.075, 12.05]},
			"faces": {
				"east": {"uv": [1.25, 7.5, 0, 8.75], "texture": "#cross"},
				"west": {"uv": [0, 7.5, 1.25, 8.75], "texture": "#cross"}
			}
		},
		{
			"from": [7, 13.65, 11.8],
			"to": [8, 14.65, 12.3],
			"rotation": {"angle": -22.5, "axis": "z", "origin": [7.5, 14.075, 12.05]},
			"faces": {
				"north": {"uv": [2, 8, 1.5, 8.5], "texture": "#cross"},
				"east": {"uv": [1.75, 8, 2, 8.5], "texture": "#cross"},
				"south": {"uv": [1.5, 8, 2, 8.5], "texture": "#cross"},
				"west": {"uv": [1.5, 8, 1.75, 8.5], "texture": "#cross"},
				"up": {"uv": [2, 8, 1.5, 8.25], "rotation": 180, "texture": "#cross"},
				"down": {"uv": [2, 8.25, 1.5, 8.5], "rotation": 180, "texture": "#cross"}
			}
		},
		{
			"from": [8.5, 10, 5],
			"to": [8.5, 12.5, 7.5],
			"rotation": {"angle": 0, "axis": "y", "origin": [17.5, 12.625, 4.25]},
			"faces": {
				"east": {"uv": [0, 7.5, 1.25, 8.75], "texture": "#cross"},
				"west": {"uv": [1.25, 7.5, 0, 8.75], "texture": "#cross"}
			}
		},
		{
			"from": [8, 10.5, 6],
			"to": [9, 11.5, 6.5],
			"rotation": {"angle": 0, "axis": "y", "origin": [17.5, 12.625, 4.25]},
			"faces": {
				"north": {"uv": [1.5, 8, 2, 8.5], "texture": "#cross"},
				"east": {"uv": [1.5, 8, 1.75, 8.5], "texture": "#cross"},
				"south": {"uv": [2, 8, 1.5, 8.5], "texture": "#cross"},
				"west": {"uv": [1.75, 8, 2, 8.5], "texture": "#cross"},
				"up": {"uv": [2, 8, 1.5, 8.25], "texture": "#cross"},
				"down": {"uv": [2, 8.25, 1.5, 8.5], "texture": "#cross"}
			}
		},
		{
			"from": [5.4, 7, 3.5],
			"to": [5.4, 9.5, 6],
			"rotation": {"angle": 45, "axis": "y", "origin": [6.5, 8.125, 4.25]},
			"faces": {
				"east": {"uv": [0, 7.5, 1.25, 8.75], "texture": "#cross"},
				"west": {"uv": [1.25, 7.5, 0, 8.75], "texture": "#cross"}
			}
		},
		{
			"from": [4.9, 7.5, 4.5],
			"to": [5.9, 8.5, 5],
			"rotation": {"angle": 45, "axis": "y", "origin": [6.5, 8.125, 4.25]},
			"faces": {
				"north": {"uv": [1.5, 8, 2, 8.5], "texture": "#cross"},
				"east": {"uv": [1.5, 8, 1.75, 8.5], "texture": "#cross"},
				"south": {"uv": [2, 8, 1.5, 8.5], "texture": "#cross"},
				"west": {"uv": [1.75, 8, 2, 8.5], "texture": "#cross"},
				"up": {"uv": [2, 8, 1.5, 8.25], "texture": "#cross"},
				"down": {"uv": [2, 8.25, 1.5, 8.5], "texture": "#cross"}
			}
		}
	],
	"display": {
		"thirdperson_righthand": {
			"rotation": [0, 45, 0],
			"translation": [0, 2.5, 0],
			"scale": [0.375, 0.375, 0.375]
		},
		"thirdperson_lefthand": {
			"rotation": [0, 45, 0],
			"translation": [0, 2.5, 0],
			"scale": [0.375, 0.375, 0.375]
		},
		"firstperson_righthand": {
			"rotation": [0, 45, 0],
			"translation": [1.75, 1.25, 0],
			"scale": [0.4, 0.4, 0.4]
		},
		"firstperson_lefthand": {
			"rotation": [0, 45, 0],
			"translation": [1.75, 1.25, 0],
			"scale": [0.4, 0.4, 0.4]
		},
		"ground": {
			"translation": [0, 3, 0],
			"scale": [0.5, 0.5, 0.5]
		},
		"gui": {
			"rotation": [35, -45, 0]
		},
		"head": {
			"translation": [0, 14.5, 0]
		},
		"fixed": {
			"translation": [0, 0.75, 0]
		}
	}
}