{
	"credit": "Made by Ensis",
	"parent": "block/block",
	"ambientocclusion": false,
	"textures": {
		"cross": "block/azure_bluet"
	},
	"elements": [
		{
			"from": [8, 2, 3.5],
			"to": [8, 12, 13],
			"rotation": {"angle": 0, "axis": "y", "origin": [8, 7, 8.25]},
			"faces": {
				"east": {"uv": [4.25, 0, 9, 5], "texture": "#cross"},
				"west": {"uv": [9, 0, 4.25, 5], "texture": "#cross"}
			}
		},
		{
			"from": [8, 3.5, 3.5],
			"to": [8, 7.5, 8],
			"rotation": {"angle": 45, "axis": "y", "origin": [8, 6, 8]},
			"faces": {
				"east": {"uv": [2.25, 10.25, 0, 12.25], "texture": "#cross"},
				"west": {"uv": [0, 10.25, 2.25, 12.25], "texture": "#cross"}
			}
		},
		{
			"from": [8, 3, 8],
			"to": [8, 7, 12.5],
			"rotation": {"angle": 45, "axis": "y", "origin": [8, 7, 8]},
			"faces": {
				"east": {"uv": [0, 3.25, 2.25, 5.25], "texture": "#cross"},
				"west": {"uv": [2.25, 3.25, 0, 5.25], "texture": "#cross"}
			}
		},
		{
			"from": [3.5, 4.5, 8],
			"to": [8, 8.5, 8],
			"rotation": {"angle": 45, "axis": "y", "origin": [8, 8.5, 8]},
			"faces": {
				"north": {"uv": [2.25, 3.25, 0, 5.25], "texture": "#cross"},
				"east": {"uv": [0, 0, 0, 6], "texture": "#cross"},
				"south": {"uv": [0, 3.25, 2.25, 5.25], "texture": "#cross"},
				"west": {"uv": [0, 0, 0, 6], "texture": "#cross"},
				"up": {"uv": [0, 0, 0, 5.5], "rotation": 270, "texture": "#cross"},
				"down": {"uv": [0, 0, 0, 5.5], "rotation": 90, "texture": "#cross"}
			}
		},
		{
			"from": [8, 3, 8],
			"to": [12.5, 7.5, 8],
			"rotation": {"angle": 45, "axis": "y", "origin": [8, 4, 8]},
			"faces": {
				"north": {"uv": [0, 5.25, 2.25, 7.5], "texture": "#cross"},
				"east": {"uv": [0, 0, 0, 6], "texture": "#cross"},
				"south": {"uv": [2.25, 5.25, 0, 7.5], "texture": "#cross"},
				"west": {"uv": [0, 0, 0, 6], "texture": "#cross"},
				"up": {"uv": [0, 0, 0, 5.5], "rotation": 90, "texture": "#cross"},
				"down": {"uv": [0, 0, 0, 5.5], "rotation": 270, "texture": "#cross"}
			}
		},
		{
			"from": [3, 2, 8],
			"to": [12.5, 12, 8],
			"rotation": {"angle": 0, "axis": "y", "origin": [7.75, 7, 8]},
			"faces": {
				"north": {"uv": [13.75, 0, 9, 5], "texture": "#cross"},
				"south": {"uv": [9, 0, 13.75, 5], "texture": "#cross"}
			}
		},
		{
			"from": [11.825, 7.1, 7.6],
			"to": [12.575, 7.85, 8.35],
			"rotation": {"angle": 22.5, "axis": "z", "origin": [12.2, 7.175, 7.975]},
			"faces": {
				"north": {"uv": [0.75, 2.5, 0.25, 2], "rotation": 90, "texture": "#cross"},
				"east": {"uv": [0.75, 0.75, 1.25, 1.25], "rotation": 90, "texture": "#cross"},
				"south": {"uv": [0.25, 2, 0.75, 2.5], "rotation": 90, "texture": "#cross"},
				"west": {"uv": [2.75, 0.75, 3.25, 1.25], "rotation": 90, "texture": "#cross"},
				"up": {"uv": [0.75, 2, 0.25, 2.5], "rotation": 90, "texture": "#cross"},
				"down": {"uv": [0.75, 2, 0.25, 2.5], "rotation": 90, "texture": "#cross"}
			}
		},
		{
			"from": [12.2, 5.975, 6.475],
			"to": [12.2, 8.975, 9.475],
			"rotation": {"angle": 22.5, "axis": "z", "origin": [12.2, 7.175, 7.975]},
			"faces": {
				"east": {"uv": [0, 0, 2, 2], "rotation": 270, "texture": "#cross"},
				"west": {"uv": [2, 2, 4, 0], "rotation": 90, "texture": "#cross"}
			}
		},
		{
			"from": [6.5, 9.875, 5.325],
			"to": [9.5, 12.875, 5.325],
			"rotation": {"angle": 22.5, "axis": "x", "origin": [8, 11.275, 5.325]},
			"faces": {
				"north": {"uv": [0, 0, 2, 2], "rotation": 270, "texture": "#cross"},
				"south": {"uv": [2, 2, 4, 0], "rotation": 90, "texture": "#cross"}
			}
		},
		{
			"from": [7.625, 10.99239, 4.98827],
			"to": [8.375, 11.74239, 5.73827],
			"rotation": {"angle": 22.5, "axis": "x", "origin": [8, 11.36739, 5.36327]},
			"faces": {
				"north": {"uv": [0.75, 0.75, 1.25, 1.25], "rotation": 270, "texture": "#cross"},
				"east": {"uv": [0.75, 2.5, 0.25, 2], "rotation": 270, "texture": "#cross"},
				"south": {"uv": [2.75, 0.75, 3.25, 1.25], "rotation": 270, "texture": "#cross"},
				"west": {"uv": [0.25, 2, 0.75, 2.5], "rotation": 270, "texture": "#cross"},
				"up": {"uv": [0.75, 2, 0.25, 2.5], "texture": "#cross"},
				"down": {"uv": [0.75, 2, 0.25, 2.5], "rotation": 180, "texture": "#cross"}
			}
		},
		{
			"from": [6.5, 5.775, 3.725],
			"to": [9.5, 8.775, 3.725],
			"rotation": {"angle": 0, "axis": "x", "origin": [8, 11.275, 5.325]},
			"faces": {
				"north": {"uv": [0, 0, 2, 2], "rotation": 270, "texture": "#cross"},
				"south": {"uv": [2, 2, 4, 0], "rotation": 90, "texture": "#cross"}
			}
		},
		{
			"from": [7.625, 6.9, 3.35],
			"to": [8.375, 7.65, 4.1],
			"rotation": {"angle": 0, "axis": "x", "origin": [8, 7.275, 3.725]},
			"faces": {
				"north": {"uv": [0.75, 0.75, 1.25, 1.25], "rotation": 270, "texture": "#cross"},
				"east": {"uv": [0.75, 2.5, 0.25, 2], "rotation": 270, "texture": "#cross"},
				"south": {"uv": [2.75, 0.75, 3.25, 1.25], "rotation": 270, "texture": "#cross"},
				"west": {"uv": [0.25, 2, 0.75, 2.5], "rotation": 270, "texture": "#cross"},
				"up": {"uv": [0.75, 2, 0.25, 2.5], "texture": "#cross"},
				"down": {"uv": [0.75, 2, 0.25, 2.5], "rotation": 180, "texture": "#cross"}
			}
		},
		{
			"from": [7.375, 6.9, 12.7],
			"to": [8.125, 7.65, 13.45],
			"rotation": {"angle": -22.5, "axis": "y", "origin": [8, 6.275, 13.325]},
			"faces": {
				"north": {"uv": [2.75, 0.75, 3.25, 1.25], "rotation": 90, "texture": "#cross"},
				"east": {"uv": [0.75, 2.5, 0.25, 2], "rotation": 90, "texture": "#cross"},
				"south": {"uv": [0.75, 0.75, 1.25, 1.25], "rotation": 90, "texture": "#cross"},
				"west": {"uv": [0.25, 2, 0.75, 2.5], "rotation": 90, "texture": "#cross"},
				"up": {"uv": [0.75, 2, 0.25, 2.5], "rotation": 180, "texture": "#cross"},
				"down": {"uv": [0.75, 2, 0.25, 2.5], "texture": "#cross"}
			}
		},
		{
			"from": [6.25, 5.775, 13.075],
			"to": [9.25, 8.775, 13.075],
			"rotation": {"angle": -22.5, "axis": "y", "origin": [8, 6.275, 13.325]},
			"faces": {
				"north": {"uv": [2, 2, 4, 0], "rotation": 90, "texture": "#cross"},
				"south": {"uv": [0, 0, 2, 2], "rotation": 270, "texture": "#cross"}
			}
		},
		{
			"from": [10.75637, 5.9, 10.67721],
			"to": [11.50637, 6.65, 11.42721],
			"rotation": {"angle": 22.5, "axis": "y", "origin": [11.13137, 6.275, 11.05221]},
			"faces": {
				"north": {"uv": [2.75, 0.75, 3.25, 1.25], "rotation": 90, "texture": "#cross"},
				"east": {"uv": [0.75, 2.5, 0.25, 2], "rotation": 90, "texture": "#cross"},
				"south": {"uv": [0.75, 0.75, 1.25, 1.25], "rotation": 90, "texture": "#cross"},
				"west": {"uv": [0.25, 2, 0.75, 2.5], "rotation": 90, "texture": "#cross"},
				"up": {"uv": [0.75, 2, 0.25, 2.5], "rotation": 180, "texture": "#cross"},
				"down": {"uv": [0.75, 2, 0.25, 2.5], "texture": "#cross"}
			}
		},
		{
			"from": [9.63137, 4.775, 11.05221],
			"to": [12.63137, 7.775, 11.05221],
			"rotation": {"angle": 22.5, "axis": "y", "origin": [11.13137, 6.275, 11.05221]},
			"faces": {
				"north": {"uv": [2, 2, 4, 0], "rotation": 90, "texture": "#cross"},
				"south": {"uv": [0, 0, 2, 2], "rotation": 270, "texture": "#cross"}
			}
		},
		{
			"from": [4.79176, 6.275, 9.40824],
			"to": [4.79176, 9.275, 12.40824],
			"rotation": {"angle": 22.5, "axis": "y", "origin": [4.94176, 7.775, 11.05824]},
			"faces": {
				"east": {"uv": [2, 2, 4, 0], "rotation": 90, "texture": "#cross"},
				"west": {"uv": [0, 0, 2, 2], "rotation": 270, "texture": "#cross"}
			}
		},
		{
			"from": [4.37078, 7.4, 10.60206],
			"to": [5.12078, 8.15, 11.35206],
			"rotation": {"angle": 22.5, "axis": "y", "origin": [4.74578, 7.775, 10.97706]},
			"faces": {
				"north": {"uv": [0.25, 2, 0.75, 2.5], "rotation": 90, "texture": "#cross"},
				"east": {"uv": [2.75, 0.75, 3.25, 1.25], "rotation": 90, "texture": "#cross"},
				"south": {"uv": [0.75, 2.5, 0.25, 2], "rotation": 90, "texture": "#cross"},
				"west": {"uv": [0.75, 0.75, 1.25, 1.25], "rotation": 90, "texture": "#cross"},
				"up": {"uv": [0.75, 2, 0.25, 2.5], "rotation": 270, "texture": "#cross"},
				"down": {"uv": [0.75, 2, 0.25, 2.5], "rotation": 270, "texture": "#cross"}
			}
		},
		{
			"from": [3.325, 6.275, 6.5],
			"to": [3.325, 9.275, 9.5],
			"rotation": {"angle": -22.5, "axis": "y", "origin": [3.325, 7.775, 8]},
			"faces": {
				"east": {"uv": [2, 2, 4, 0], "rotation": 90, "texture": "#cross"},
				"west": {"uv": [0, 0, 2, 2], "rotation": 270, "texture": "#cross"}
			}
		},
		{
			"from": [2.95, 7.4, 7.625],
			"to": [3.7, 8.15, 8.375],
			"rotation": {"angle": -22.5, "axis": "y", "origin": [3.325, 7.775, 8]},
			"faces": {
				"north": {"uv": [0.75, 2.5, 0.25, 2], "rotation": 270, "texture": "#cross"},
				"east": {"uv": [2.75, 0.75, 3.25, 1.25], "rotation": 270, "texture": "#cross"},
				"south": {"uv": [0.25, 2, 0.75, 2.5], "rotation": 270, "texture": "#cross"},
				"west": {"uv": [0.75, 0.75, 1.25, 1.25], "rotation": 270, "texture": "#cross"},
				"up": {"uv": [0.75, 2, 0.25, 2.5], "rotation": 270, "texture": "#cross"},
				"down": {"uv": [0.75, 2, 0.25, 2.5], "rotation": 270, "texture": "#cross"}
			}
		},
		{
			"from": [3.41599, 5.775, 4.94099],
			"to": [6.41599, 8.775, 4.94099],
			"rotation": {"angle": 22.5, "axis": "y", "origin": [4.91599, 7.275, 4.59099]},
			"faces": {
				"north": {"uv": [0, 0, 2, 2], "rotation": 270, "texture": "#cross"},
				"south": {"uv": [2, 2, 4, 0], "rotation": 90, "texture": "#cross"}
			}
		},
		{
			"from": [4.67493, 6.9, 4.53935],
			"to": [5.42493, 7.65, 5.28935],
			"rotation": {"angle": 22.5, "axis": "y", "origin": [5.04993, 7.275, 4.91435]},
			"faces": {
				"north": {"uv": [0.75, 0.75, 1.25, 1.25], "rotation": 90, "texture": "#cross"},
				"east": {"uv": [0.25, 2, 0.75, 2.5], "rotation": 90, "texture": "#cross"},
				"south": {"uv": [2.75, 0.75, 3.25, 1.25], "rotation": 90, "texture": "#cross"},
				"west": {"uv": [0.75, 2.5, 0.25, 2], "rotation": 90, "texture": "#cross"},
				"up": {"uv": [0.75, 2, 0.25, 2.5], "texture": "#cross"},
				"down": {"uv": [0.75, 2, 0.25, 2.5], "rotation": 180, "texture": "#cross"}
			}
		},
		{
			"from": [5.45, 4.4, 7.625],
			"to": [6.2, 5.15, 8.375],
			"rotation": {"angle": -22.5, "axis": "z", "origin": [5.825, 4.775, 8]},
			"faces": {
				"north": {"uv": [0.25, 2, 0.75, 2.5], "rotation": 90, "texture": "#cross"},
				"east": {"uv": [2.75, 0.75, 3.25, 1.25], "rotation": 90, "texture": "#cross"},
				"south": {"uv": [0.75, 2.5, 0.25, 2], "rotation": 90, "texture": "#cross"},
				"west": {"uv": [0.75, 0.75, 1.25, 1.25], "rotation": 90, "texture": "#cross"},
				"up": {"uv": [0.75, 2, 0.25, 2.5], "rotation": 270, "texture": "#cross"},
				"down": {"uv": [0.75, 2, 0.25, 2.5], "rotation": 270, "texture": "#cross"}
			}
		},
		{
			"from": [5.825, 3.525, 6.75],
			"to": [5.825, 6.025, 9.25],
			"rotation": {"angle": -22.5, "axis": "z", "origin": [5.825, 4.775, 8]},
			"faces": {
				"east": {"uv": [2, 2, 4, 0], "rotation": 90, "texture": "#cross"},
				"west": {"uv": [0, 0, 2, 2], "rotation": 270, "texture": "#cross"}
			}
		},
		{
			"from": [8.46409, 5.925, 6.13223],
			"to": [10.96409, 8.425, 6.13223],
			"rotation": {"angle": -45, "axis": "y", "origin": [9.71409, 7.175, 6.23223]},
			"faces": {
				"north": {"uv": [0, 0, 2, 2], "rotation": 270, "texture": "#cross"},
				"south": {"uv": [2, 2, 4, 0], "rotation": 90, "texture": "#cross"}
			}
		},
		{
			"from": [9.4098, 6.8, 5.78652],
			"to": [10.1598, 7.55, 6.53652],
			"rotation": {"angle": 45, "axis": "y", "origin": [9.7848, 7.175, 6.16152]},
			"faces": {
				"north": {"uv": [0.75, 2.5, 0.25, 2], "rotation": 90, "texture": "#cross"},
				"east": {"uv": [0.75, 0.75, 1.25, 1.25], "rotation": 90, "texture": "#cross"},
				"south": {"uv": [0.25, 2, 0.75, 2.5], "rotation": 90, "texture": "#cross"},
				"west": {"uv": [2.75, 0.75, 3.25, 1.25], "rotation": 90, "texture": "#cross"},
				"up": {"uv": [0.75, 2, 0.25, 2.5], "rotation": 90, "texture": "#cross"},
				"down": {"uv": [0.75, 2, 0.25, 2.5], "rotation": 90, "texture": "#cross"}
			}
		},
		{
			"from": [10.66409, 8.025, 6.75723],
			"to": [10.66409, 10.525, 9.25723],
			"rotation": {"angle": 22.5, "axis": "y", "origin": [10.66409, 9.275, 8.00723]},
			"faces": {
				"east": {"uv": [0, 0, 2, 2], "rotation": 270, "texture": "#cross"},
				"west": {"uv": [2, 2, 4, 0], "rotation": 90, "texture": "#cross"}
			}
		},
		{
			"from": [10.28909, 8.9, 7.63223],
			"to": [11.03909, 9.65, 8.38223],
			"rotation": {"angle": 22.5, "axis": "y", "origin": [10.66409, 9.275, 8.00723]},
			"faces": {
				"north": {"uv": [0.75, 2.5, 0.25, 2], "rotation": 90, "texture": "#cross"},
				"east": {"uv": [0.75, 0.75, 1.25, 1.25], "rotation": 90, "texture": "#cross"},
				"south": {"uv": [0.25, 2, 0.75, 2.5], "rotation": 90, "texture": "#cross"},
				"west": {"uv": [2.75, 0.75, 3.25, 1.25], "rotation": 90, "texture": "#cross"},
				"up": {"uv": [0.75, 2, 0.25, 2.5], "rotation": 90, "texture": "#cross"},
				"down": {"uv": [0.75, 2, 0.25, 2.5], "rotation": 90, "texture": "#cross"}
			}
		},
		{
			"from": [5.20251, 11.50607, 7.625],
			"to": [5.95251, 12.25607, 8.375],
			"rotation": {"angle": -45, "axis": "z", "origin": [5.57751, 11.88107, 8]},
			"faces": {
				"north": {"uv": [0.25, 2, 0.75, 2.5], "rotation": 90, "texture": "#cross"},
				"east": {"uv": [2.75, 0.75, 3.25, 1.25], "rotation": 90, "texture": "#cross"},
				"south": {"uv": [0.75, 2.5, 0.25, 2], "rotation": 90, "texture": "#cross"},
				"west": {"uv": [0.75, 0.75, 1.25, 1.25], "rotation": 90, "texture": "#cross"},
				"up": {"uv": [0.75, 2, 0.25, 2.5], "rotation": 270, "texture": "#cross"},
				"down": {"uv": [0.75, 2, 0.25, 2.5], "rotation": 270, "texture": "#cross"}
			}
		},
		{
			"from": [5.575, 10.425, 6.75],
			"to": [5.575, 12.925, 9.25],
			"rotation": {"angle": -45, "axis": "z", "origin": [5.825, 11.775, 8]},
			"faces": {
				"east": {"uv": [2, 2, 4, 0], "rotation": 90, "texture": "#cross"},
				"west": {"uv": [0, 0, 2, 2], "rotation": 270, "texture": "#cross"}
			}
		},
		{
			"from": [7.625, 11.25, 10.5],
			"to": [8.375, 12, 11.25],
			"rotation": {"angle": -45, "axis": "x", "origin": [8, 11.775, 10.625]},
			"faces": {
				"north": {"uv": [2.75, 0.75, 3.25, 1.25], "rotation": 90, "texture": "#cross"},
				"east": {"uv": [0.75, 2.5, 0.25, 2], "rotation": 90, "texture": "#cross"},
				"south": {"uv": [0.75, 0.75, 1.25, 1.25], "rotation": 90, "texture": "#cross"},
				"west": {"uv": [0.25, 2, 0.75, 2.5], "rotation": 90, "texture": "#cross"},
				"up": {"uv": [0.75, 2, 0.25, 2.5], "rotation": 180, "texture": "#cross"},
				"down": {"uv": [0.75, 2, 0.25, 2.5], "texture": "#cross"}
			}
		},
		{
			"from": [6.5, 10.125, 10.875],
			"to": [9.5, 13.125, 10.875],
			"rotation": {"angle": -45, "axis": "x", "origin": [8, 11.775, 10.625]},
			"faces": {
				"north": {"uv": [2, 2, 4, 0], "rotation": 90, "texture": "#cross"},
				"south": {"uv": [0, 0, 2, 2], "rotation": 270, "texture": "#cross"}
			}
		}
	],
	"display": {
		"thirdperson_righthand": {
			"rotation": [0, 45, 0],
			"translation": [0, 2.5, 0],
			"scale": [0.375, 0.375, 0.375]
		},
		"thirdperson_lefthand": {
			"rotation": [0, 45, 0],
			"translation": [0, 2.5, 0],
			"scale": [0.375, 0.375, 0.375]
		},
		"firstperson_righthand": {
			"rotation": [0, 45, 0],
			"translation": [1.75, 1.25, 0],
			"scale": [0.4, 0.4, 0.4]
		},
		"firstperson_lefthand": {
			"rotation": [0, 45, 0],
			"translation": [1.75, 1.25, 0],
			"scale": [0.4, 0.4, 0.4]
		},
		"ground": {
			"translation": [0, 3, 0],
			"scale": [0.5, 0.5, 0.5]
		},
		"gui": {
			"rotation": [35, -45, 0]
		},
		"head": {
			"translation": [0, 14.5, 0]
		},
		"fixed": {
			"translation": [0, 0.75, 0]
		}
	}
}