{
	"credit": "Made with Blockbench",
	"ambientocclusion": false,
	"textures": {
		"cross": "block/rose_bush",
		"particle": "block/break/rose_bush_bottom"
	},
	"elements": [
		{
			"from": [4.25, 10.75, 6.75],
			"to": [0.75, 14.25, 10.25],
			"rotation": {"angle": -22.5, "axis": "z", "origin": [5, 12, 7]},
			"faces": {
				"north": {"uv": [5.25, 3, 6.75, 1.5], "rotation": 90, "texture": "#cross"},
				"east": {"uv": [1.5, 1.5, 0, 3], "rotation": 180, "texture": "#cross"},
				"south": {"uv": [5.25, 3, 6.75, 1.5], "rotation": 270, "texture": "#cross"},
				"west": {"uv": [1.75, 1.5, 3.25, 0], "rotation": 180, "texture": "#cross"},
				"up": {"uv": [3.5, 3, 5, 1.5], "rotation": 270, "texture": "#cross"},
				"down": {"uv": [3.5, 3, 5, 1.5], "rotation": 270, "texture": "#cross"}
			}
		},
		{
			"from": [0.75, 10.75, 6.75],
			"to": [4.25, 14.25, 10.25],
			"rotation": {"angle": -22.5, "axis": "z", "origin": [5, 12, 7]},
			"faces": {
				"north": {"uv": [5.25, 1.5, 6.75, 3], "rotation": 90, "texture": "#cross"},
				"east": {"uv": [1.75, 0, 3.25, 1.5], "rotation": 180, "texture": "#cross"},
				"south": {"uv": [5.25, 1.5, 6.75, 3], "rotation": 270, "texture": "#cross"},
				"west": {"uv": [0, 1.5, 1.5, 3], "rotation": 180, "texture": "#cross"},
				"up": {"uv": [3.5, 1.5, 5, 3], "rotation": 270, "texture": "#cross"},
				"down": {"uv": [3.5, 1.5, 5, 3], "rotation": 270, "texture": "#cross"}
			}
		},
		{
			"from": [1, 11, 7],
			"to": [4, 14, 10],
			"rotation": {"angle": -22.5, "axis": "z", "origin": [5, 12, 7]},
			"faces": {
				"north": {"uv": [5.25, 0, 6.75, 1.5], "rotation": 90, "texture": "#cross"},
				"east": {"uv": [1.75, 0, 3.25, 1.5], "rotation": 180, "texture": "#cross"},
				"south": {"uv": [5.25, 0, 6.75, 1.5], "rotation": 270, "texture": "#cross"},
				"west": {"uv": [0, 0, 1.5, 1.5], "rotation": 180, "texture": "#cross"},
				"up": {"uv": [3.5, 0, 5, 1.5], "rotation": 270, "texture": "#cross"},
				"down": {"uv": [3.5, 0, 5, 1.5], "rotation": 270, "texture": "#cross"}
			}
		},
		{
			"from": [3.13164, 7.66865, 4.25],
			"to": [6.63164, 11.16865, 0.75],
			"rotation": {"angle": 22.5, "axis": "x", "origin": [4.88164, 9.41865, 2.5]},
			"faces": {
				"north": {"uv": [1.75, 1.5, 3.25, 0], "rotation": 180, "texture": "#cross"},
				"east": {"uv": [5.25, 3, 6.75, 1.5], "rotation": 90, "texture": "#cross"},
				"south": {"uv": [1.5, 1.5, 0, 3], "rotation": 180, "texture": "#cross"},
				"west": {"uv": [5.25, 3, 6.75, 1.5], "rotation": 270, "texture": "#cross"},
				"up": {"uv": [3.5, 3, 5, 1.5], "texture": "#cross"},
				"down": {"uv": [3.5, 3, 5, 1.5], "rotation": 180, "texture": "#cross"}
			}
		},
		{
			"from": [3.13164, 7.66865, 0.75],
			"to": [6.63164, 11.16865, 4.25],
			"rotation": {"angle": 22.5, "axis": "x", "origin": [4.88164, 9.41865, 2.5]},
			"faces": {
				"north": {"uv": [0, 1.5, 1.5, 3], "rotation": 180, "texture": "#cross"},
				"east": {"uv": [5.25, 1.5, 6.75, 3], "rotation": 90, "texture": "#cross"},
				"south": {"uv": [1.75, 0, 3.25, 1.5], "rotation": 180, "texture": "#cross"},
				"west": {"uv": [5.25, 1.5, 6.75, 3], "rotation": 270, "texture": "#cross"},
				"up": {"uv": [3.5, 1.5, 5, 3], "texture": "#cross"},
				"down": {"uv": [3.5, 1.5, 5, 3], "rotation": 180, "texture": "#cross"}
			}
		},
		{
			"from": [3.38164, 7.91865, 1],
			"to": [6.38164, 10.91865, 4],
			"rotation": {"angle": 22.5, "axis": "x", "origin": [4.88164, 9.41865, 2.5]},
			"faces": {
				"north": {"uv": [0, 0, 1.5, 1.5], "rotation": 180, "texture": "#cross"},
				"east": {"uv": [5.25, 0, 6.75, 1.5], "rotation": 90, "texture": "#cross"},
				"south": {"uv": [1.75, 0, 3.25, 1.5], "rotation": 180, "texture": "#cross"},
				"west": {"uv": [5.25, 0, 6.75, 1.5], "rotation": 270, "texture": "#cross"},
				"up": {"uv": [3.5, 0, 5, 1.5], "texture": "#cross"},
				"down": {"uv": [3.5, 0, 5, 1.5], "rotation": 180, "texture": "#cross"}
			}
		},
		{
			"from": [7.13164, 13.66865, 14.25],
			"to": [10.63164, 17.16865, 10.75],
			"rotation": {"angle": -22.5, "axis": "x", "origin": [8.88164, 15.41865, 12.5]},
			"faces": {
				"north": {"uv": [1.5, 1.5, 0, 3], "rotation": 180, "texture": "#cross"},
				"east": {"uv": [5.25, 3, 6.75, 1.5], "rotation": 270, "texture": "#cross"},
				"south": {"uv": [1.75, 1.5, 3.25, 0], "rotation": 180, "texture": "#cross"},
				"west": {"uv": [5.25, 3, 6.75, 1.5], "rotation": 90, "texture": "#cross"},
				"up": {"uv": [3.5, 3, 5, 1.5], "rotation": 180, "texture": "#cross"},
				"down": {"uv": [3.5, 3, 5, 1.5], "texture": "#cross"}
			}
		},
		{
			"from": [7.13164, 13.66865, 10.75],
			"to": [10.63164, 17.16865, 14.25],
			"rotation": {"angle": -22.5, "axis": "x", "origin": [8.88164, 15.41865, 12.5]},
			"faces": {
				"north": {"uv": [1.75, 0, 3.25, 1.5], "rotation": 180, "texture": "#cross"},
				"east": {"uv": [5.25, 1.5, 6.75, 3], "rotation": 270, "texture": "#cross"},
				"south": {"uv": [0, 1.5, 1.5, 3], "rotation": 180, "texture": "#cross"},
				"west": {"uv": [5.25, 1.5, 6.75, 3], "rotation": 90, "texture": "#cross"},
				"up": {"uv": [3.5, 1.5, 5, 3], "rotation": 180, "texture": "#cross"},
				"down": {"uv": [3.5, 1.5, 5, 3], "texture": "#cross"}
			}
		},
		{
			"from": [7.38164, 13.91865, 11],
			"to": [10.38164, 16.91865, 14],
			"rotation": {"angle": -22.5, "axis": "x", "origin": [8.88164, 15.41865, 12.5]},
			"faces": {
				"north": {"uv": [1.75, 0, 3.25, 1.5], "rotation": 180, "texture": "#cross"},
				"east": {"uv": [5.25, 0, 6.75, 1.5], "rotation": 270, "texture": "#cross"},
				"south": {"uv": [0, 0, 1.5, 1.5], "rotation": 180, "texture": "#cross"},
				"west": {"uv": [5.25, 0, 6.75, 1.5], "rotation": 90, "texture": "#cross"},
				"up": {"uv": [3.5, 0, 5, 1.5], "rotation": 180, "texture": "#cross"},
				"down": {"uv": [3.5, 0, 5, 1.5], "texture": "#cross"}
			}
		},
		{
			"from": [7.13164, 28.16865, 7.75],
			"to": [10.63164, 24.66865, 11.25],
			"rotation": {"angle": 22.5, "axis": "x", "origin": [8.88164, 26.41865, 10.5]},
			"faces": {
				"north": {"uv": [3.5, 3, 5, 1.5], "texture": "#cross"},
				"east": {"uv": [5.25, 3, 6.75, 1.5], "texture": "#cross"},
				"south": {"uv": [3.5, 3, 5, 1.5], "texture": "#cross"},
				"west": {"uv": [5.25, 3, 6.75, 1.5], "texture": "#cross"},
				"up": {"uv": [1.75, 1.5, 3.25, 0], "rotation": 180, "texture": "#cross"},
				"down": {"uv": [1.5, 1.5, 0, 3], "texture": "#cross"}
			}
		},
		{
			"from": [7.13164, 24.66865, 7.75],
			"to": [10.63164, 28.16865, 11.25],
			"rotation": {"angle": 22.5, "axis": "x", "origin": [8.88164, 26.41865, 10.5]},
			"faces": {
				"north": {"uv": [3.5, 1.5, 5, 3], "texture": "#cross"},
				"east": {"uv": [5.25, 1.5, 6.75, 3], "texture": "#cross"},
				"south": {"uv": [3.5, 1.5, 5, 3], "texture": "#cross"},
				"west": {"uv": [5.25, 1.5, 6.75, 3], "texture": "#cross"},
				"up": {"uv": [0, 1.5, 1.5, 3], "rotation": 180, "texture": "#cross"},
				"down": {"uv": [1.75, 0, 3.25, 1.5], "texture": "#cross"}
			}
		},
		{
			"from": [7.38164, 24.91865, 8],
			"to": [10.38164, 27.91865, 11],
			"rotation": {"angle": 22.5, "axis": "x", "origin": [8.88164, 26.41865, 10.5]},
			"faces": {
				"north": {"uv": [3.5, 0, 5, 1.5], "texture": "#cross"},
				"east": {"uv": [5.25, 0, 6.75, 1.5], "texture": "#cross"},
				"south": {"uv": [3.5, 0, 5, 1.5], "texture": "#cross"},
				"west": {"uv": [5.25, 0, 6.75, 1.5], "texture": "#cross"},
				"up": {"uv": [0, 0, 1.5, 1.5], "rotation": 180, "texture": "#cross"},
				"down": {"uv": [1.75, 0, 3.25, 1.5], "texture": "#cross"}
			}
		},
		{
			"from": [3.63164, 2.16865, 6],
			"to": [0.63164, 5.16865, 9],
			"rotation": {"angle": -45, "axis": "z", "origin": [4.63164, 3.41865, 7.5]},
			"faces": {
				"north": {"uv": [4.5, 6.5, 5.75, 5.25], "rotation": 90, "texture": "#cross"},
				"east": {"uv": [1.25, 5.25, 0, 6.5], "rotation": 180, "texture": "#cross"},
				"south": {"uv": [4.5, 6.5, 5.75, 5.25], "rotation": 270, "texture": "#cross"},
				"west": {"uv": [1.5, 5.25, 2.75, 4], "rotation": 180, "texture": "#cross"},
				"up": {"uv": [3, 6.5, 4.25, 5.25], "rotation": 270, "texture": "#cross"},
				"down": {"uv": [3, 6.5, 4.25, 5.25], "rotation": 270, "texture": "#cross"}
			}
		},
		{
			"from": [0.63164, 2.16865, 6],
			"to": [3.63164, 5.16865, 9],
			"rotation": {"angle": -45, "axis": "z", "origin": [4.63164, 3.41865, 7.5]},
			"faces": {
				"north": {"uv": [4.5, 5.25, 5.75, 6.5], "rotation": 90, "texture": "#cross"},
				"east": {"uv": [1.5, 4, 2.75, 5.25], "rotation": 180, "texture": "#cross"},
				"south": {"uv": [4.5, 5.25, 5.75, 6.5], "rotation": 270, "texture": "#cross"},
				"west": {"uv": [0, 5.25, 1.25, 6.5], "rotation": 180, "texture": "#cross"},
				"up": {"uv": [3, 5.25, 4.25, 6.5], "rotation": 270, "texture": "#cross"},
				"down": {"uv": [3, 5.25, 4.25, 6.5], "rotation": 270, "texture": "#cross"}
			}
		},
		{
			"from": [0.88164, 2.41865, 6.25],
			"to": [3.38164, 4.91865, 8.75],
			"rotation": {"angle": -45, "axis": "z", "origin": [4.63164, 3.41865, 7.5]},
			"faces": {
				"north": {"uv": [4.5, 4, 5.75, 5.25], "rotation": 90, "texture": "#cross"},
				"east": {"uv": [1.5, 4, 2.75, 5.25], "rotation": 180, "texture": "#cross"},
				"south": {"uv": [4.5, 4, 5.75, 5.25], "rotation": 270, "texture": "#cross"},
				"west": {"uv": [0, 4, 1.25, 5.25], "rotation": 180, "texture": "#cross"},
				"up": {"uv": [3, 4, 4.25, 5.25], "rotation": 270, "texture": "#cross"},
				"down": {"uv": [3, 4, 4.25, 5.25], "rotation": 270, "texture": "#cross"}
			}
		},
		{
			"from": [1.63164, 24.41865, 7],
			"to": [4.63164, 21.41865, 10],
			"rotation": {"angle": 22.5, "axis": "z", "origin": [2.88164, 21.91865, 8.5]},
			"faces": {
				"north": {"uv": [4.5, 6.5, 5.75, 5.25], "texture": "#cross"},
				"east": {"uv": [3, 6.5, 4.25, 5.25], "texture": "#cross"},
				"south": {"uv": [4.5, 6.5, 5.75, 5.25], "texture": "#cross"},
				"west": {"uv": [3, 6.5, 4.25, 5.25], "texture": "#cross"},
				"up": {"uv": [1.5, 5.25, 2.75, 4], "rotation": 270, "texture": "#cross"},
				"down": {"uv": [1.25, 5.25, 0, 6.5], "rotation": 270, "texture": "#cross"}
			}
		},
		{
			"from": [1.63164, 21.41865, 7],
			"to": [4.63164, 24.41865, 10],
			"rotation": {"angle": 22.5, "axis": "z", "origin": [2.88164, 21.91865, 8.5]},
			"faces": {
				"north": {"uv": [4.5, 5.25, 5.75, 6.5], "texture": "#cross"},
				"east": {"uv": [3, 5.25, 4.25, 6.5], "texture": "#cross"},
				"south": {"uv": [4.5, 5.25, 5.75, 6.5], "texture": "#cross"},
				"west": {"uv": [3, 5.25, 4.25, 6.5], "texture": "#cross"},
				"up": {"uv": [0, 5.25, 1.25, 6.5], "rotation": 270, "texture": "#cross"},
				"down": {"uv": [1.5, 4, 2.75, 5.25], "rotation": 270, "texture": "#cross"}
			}
		},
		{
			"from": [1.88164, 21.66865, 7.25],
			"to": [4.38164, 24.16865, 9.75],
			"rotation": {"angle": 22.5, "axis": "z", "origin": [2.88164, 21.91865, 8.5]},
			"faces": {
				"north": {"uv": [4.5, 4, 5.75, 5.25], "texture": "#cross"},
				"east": {"uv": [3, 4, 4.25, 5.25], "texture": "#cross"},
				"south": {"uv": [4.5, 4, 5.75, 5.25], "texture": "#cross"},
				"west": {"uv": [3, 4, 4.25, 5.25], "texture": "#cross"},
				"up": {"uv": [0, 4, 1.25, 5.25], "rotation": 270, "texture": "#cross"},
				"down": {"uv": [1.5, 4, 2.75, 5.25], "rotation": 270, "texture": "#cross"}
			}
		},
		{
			"from": [4.88164, 24.16865, 6],
			"to": [7.88164, 27.16865, 3],
			"rotation": {"angle": 45, "axis": "x", "origin": [6.13164, 25.16865, 3.5]},
			"faces": {
				"north": {"uv": [1.5, 5.25, 2.75, 4], "rotation": 180, "texture": "#cross"},
				"east": {"uv": [4.5, 6.5, 5.75, 5.25], "rotation": 90, "texture": "#cross"},
				"south": {"uv": [1.25, 5.25, 0, 6.5], "rotation": 180, "texture": "#cross"},
				"west": {"uv": [4.5, 6.5, 5.75, 5.25], "rotation": 270, "texture": "#cross"},
				"up": {"uv": [3, 6.5, 4.25, 5.25], "texture": "#cross"},
				"down": {"uv": [3, 6.5, 4.25, 5.25], "rotation": 180, "texture": "#cross"}
			}
		},
		{
			"from": [4.88164, 24.16865, 3],
			"to": [7.88164, 27.16865, 6],
			"rotation": {"angle": 45, "axis": "x", "origin": [6.13164, 25.16865, 3.5]},
			"faces": {
				"north": {"uv": [0, 5.25, 1.25, 6.5], "rotation": 180, "texture": "#cross"},
				"east": {"uv": [4.5, 5.25, 5.75, 6.5], "rotation": 90, "texture": "#cross"},
				"south": {"uv": [1.5, 4, 2.75, 5.25], "rotation": 180, "texture": "#cross"},
				"west": {"uv": [4.5, 5.25, 5.75, 6.5], "rotation": 270, "texture": "#cross"},
				"up": {"uv": [3, 5.25, 4.25, 6.5], "texture": "#cross"},
				"down": {"uv": [3, 5.25, 4.25, 6.5], "rotation": 180, "texture": "#cross"}
			}
		},
		{
			"from": [5.13164, 24.41865, 3.25],
			"to": [7.63164, 26.91865, 5.75],
			"rotation": {"angle": 45, "axis": "x", "origin": [6.13164, 25.16865, 3.5]},
			"faces": {
				"north": {"uv": [0, 4, 1.25, 5.25], "rotation": 180, "texture": "#cross"},
				"east": {"uv": [4.5, 4, 5.75, 5.25], "rotation": 90, "texture": "#cross"},
				"south": {"uv": [1.5, 4, 2.75, 5.25], "rotation": 180, "texture": "#cross"},
				"west": {"uv": [4.5, 4, 5.75, 5.25], "rotation": 270, "texture": "#cross"},
				"up": {"uv": [3, 4, 4.25, 5.25], "texture": "#cross"},
				"down": {"uv": [3, 4, 4.25, 5.25], "rotation": 180, "texture": "#cross"}
			}
		},
		{
			"from": [5.88164, 18.16865, 3],
			"to": [8.88164, 15.16865, 6],
			"rotation": {"angle": -22.5, "axis": "x", "origin": [7.38164, 16.66865, 4.5]},
			"faces": {
				"north": {"uv": [3, 6.5, 4.25, 5.25], "texture": "#cross"},
				"east": {"uv": [4.5, 6.5, 5.75, 5.25], "texture": "#cross"},
				"south": {"uv": [3, 6.5, 4.25, 5.25], "texture": "#cross"},
				"west": {"uv": [4.5, 6.5, 5.75, 5.25], "texture": "#cross"},
				"up": {"uv": [1.5, 5.25, 2.75, 4], "texture": "#cross"},
				"down": {"uv": [1.25, 5.25, 0, 6.5], "rotation": 180, "texture": "#cross"}
			}
		},
		{
			"from": [5.88164, 15.16865, 3],
			"to": [8.88164, 18.16865, 6],
			"rotation": {"angle": -22.5, "axis": "x", "origin": [7.38164, 16.66865, 4.5]},
			"faces": {
				"north": {"uv": [3, 5.25, 4.25, 6.5], "texture": "#cross"},
				"east": {"uv": [4.5, 5.25, 5.75, 6.5], "texture": "#cross"},
				"south": {"uv": [3, 5.25, 4.25, 6.5], "texture": "#cross"},
				"west": {"uv": [4.5, 5.25, 5.75, 6.5], "texture": "#cross"},
				"up": {"uv": [0, 5.25, 1.25, 6.5], "texture": "#cross"},
				"down": {"uv": [1.5, 4, 2.75, 5.25], "rotation": 180, "texture": "#cross"}
			}
		},
		{
			"from": [6.13164, 15.41865, 3.25],
			"to": [8.63164, 17.91865, 5.75],
			"rotation": {"angle": -22.5, "axis": "x", "origin": [7.38164, 16.66865, 4.5]},
			"faces": {
				"north": {"uv": [3, 4, 4.25, 5.25], "texture": "#cross"},
				"east": {"uv": [4.5, 4, 5.75, 5.25], "texture": "#cross"},
				"south": {"uv": [3, 4, 4.25, 5.25], "texture": "#cross"},
				"west": {"uv": [4.5, 4, 5.75, 5.25], "texture": "#cross"},
				"up": {"uv": [0, 4, 1.25, 5.25], "texture": "#cross"},
				"down": {"uv": [1.5, 4, 2.75, 5.25], "rotation": 180, "texture": "#cross"}
			}
		},
		{
			"from": [7.88164, 3.16865, 3.75],
			"to": [10.88164, 6.16865, 0.75],
			"rotation": {"angle": 22.5, "axis": "y", "origin": [10.38164, 2.66865, 1.5]},
			"faces": {
				"north": {"uv": [1.5, 5.25, 2.75, 4], "rotation": 180, "texture": "#cross"},
				"east": {"uv": [4.5, 6.5, 5.75, 5.25], "rotation": 90, "texture": "#cross"},
				"south": {"uv": [1.25, 5.25, 0, 6.5], "rotation": 180, "texture": "#cross"},
				"west": {"uv": [4.5, 6.5, 5.75, 5.25], "rotation": 270, "texture": "#cross"},
				"up": {"uv": [3, 6.5, 4.25, 5.25], "texture": "#cross"},
				"down": {"uv": [3, 6.5, 4.25, 5.25], "rotation": 180, "texture": "#cross"}
			}
		},
		{
			"from": [7.88164, 3.16865, 0.75],
			"to": [10.88164, 6.16865, 3.75],
			"rotation": {"angle": 22.5, "axis": "y", "origin": [10.38164, 2.66865, 1.5]},
			"faces": {
				"north": {"uv": [0, 5.25, 1.25, 6.5], "rotation": 180, "texture": "#cross"},
				"east": {"uv": [4.5, 5.25, 5.75, 6.5], "rotation": 90, "texture": "#cross"},
				"south": {"uv": [1.5, 4, 2.75, 5.25], "rotation": 180, "texture": "#cross"},
				"west": {"uv": [4.5, 5.25, 5.75, 6.5], "rotation": 270, "texture": "#cross"},
				"up": {"uv": [3, 5.25, 4.25, 6.5], "texture": "#cross"},
				"down": {"uv": [3, 5.25, 4.25, 6.5], "rotation": 180, "texture": "#cross"}
			}
		},
		{
			"from": [8.13164, 3.41865, 1],
			"to": [10.63164, 5.91865, 3.5],
			"rotation": {"angle": 22.5, "axis": "y", "origin": [10.38164, 2.66865, 1.5]},
			"faces": {
				"north": {"uv": [0, 4, 1.25, 5.25], "rotation": 180, "texture": "#cross"},
				"east": {"uv": [4.5, 4, 5.75, 5.25], "rotation": 90, "texture": "#cross"},
				"south": {"uv": [1.5, 4, 2.75, 5.25], "rotation": 180, "texture": "#cross"},
				"west": {"uv": [4.5, 4, 5.75, 5.25], "rotation": 270, "texture": "#cross"},
				"up": {"uv": [3, 4, 4.25, 5.25], "texture": "#cross"},
				"down": {"uv": [3, 4, 4.25, 5.25], "rotation": 180, "texture": "#cross"}
			}
		},
		{
			"from": [5.13164, 19.66865, 13.5],
			"to": [8.13164, 22.66865, 10.5],
			"rotation": {"angle": 0, "axis": "x", "origin": [2.88164, 21.91865, 8.5]},
			"faces": {
				"north": {"uv": [1.25, 5.25, 0, 6.5], "rotation": 90, "texture": "#cross"},
				"east": {"uv": [3, 6.5, 4.25, 5.25], "rotation": 270, "texture": "#cross"},
				"south": {"uv": [1.5, 5.25, 2.75, 4], "rotation": 270, "texture": "#cross"},
				"west": {"uv": [3, 6.5, 4.25, 5.25], "rotation": 90, "texture": "#cross"},
				"up": {"uv": [4.5, 6.5, 5.75, 5.25], "rotation": 180, "texture": "#cross"},
				"down": {"uv": [4.5, 6.5, 5.75, 5.25], "texture": "#cross"}
			}
		},
		{
			"from": [5.13164, 19.66865, 10.5],
			"to": [8.13164, 22.66865, 13.5],
			"rotation": {"angle": 0, "axis": "x", "origin": [2.88164, 21.91865, 8.5]},
			"faces": {
				"north": {"uv": [1.5, 4, 2.75, 5.25], "rotation": 90, "texture": "#cross"},
				"east": {"uv": [3, 5.25, 4.25, 6.5], "rotation": 270, "texture": "#cross"},
				"south": {"uv": [0, 5.25, 1.25, 6.5], "rotation": 270, "texture": "#cross"},
				"west": {"uv": [3, 5.25, 4.25, 6.5], "rotation": 90, "texture": "#cross"},
				"up": {"uv": [4.5, 5.25, 5.75, 6.5], "rotation": 180, "texture": "#cross"},
				"down": {"uv": [4.5, 5.25, 5.75, 6.5], "texture": "#cross"}
			}
		},
		{
			"from": [5.38164, 19.91865, 10.75],
			"to": [7.88164, 22.41865, 13.25],
			"rotation": {"angle": 0, "axis": "x", "origin": [2.88164, 21.91865, 8.5]},
			"faces": {
				"north": {"uv": [1.5, 4, 2.75, 5.25], "rotation": 90, "texture": "#cross"},
				"east": {"uv": [3, 4, 4.25, 5.25], "rotation": 270, "texture": "#cross"},
				"south": {"uv": [0, 4, 1.25, 5.25], "rotation": 270, "texture": "#cross"},
				"west": {"uv": [3, 4, 4.25, 5.25], "rotation": 90, "texture": "#cross"},
				"up": {"uv": [4.5, 4, 5.75, 5.25], "rotation": 180, "texture": "#cross"},
				"down": {"uv": [4.5, 4, 5.75, 5.25], "texture": "#cross"}
			}
		},
		{
			"from": [14.38164, 22.16865, 9.25],
			"to": [11.38164, 25.16865, 12.25],
			"rotation": {"angle": 22.5, "axis": "z", "origin": [13.63164, 23.66865, 10.75]},
			"faces": {
				"north": {"uv": [3, 6.5, 4.25, 5.25], "rotation": 270, "texture": "#cross"},
				"east": {"uv": [1.5, 5.25, 2.75, 4], "rotation": 270, "texture": "#cross"},
				"south": {"uv": [3, 6.5, 4.25, 5.25], "rotation": 90, "texture": "#cross"},
				"west": {"uv": [1.25, 5.25, 0, 6.5], "rotation": 90, "texture": "#cross"},
				"up": {"uv": [4.5, 6.5, 5.75, 5.25], "rotation": 90, "texture": "#cross"},
				"down": {"uv": [4.5, 6.5, 5.75, 5.25], "rotation": 90, "texture": "#cross"}
			}
		},
		{
			"from": [11.38164, 22.16865, 9.25],
			"to": [14.38164, 25.16865, 12.25],
			"rotation": {"angle": 22.5, "axis": "z", "origin": [13.63164, 23.66865, 10.75]},
			"faces": {
				"north": {"uv": [3, 5.25, 4.25, 6.5], "rotation": 270, "texture": "#cross"},
				"east": {"uv": [0, 5.25, 1.25, 6.5], "rotation": 270, "texture": "#cross"},
				"south": {"uv": [3, 5.25, 4.25, 6.5], "rotation": 90, "texture": "#cross"},
				"west": {"uv": [1.5, 4, 2.75, 5.25], "rotation": 90, "texture": "#cross"},
				"up": {"uv": [4.5, 5.25, 5.75, 6.5], "rotation": 90, "texture": "#cross"},
				"down": {"uv": [4.5, 5.25, 5.75, 6.5], "rotation": 90, "texture": "#cross"}
			}
		},
		{
			"from": [11.63164, 22.41865, 9.5],
			"to": [14.13164, 24.91865, 12],
			"rotation": {"angle": 22.5, "axis": "z", "origin": [13.63164, 23.66865, 10.75]},
			"faces": {
				"north": {"uv": [3, 4, 4.25, 5.25], "rotation": 270, "texture": "#cross"},
				"east": {"uv": [0, 4, 1.25, 5.25], "rotation": 270, "texture": "#cross"},
				"south": {"uv": [3, 4, 4.25, 5.25], "rotation": 90, "texture": "#cross"},
				"west": {"uv": [1.5, 4, 2.75, 5.25], "rotation": 90, "texture": "#cross"},
				"up": {"uv": [4.5, 4, 5.75, 5.25], "rotation": 90, "texture": "#cross"},
				"down": {"uv": [4.5, 4, 5.75, 5.25], "rotation": 90, "texture": "#cross"}
			}
		},
		{
			"from": [12.68873, 18.88164, 5],
			"to": [9.68873, 21.88164, 8],
			"rotation": {"angle": 45, "axis": "z", "origin": [10.93873, 20.38164, 6.5]},
			"faces": {
				"north": {"uv": [3, 6.5, 4.25, 5.25], "rotation": 270, "texture": "#cross"},
				"east": {"uv": [1.5, 5.25, 2.75, 4], "rotation": 270, "texture": "#cross"},
				"south": {"uv": [3, 6.5, 4.25, 5.25], "rotation": 90, "texture": "#cross"},
				"west": {"uv": [1.25, 5.25, 0, 6.5], "rotation": 90, "texture": "#cross"},
				"up": {"uv": [4.5, 6.5, 5.75, 5.25], "rotation": 90, "texture": "#cross"},
				"down": {"uv": [4.5, 6.5, 5.75, 5.25], "rotation": 90, "texture": "#cross"}
			}
		},
		{
			"from": [9.68873, 18.88164, 5],
			"to": [12.68873, 21.88164, 8],
			"rotation": {"angle": 45, "axis": "z", "origin": [10.93873, 20.38164, 6.5]},
			"faces": {
				"north": {"uv": [3, 5.25, 4.25, 6.5], "rotation": 270, "texture": "#cross"},
				"east": {"uv": [0, 5.25, 1.25, 6.5], "rotation": 270, "texture": "#cross"},
				"south": {"uv": [3, 5.25, 4.25, 6.5], "rotation": 90, "texture": "#cross"},
				"west": {"uv": [1.5, 4, 2.75, 5.25], "rotation": 90, "texture": "#cross"},
				"up": {"uv": [4.5, 5.25, 5.75, 6.5], "rotation": 90, "texture": "#cross"},
				"down": {"uv": [4.5, 5.25, 5.75, 6.5], "rotation": 90, "texture": "#cross"}
			}
		},
		{
			"from": [9.93873, 19.13164, 5.25],
			"to": [12.43873, 21.63164, 7.75],
			"rotation": {"angle": 45, "axis": "z", "origin": [10.93873, 20.38164, 6.5]},
			"faces": {
				"north": {"uv": [3, 4, 4.25, 5.25], "rotation": 270, "texture": "#cross"},
				"east": {"uv": [0, 4, 1.25, 5.25], "rotation": 270, "texture": "#cross"},
				"south": {"uv": [3, 4, 4.25, 5.25], "rotation": 90, "texture": "#cross"},
				"west": {"uv": [1.5, 4, 2.75, 5.25], "rotation": 90, "texture": "#cross"},
				"up": {"uv": [4.5, 4, 5.75, 5.25], "rotation": 90, "texture": "#cross"},
				"down": {"uv": [4.5, 4, 5.75, 5.25], "rotation": 90, "texture": "#cross"}
			}
		},
		{
			"from": [13.61551, 12.55841, 4.25],
			"to": [10.61551, 15.55841, 7.25],
			"rotation": {"angle": 0, "axis": "z", "origin": [11.11551, 20.55841, 6.5]},
			"faces": {
				"north": {"uv": [3, 6.5, 4.25, 5.25], "rotation": 270, "texture": "#cross"},
				"east": {"uv": [1.5, 5.25, 2.75, 4], "rotation": 270, "texture": "#cross"},
				"south": {"uv": [3, 6.5, 4.25, 5.25], "rotation": 90, "texture": "#cross"},
				"west": {"uv": [1.25, 5.25, 0, 6.5], "rotation": 90, "texture": "#cross"},
				"up": {"uv": [4.5, 6.5, 5.75, 5.25], "rotation": 90, "texture": "#cross"},
				"down": {"uv": [4.5, 6.5, 5.75, 5.25], "rotation": 90, "texture": "#cross"}
			}
		},
		{
			"from": [10.61551, 12.55841, 4.25],
			"to": [13.61551, 15.55841, 7.25],
			"rotation": {"angle": 0, "axis": "z", "origin": [11.11551, 20.55841, 6.5]},
			"faces": {
				"north": {"uv": [3, 5.25, 4.25, 6.5], "rotation": 270, "texture": "#cross"},
				"east": {"uv": [0, 5.25, 1.25, 6.5], "rotation": 270, "texture": "#cross"},
				"south": {"uv": [3, 5.25, 4.25, 6.5], "rotation": 90, "texture": "#cross"},
				"west": {"uv": [1.5, 4, 2.75, 5.25], "rotation": 90, "texture": "#cross"},
				"up": {"uv": [4.5, 5.25, 5.75, 6.5], "rotation": 90, "texture": "#cross"},
				"down": {"uv": [4.5, 5.25, 5.75, 6.5], "rotation": 90, "texture": "#cross"}
			}
		},
		{
			"from": [10.86551, 12.80841, 4.5],
			"to": [13.36551, 15.30841, 7],
			"rotation": {"angle": 0, "axis": "z", "origin": [11.11551, 20.55841, 6.5]},
			"faces": {
				"north": {"uv": [3, 4, 4.25, 5.25], "rotation": 270, "texture": "#cross"},
				"east": {"uv": [0, 4, 1.25, 5.25], "rotation": 270, "texture": "#cross"},
				"south": {"uv": [3, 4, 4.25, 5.25], "rotation": 90, "texture": "#cross"},
				"west": {"uv": [1.5, 4, 2.75, 5.25], "rotation": 90, "texture": "#cross"},
				"up": {"uv": [4.5, 4, 5.75, 5.25], "rotation": 90, "texture": "#cross"},
				"down": {"uv": [4.5, 4, 5.75, 5.25], "rotation": 90, "texture": "#cross"}
			}
		},
		{
			"from": [14.61551, 1.55841, 6.25],
			"to": [11.61551, 4.55841, 9.25],
			"rotation": {"angle": -22.5, "axis": "y", "origin": [12.11551, 3.05841, 7.75]},
			"faces": {
				"north": {"uv": [3, 6.5, 4.25, 5.25], "rotation": 270, "texture": "#cross"},
				"east": {"uv": [1.5, 5.25, 2.75, 4], "rotation": 270, "texture": "#cross"},
				"south": {"uv": [3, 6.5, 4.25, 5.25], "rotation": 90, "texture": "#cross"},
				"west": {"uv": [1.25, 5.25, 0, 6.5], "rotation": 90, "texture": "#cross"},
				"up": {"uv": [4.5, 6.5, 5.75, 5.25], "rotation": 90, "texture": "#cross"},
				"down": {"uv": [4.5, 6.5, 5.75, 5.25], "rotation": 90, "texture": "#cross"}
			}
		},
		{
			"from": [11.61551, 1.55841, 6.25],
			"to": [14.61551, 4.55841, 9.25],
			"rotation": {"angle": -22.5, "axis": "y", "origin": [12.11551, 3.05841, 7.75]},
			"faces": {
				"north": {"uv": [3, 5.25, 4.25, 6.5], "rotation": 270, "texture": "#cross"},
				"east": {"uv": [0, 5.25, 1.25, 6.5], "rotation": 270, "texture": "#cross"},
				"south": {"uv": [3, 5.25, 4.25, 6.5], "rotation": 90, "texture": "#cross"},
				"west": {"uv": [1.5, 4, 2.75, 5.25], "rotation": 90, "texture": "#cross"},
				"up": {"uv": [4.5, 5.25, 5.75, 6.5], "rotation": 90, "texture": "#cross"},
				"down": {"uv": [4.5, 5.25, 5.75, 6.5], "rotation": 90, "texture": "#cross"}
			}
		},
		{
			"from": [11.86551, 1.80841, 6.5],
			"to": [14.36551, 4.30841, 9],
			"rotation": {"angle": -22.5, "axis": "y", "origin": [12.11551, 3.05841, 7.75]},
			"faces": {
				"north": {"uv": [3, 4, 4.25, 5.25], "rotation": 270, "texture": "#cross"},
				"east": {"uv": [0, 4, 1.25, 5.25], "rotation": 270, "texture": "#cross"},
				"south": {"uv": [3, 4, 4.25, 5.25], "rotation": 90, "texture": "#cross"},
				"west": {"uv": [1.5, 4, 2.75, 5.25], "rotation": 90, "texture": "#cross"},
				"up": {"uv": [4.5, 4, 5.75, 5.25], "rotation": 90, "texture": "#cross"},
				"down": {"uv": [4.5, 4, 5.75, 5.25], "rotation": 90, "texture": "#cross"}
			}
		},
		{
			"from": [14.36551, 7.80841, 7.75],
			"to": [11.36551, 10.80841, 10.75],
			"rotation": {"angle": 22.5, "axis": "z", "origin": [12.11551, 9.30841, 9.25]},
			"faces": {
				"north": {"uv": [3, 6.5, 4.25, 5.25], "rotation": 270, "texture": "#cross"},
				"east": {"uv": [1.5, 5.25, 2.75, 4], "rotation": 270, "texture": "#cross"},
				"south": {"uv": [3, 6.5, 4.25, 5.25], "rotation": 90, "texture": "#cross"},
				"west": {"uv": [1.25, 5.25, 0, 6.5], "rotation": 90, "texture": "#cross"},
				"up": {"uv": [4.5, 6.5, 5.75, 5.25], "rotation": 90, "texture": "#cross"},
				"down": {"uv": [4.5, 6.5, 5.75, 5.25], "rotation": 90, "texture": "#cross"}
			}
		},
		{
			"from": [11.36551, 7.80841, 7.75],
			"to": [14.36551, 10.80841, 10.75],
			"rotation": {"angle": 22.5, "axis": "z", "origin": [12.11551, 9.30841, 9.25]},
			"faces": {
				"north": {"uv": [3, 5.25, 4.25, 6.5], "rotation": 270, "texture": "#cross"},
				"east": {"uv": [0, 5.25, 1.25, 6.5], "rotation": 270, "texture": "#cross"},
				"south": {"uv": [3, 5.25, 4.25, 6.5], "rotation": 90, "texture": "#cross"},
				"west": {"uv": [1.5, 4, 2.75, 5.25], "rotation": 90, "texture": "#cross"},
				"up": {"uv": [4.5, 5.25, 5.75, 6.5], "rotation": 90, "texture": "#cross"},
				"down": {"uv": [4.5, 5.25, 5.75, 6.5], "rotation": 90, "texture": "#cross"}
			}
		},
		{
			"from": [11.61551, 8.05841, 8],
			"to": [14.11551, 10.55841, 10.5],
			"rotation": {"angle": 22.5, "axis": "z", "origin": [12.11551, 9.30841, 9.25]},
			"faces": {
				"north": {"uv": [3, 4, 4.25, 5.25], "rotation": 270, "texture": "#cross"},
				"east": {"uv": [0, 4, 1.25, 5.25], "rotation": 270, "texture": "#cross"},
				"south": {"uv": [3, 4, 4.25, 5.25], "rotation": 90, "texture": "#cross"},
				"west": {"uv": [1.5, 4, 2.75, 5.25], "rotation": 90, "texture": "#cross"},
				"up": {"uv": [4.5, 4, 5.75, 5.25], "rotation": 90, "texture": "#cross"},
				"down": {"uv": [4.5, 4, 5.75, 5.25], "rotation": 90, "texture": "#cross"}
			}
		},
		{
			"from": [7.13164, 7.16865, 13.25],
			"to": [10.13164, 10.16865, 10.25],
			"rotation": {"angle": -22.5, "axis": "x", "origin": [8.38164, 8.16865, 12]},
			"faces": {
				"north": {"uv": [1.25, 5.25, 0, 6.5], "rotation": 90, "texture": "#cross"},
				"east": {"uv": [3, 6.5, 4.25, 5.25], "rotation": 270, "texture": "#cross"},
				"south": {"uv": [1.5, 5.25, 2.75, 4], "rotation": 270, "texture": "#cross"},
				"west": {"uv": [3, 6.5, 4.25, 5.25], "rotation": 90, "texture": "#cross"},
				"up": {"uv": [4.5, 6.5, 5.75, 5.25], "rotation": 180, "texture": "#cross"},
				"down": {"uv": [4.5, 6.5, 5.75, 5.25], "texture": "#cross"}
			}
		},
		{
			"from": [7.13164, 7.16865, 10.25],
			"to": [10.13164, 10.16865, 13.25],
			"rotation": {"angle": -22.5, "axis": "x", "origin": [8.38164, 8.16865, 12]},
			"faces": {
				"north": {"uv": [1.5, 4, 2.75, 5.25], "rotation": 90, "texture": "#cross"},
				"east": {"uv": [3, 5.25, 4.25, 6.5], "rotation": 270, "texture": "#cross"},
				"south": {"uv": [0, 5.25, 1.25, 6.5], "rotation": 270, "texture": "#cross"},
				"west": {"uv": [3, 5.25, 4.25, 6.5], "rotation": 90, "texture": "#cross"},
				"up": {"uv": [4.5, 5.25, 5.75, 6.5], "rotation": 180, "texture": "#cross"},
				"down": {"uv": [4.5, 5.25, 5.75, 6.5], "texture": "#cross"}
			}
		},
		{
			"from": [7.38164, 7.41865, 10.5],
			"to": [9.88164, 9.91865, 13],
			"rotation": {"angle": -22.5, "axis": "x", "origin": [8.38164, 8.16865, 12]},
			"faces": {
				"north": {"uv": [1.5, 4, 2.75, 5.25], "rotation": 90, "texture": "#cross"},
				"east": {"uv": [3, 4, 4.25, 5.25], "rotation": 270, "texture": "#cross"},
				"south": {"uv": [0, 4, 1.25, 5.25], "rotation": 270, "texture": "#cross"},
				"west": {"uv": [3, 4, 4.25, 5.25], "rotation": 90, "texture": "#cross"},
				"up": {"uv": [4.5, 4, 5.75, 5.25], "rotation": 180, "texture": "#cross"},
				"down": {"uv": [4.5, 4, 5.75, 5.25], "texture": "#cross"}
			}
		},
		{
			"from": [4.88164, 3.8394, 13.85842],
			"to": [7.88164, 6.8394, 10.85842],
			"rotation": {"angle": -45, "axis": "x", "origin": [8.63164, 4.8394, 13.10842]},
			"faces": {
				"north": {"uv": [1.25, 5.25, 0, 6.5], "rotation": 90, "texture": "#cross"},
				"east": {"uv": [3, 6.5, 4.25, 5.25], "rotation": 270, "texture": "#cross"},
				"south": {"uv": [1.5, 5.25, 2.75, 4], "rotation": 270, "texture": "#cross"},
				"west": {"uv": [3, 6.5, 4.25, 5.25], "rotation": 90, "texture": "#cross"},
				"up": {"uv": [4.5, 6.5, 5.75, 5.25], "rotation": 180, "texture": "#cross"},
				"down": {"uv": [4.5, 6.5, 5.75, 5.25], "texture": "#cross"}
			}
		},
		{
			"from": [4.88164, 3.8394, 10.85842],
			"to": [7.88164, 6.8394, 13.85842],
			"rotation": {"angle": -45, "axis": "x", "origin": [8.63164, 4.8394, 13.10842]},
			"faces": {
				"north": {"uv": [1.5, 4, 2.75, 5.25], "rotation": 90, "texture": "#cross"},
				"east": {"uv": [3, 5.25, 4.25, 6.5], "rotation": 270, "texture": "#cross"},
				"south": {"uv": [0, 5.25, 1.25, 6.5], "rotation": 270, "texture": "#cross"},
				"west": {"uv": [3, 5.25, 4.25, 6.5], "rotation": 90, "texture": "#cross"},
				"up": {"uv": [4.5, 5.25, 5.75, 6.5], "rotation": 180, "texture": "#cross"},
				"down": {"uv": [4.5, 5.25, 5.75, 6.5], "texture": "#cross"}
			}
		},
		{
			"from": [5.13164, 4.0894, 11.10842],
			"to": [7.63164, 6.5894, 13.60842],
			"rotation": {"angle": -45, "axis": "x", "origin": [8.63164, 4.8394, 13.10842]},
			"faces": {
				"north": {"uv": [1.5, 4, 2.75, 5.25], "rotation": 90, "texture": "#cross"},
				"east": {"uv": [3, 4, 4.25, 5.25], "rotation": 270, "texture": "#cross"},
				"south": {"uv": [0, 4, 1.25, 5.25], "rotation": 270, "texture": "#cross"},
				"west": {"uv": [3, 4, 4.25, 5.25], "rotation": 90, "texture": "#cross"},
				"up": {"uv": [4.5, 4, 5.75, 5.25], "rotation": 180, "texture": "#cross"},
				"down": {"uv": [4.5, 4, 5.75, 5.25], "texture": "#cross"}
			}
		},
		{
			"from": [0, 19, 2],
			"to": [8, 19, 14],
			"rotation": {"angle": 45, "axis": "z", "origin": [8, 19, 8]},
			"faces": {
				"up": {"uv": [6, 8, 0, 12], "rotation": 90, "texture": "#cross"},
				"down": {"uv": [0, 8, 6, 12], "rotation": 90, "texture": "#cross"}
			}
		},
		{
			"from": [0, 0, 8],
			"to": [16, 32, 8],
			"rotation": {"angle": -45, "axis": "y", "origin": [8, 16, 8]},
			"faces": {
				"north": {"uv": [8, 0, 16, 16], "texture": "#cross"},
				"south": {"uv": [16, 0, 8, 16], "texture": "#cross"}
			}
		},
		{
			"from": [8, 0, 0],
			"to": [8, 32, 16],
			"rotation": {"angle": -45, "axis": "y", "origin": [8, 16, 8]},
			"faces": {
				"east": {"uv": [8, 0, 16, 16], "texture": "#cross"},
				"west": {"uv": [16, 0, 8, 16], "texture": "#cross"}
			}
		},
		{
			"from": [8, -1, 2],
			"to": [8, 7, 14],
			"rotation": {"angle": 45, "axis": "z", "origin": [8, 7, 8]},
			"faces": {
				"east": {"uv": [6, 8, 0, 12], "texture": "#cross"},
				"west": {"uv": [0, 8, 6, 12], "texture": "#cross"}
			}
		},
		{
			"from": [1, 2, 8],
			"to": [13, 10, 8],
			"rotation": {"angle": 45, "axis": "x", "origin": [8, 10, 8]},
			"faces": {
				"north": {"uv": [0, 12, 6, 16], "texture": "#cross"},
				"south": {"uv": [6, 12, 0, 16], "texture": "#cross"}
			}
		},
		{
			"from": [2, 7, 9],
			"to": [14, 7, 17],
			"rotation": {"angle": 45, "axis": "x", "origin": [7, 8, 8]},
			"faces": {
				"up": {"uv": [6, 12, 0, 16], "texture": "#cross"},
				"down": {"uv": [0, 12, 6, 16], "texture": "#cross"}
			}
		},
		{
			"from": [8, 0, 1],
			"to": [8, 8, 13],
			"rotation": {"angle": -45, "axis": "z", "origin": [8, 8, 8]},
			"faces": {
				"east": {"uv": [0, 8, 6, 12], "texture": "#cross"},
				"west": {"uv": [6, 8, 0, 12], "texture": "#cross"}
			}
		},
		{
			"from": [2, 19, 0],
			"to": [14, 19, 8],
			"rotation": {"angle": -45, "axis": "x", "origin": [8, 19, 8]},
			"faces": {
				"up": {"uv": [0, 12, 6, 16], "rotation": 180, "texture": "#cross"},
				"down": {"uv": [6, 12, 0, 16], "texture": "#cross"}
			}
		},
		{
			"from": [2, 17, 8],
			"to": [14, 17, 16],
			"rotation": {"angle": 45, "axis": "x", "origin": [8, 16, 8]},
			"faces": {
				"up": {"uv": [0, 12, 6, 16], "texture": "#cross"},
				"down": {"uv": [6, 12, 0, 16], "rotation": 180, "texture": "#cross"}
			}
		},
		{
			"from": [7, 6, 2],
			"to": [7, 14, 14],
			"rotation": {"angle": -45, "axis": "z", "origin": [7, 14, 8]},
			"faces": {
				"east": {"uv": [6, 8, 0, 12], "texture": "#cross"},
				"west": {"uv": [0, 8, 6, 12], "texture": "#cross"}
			}
		},
		{
			"from": [8, 7, 2],
			"to": [8, 15, 14],
			"rotation": {"angle": 45, "axis": "z", "origin": [8, 14, 8]},
			"faces": {
				"east": {"uv": [0, 8, 6, 12], "texture": "#cross"},
				"west": {"uv": [6, 8, 0, 12], "texture": "#cross"}
			}
		},
		{
			"from": [2, 26, 0],
			"to": [14, 26, 8],
			"rotation": {"angle": -45, "axis": "x", "origin": [8, 26, 8]},
			"faces": {
				"up": {"uv": [0, 8, 6, 12], "rotation": 180, "texture": "#cross"},
				"down": {"uv": [6, 8, 0, 12], "texture": "#cross"}
			}
		},
		{
			"from": [2, 23, 8],
			"to": [14, 23, 16],
			"rotation": {"angle": 45, "axis": "x", "origin": [8, 23, 8]},
			"faces": {
				"up": {"uv": [0, 12, 6, 16], "texture": "#cross"},
				"down": {"uv": [6, 16, 0, 12], "texture": "#cross"}
			}
		},
		{
			"from": [8, 18, 2],
			"to": [8, 26, 14],
			"rotation": {"angle": -45, "axis": "z", "origin": [8, 26, 8]},
			"faces": {
				"east": {"uv": [6, 12, 0, 16], "texture": "#cross"},
				"west": {"uv": [6, 12, 0, 16], "texture": "#cross"}
			}
		},
		{
			"from": [8, 12, 2],
			"to": [8, 20, 14],
			"rotation": {"angle": 45, "axis": "z", "origin": [8, 20, 8]},
			"faces": {
				"east": {"uv": [6, 8, 0, 12], "texture": "#cross"},
				"west": {"uv": [0, 8, 6, 12], "texture": "#cross"}
			}
		},
		{
			"from": [8, 19, 2],
			"to": [8, 27, 14],
			"rotation": {"angle": 45, "axis": "z", "origin": [8, 27, 8]},
			"faces": {
				"east": {"uv": [0, 8, 6, 12], "texture": "#cross"},
				"west": {"uv": [6, 8, 0, 12], "texture": "#cross"}
			}
		}
	],
	"groups": [
		{
			"name": "group",
			"origin": [8, 16, 8],
			"color": 0,
			"nbt": "{}",
			"children": [
				{
					"name": "group",
					"origin": [5, 12, 7],
					"color": 0,
					"nbt": "{}",
					"children": [0, 1, 2]
				},
				{
					"name": "group",
					"origin": [5, 12, 7],
					"color": 0,
					"nbt": "{}",
					"children": [3, 4, 5]
				},
				{
					"name": "group",
					"origin": [5, 12, 7],
					"color": 0,
					"nbt": "{}",
					"children": [6, 7, 8]
				},
				{
					"name": "group",
					"origin": [5, 12, 7],
					"color": 0,
					"nbt": "{}",
					"children": [9, 10, 11]
				},
				{
					"name": "group",
					"origin": [5, 12, 7],
					"color": 0,
					"nbt": "{}",
					"children": [12, 13, 14]
				},
				{
					"name": "group",
					"origin": [5, 12, 7],
					"color": 0,
					"nbt": "{}",
					"children": [15, 16, 17]
				},
				{
					"name": "group",
					"origin": [5, 12, 7],
					"color": 0,
					"nbt": "{}",
					"children": [18, 19, 20]
				},
				{
					"name": "group",
					"origin": [5, 12, 7],
					"color": 0,
					"nbt": "{}",
					"children": [21, 22, 23]
				},
				{
					"name": "group",
					"origin": [5, 12, 7],
					"color": 0,
					"nbt": "{}",
					"children": [24, 25, 26]
				},
				{
					"name": "group",
					"origin": [5, 12, 7],
					"color": 0,
					"nbt": "{}",
					"children": [27, 28, 29]
				},
				{
					"name": "group",
					"origin": [5, 12, 7],
					"color": 0,
					"nbt": "{}",
					"children": [30, 31, 32]
				},
				{
					"name": "group",
					"origin": [5, 12, 7],
					"color": 0,
					"nbt": "{}",
					"children": [33, 34, 35]
				},
				{
					"name": "group",
					"origin": [5, 12, 7],
					"color": 0,
					"nbt": "{}",
					"children": [36, 37, 38]
				},
				{
					"name": "group",
					"origin": [5, 12, 7],
					"color": 0,
					"nbt": "{}",
					"children": [39, 40, 41]
				},
				{
					"name": "group",
					"origin": [5, 12, 7],
					"color": 0,
					"nbt": "{}",
					"children": [42, 43, 44]
				},
				{
					"name": "group",
					"origin": [5, 12, 7],
					"color": 0,
					"nbt": "{}",
					"children": [45, 46, 47]
				},
				{
					"name": "group",
					"origin": [5, 12, 7],
					"color": 0,
					"nbt": "{}",
					"children": [48, 49, 50]
				}
			]
		},
		51,
		52,
		53,
		54,
		55,
		56,
		57,
		58,
		59,
		60,
		61,
		62,
		63,
		64,
		65,
		66
	]
}