{
	"credit": "Made with Blockbench",
	"ambientocclusion": false,
	"textures": {
		"cross": "block/sunflower",
		"particle": "block/break/sunflower_top"
	},
	"elements": [
		{
			"from": [4, 0, 8],
			"to": [11.5, 30, 8],
			"rotation": {"angle": 0, "axis": "y", "origin": [8, 14, 8]},
			"faces": {
				"north": {"uv": [11.5, 1, 7.25, 16], "texture": "#cross"},
				"south": {"uv": [7.25, 1, 11.5, 16], "texture": "#cross"}
			}
		},
		{
			"from": [7.5, 0, 4],
			"to": [7.5, 30, 12.5],
			"rotation": {"angle": 0, "axis": "y", "origin": [8, 14, 8]},
			"faces": {
				"east": {"uv": [16, 1, 11.75, 16], "texture": "#cross"},
				"west": {"uv": [11.75, 1, 16, 16], "texture": "#cross"}
			}
		},
		{
			"from": [8.9, 22, 5],
			"to": [9.9, 28, 11],
			"rotation": {"angle": 0, "axis": "y", "origin": [8.4, 14, 8]},
			"faces": {
				"north": {"uv": [3, 0.25, 3.5, 3.25], "texture": "#cross"},
				"east": {"uv": [3.25, 0.25, 0.25, 3.25], "texture": "#cross"},
				"south": {"uv": [0, 0.25, 0.5, 3.25], "texture": "#cross"},
				"west": {"uv": [3.25, 0.25, 6.25, 3.25], "texture": "#cross"},
				"up": {"uv": [0.25, 0.5, 3.25, 0], "rotation": 90, "texture": "#cross"},
				"down": {"uv": [3.25, 3, 0.25, 3.5], "rotation": 90, "texture": "#cross"}
			}
		},
		{
			"from": [9.4, 20, 3],
			"to": [9.4, 30, 13],
			"rotation": {"angle": 0, "axis": "y", "origin": [8.4, 14, 8]},
			"faces": {
				"east": {"uv": [5, 3.5, 0, 8.5], "texture": "#cross"},
				"west": {"uv": [0, 3.5, 5, 8.5], "texture": "#cross"}
			}
		},
		{
			"from": [4.9, 25.5, 4],
			"to": [8.9, 25.5, 8],
			"rotation": {"angle": -22.5, "axis": "x", "origin": [7.4, 25.5, 8]},
			"faces": {
				"up": {"uv": [2, 12.75, 0, 14.75], "rotation": 270, "texture": "#cross"},
				"down": {"uv": [0, 12.75, 2, 14.75], "rotation": 270, "texture": "#cross"}
			}
		},
		{
			"from": [4.9, 25.5, 8],
			"to": [8.9, 25.5, 12],
			"rotation": {"angle": 22.5, "axis": "x", "origin": [7.4, 25.5, 8]},
			"faces": {
				"up": {"uv": [4.25, 12.5, 2.25, 14.5], "rotation": 270, "texture": "#cross"},
				"down": {"uv": [2.25, 12.5, 4.25, 14.5], "rotation": 270, "texture": "#cross"}
			}
		},
		{
			"from": [8.25195, 20, 10.77164],
			"to": [8.25195, 30, 14.77164],
			"rotation": {"angle": 22.5, "axis": "y", "origin": [9.4, 25, 8]},
			"faces": {
				"east": {"uv": [5, 8.5, 0, 10.5], "rotation": 270, "texture": "#cross"},
				"west": {"uv": [0, 8.5, 5, 10.5], "rotation": 90, "texture": "#cross"}
			}
		},
		{
			"from": [8.25195, 18.22836, 3],
			"to": [8.25195, 22.22836, 13],
			"rotation": {"angle": 22.5, "axis": "z", "origin": [9.4, 25, 8]},
			"faces": {
				"east": {"uv": [5, 8.5, 0, 10.5], "rotation": 180, "texture": "#cross"},
				"west": {"uv": [0, 8.5, 5, 10.5], "rotation": 180, "texture": "#cross"}
			}
		},
		{
			"from": [8.25195, 20, 1.22836],
			"to": [8.25195, 30, 5.22836],
			"rotation": {"angle": -22.5, "axis": "y", "origin": [9.4, 25, 8]},
			"faces": {
				"east": {"uv": [5, 8.5, 0, 10.5], "rotation": 90, "texture": "#cross"},
				"west": {"uv": [0, 8.5, 5, 10.5], "rotation": 270, "texture": "#cross"}
			}
		},
		{
			"from": [8.25195, 27.77164, 3],
			"to": [8.25195, 31.77164, 13],
			"rotation": {"angle": -22.5, "axis": "z", "origin": [9.4, 25, 8]},
			"faces": {
				"east": {"uv": [5, 8.5, 0, 10.5], "texture": "#cross"},
				"west": {"uv": [0, 8.5, 5, 10.5], "texture": "#cross"}
			}
		},
		{
			"from": [7.27868, 27.12132, 3],
			"to": [7.27868, 31.12132, 13],
			"rotation": {"angle": -45, "axis": "z", "origin": [9.4, 25, 8]},
			"faces": {
				"east": {"uv": [5, 10.5, 0, 12.5], "texture": "#cross"},
				"west": {"uv": [0, 10.5, 5, 12.5], "texture": "#cross"}
			}
		},
		{
			"from": [7.27868, 20, 10.12132],
			"to": [7.27868, 30, 14.12132],
			"rotation": {"angle": 45, "axis": "y", "origin": [9.4, 25, 8]},
			"faces": {
				"east": {"uv": [5, 10.5, 0, 12.5], "rotation": 270, "texture": "#cross"},
				"west": {"uv": [0, 10.5, 5, 12.5], "rotation": 90, "texture": "#cross"}
			}
		},
		{
			"from": [7.27868, 20, 1.87868],
			"to": [7.27868, 30, 5.87868],
			"rotation": {"angle": -45, "axis": "y", "origin": [9.4, 25, 8]},
			"faces": {
				"east": {"uv": [5, 10.5, 0, 12.5], "rotation": 90, "texture": "#cross"},
				"west": {"uv": [0, 10.5, 5, 12.5], "rotation": 270, "texture": "#cross"}
			}
		},
		{
			"from": [7.27868, 18.87868, 3],
			"to": [7.27868, 22.87868, 13],
			"rotation": {"angle": 45, "axis": "z", "origin": [9.4, 25, 8]},
			"faces": {
				"east": {"uv": [5, 10.5, 0, 12.5], "rotation": 180, "texture": "#cross"},
				"west": {"uv": [0, 10.5, 5, 12.5], "rotation": 180, "texture": "#cross"}
			}
		}
	],
	"display": {
		"thirdperson_righthand": {
			"rotation": [0, -135, 0],
			"translation": [0, 2.5, 0],
			"scale": [0.375, 0.375, 0.375]
		},
		"thirdperson_lefthand": {
			"rotation": [0, 45, 0],
			"translation": [0, 2.5, 0],
			"scale": [0.375, 0.375, 0.375]
		},
		"firstperson_righthand": {
			"rotation": [0, -135, 0],
			"translation": [1.75, 1.25, 0],
			"scale": [0.4, 0.4, 0.4]
		},
		"firstperson_lefthand": {
			"rotation": [0, 45, 0],
			"translation": [1.75, 1.25, 0],
			"scale": [0.4, 0.4, 0.4]
		},
		"ground": {
			"rotation": [0, 90, 0],
			"translation": [0, 3, 0],
			"scale": [0.5, 0.5, 0.5]
		},
		"gui": {
			"rotation": [30, 225, 0],
			"translation": [0.25, -1, 0],
			"scale": [0.8, 0.8, 0.8]
		},
		"head": {
			"rotation": [0, 90, 0],
			"translation": [0, 14.5, 0]
		},
		"fixed": {
			"rotation": [0, 90, 0],
			"translation": [0, 0.75, 0]
		}
	}
}