{
	"credit": "Made with Blockbench",
	"parent": "minecraft:block/cross",
	"textures": {
		"cross": "block/torchflower",
		"particle": "block/break/torchflower"
	},
	"elements": [
		{
			"from": [8, -1, 0.5],
			"to": [8, 9.5, 16.5],
			"rotation": {"angle": -45, "axis": "y", "origin": [8, 4.75, 8]},
			"faces": {
				"east": {"uv": [0, 5.5, 16, 16], "texture": "#cross"},
				"west": {"uv": [16, 5.5, 0, 16], "texture": "#cross"}
			}
		},
		{
			"from": [-0.5, -1, 8],
			"to": [15.5, 9.5, 8],
			"rotation": {"angle": -45, "axis": "y", "origin": [8, 4.75, 8]},
			"faces": {
				"north": {"uv": [16, 5.5, 0, 16], "texture": "#cross"},
				"south": {"uv": [0, 5.5, 16, 16], "texture": "#cross"}
			}
		},
		{
			"from": [6.75, 7, 6.75],
			"to": [9.25, 13, 9.25],
			"faces": {
				"north": {"uv": [7, 0, 13, 2.5], "rotation": 90, "texture": "#cross"},
				"east": {"uv": [7, 3, 13, 5.5], "rotation": 90, "texture": "#cross"},
				"south": {"uv": [7, 0, 13, 2.5], "rotation": 90, "texture": "#cross"},
				"west": {"uv": [7, 3, 13, 5.5], "rotation": 90, "texture": "#cross"},
				"up": {"uv": [13.5, 0, 16, 2.5], "texture": "#cross"},
				"down": {"uv": [13.5, 3, 16, 5.5], "texture": "#cross"}
			}
		}
	],
	"display": {
		"thirdperson_righthand": {
			"rotation": [75, 45, 0],
			"translation": [0, 1, 0.5],
			"scale": [0.375, 0.375, 0.375]
		},
		"thirdperson_lefthand": {
			"rotation": [75, 45, 0],
			"translation": [0, 1, 0.5],
			"scale": [0.375, 0.375, 0.375]
		},
		"firstperson_righthand": {
			"rotation": [0, 45, 0],
			"translation": [0, 2.5, 0],
			"scale": [0.4, 0.4, 0.4]
		},
		"firstperson_lefthand": {
			"rotation": [0, 45, 0],
			"translation": [0, 2.5, 0],
			"scale": [0.4, 0.4, 0.4]
		},
		"ground": {
			"translation": [0, 3, 0],
			"scale": [0.25, 0.25, 0.25]
		},
		"gui": {
			"rotation": [30, 225, 0],
			"translation": [-0.25, 0, 0],
			"scale": [0.9, 0.9, 0.9]
		},
		"fixed": {
			"scale": [0.5, 0.5, 0.5]
		}
	}
}