{
	"credit": "Made with Blockbench",
	"parent": "minecraft:block/cross",
	"textures": {
		"cross": "block/torchflower_crop_stage1",
		"particle": "block/break/torchflower_crop_stage1"
	},
	"elements": [
		{
			"from": [8, -1, 0.5],
			"to": [8, 8.5, 16.5],
			"rotation": {"angle": -45, "axis": "y", "origin": [8, 3.75, 8]},
			"faces": {
				"east": {"uv": [0, 6.5, 16, 16], "texture": "#cross"},
				"west": {"uv": [16, 6.5, 0, 16], "texture": "#cross"}
			}
		},
		{
			"from": [-0.5, -1, 8],
			"to": [15.5, 8.5, 8],
			"rotation": {"angle": -45, "axis": "y", "origin": [8, 3.75, 8]},
			"faces": {
				"north": {"uv": [16, 6.5, 0, 16], "texture": "#cross"},
				"south": {"uv": [0, 6.5, 16, 16], "texture": "#cross"}
			}
		},
		{
			"from": [6.75, 4, 6.75],
			"to": [9.25, 7.5, 9.25],
			"rotation": {"angle": 0, "axis": "y", "origin": [0, -1, 0]},
			"faces": {
				"north": {"uv": [0, 0, 2.5, 3.5], "texture": "#cross"},
				"east": {"uv": [3, 0, 5.5, 3.5], "texture": "#cross"},
				"south": {"uv": [0, 0, 2.5, 3.5], "texture": "#cross"},
				"west": {"uv": [3, 0, 5.5, 3.5], "texture": "#cross"},
				"up": {"uv": [6, 0, 8.5, 2.5], "texture": "#cross"},
				"down": {"uv": [6, 3, 8.5, 5.5], "texture": "#cross"}
			}
		}
	]
}