{
	"credit": "Made with Blockbench",
	"parent": "minecraft:block/cross",
	"textures": {
		"cross": "block/torchflower_crop_stage0",
		"particle": "block/break/torchflower_crop_stage0"
	},
	"elements": [
		{
			"from": [8, -1, 0.5],
			"to": [8, 8.5, 16.5],
			"rotation": {"angle": -45, "axis": "y", "origin": [8, 4.75, 8]},
			"faces": {
				"east": {"uv": [0, 6.5, 16, 16], "texture": "#cross"},
				"west": {"uv": [16, 6.5, 0, 16], "texture": "#cross"}
			}
		},
		{
			"from": [-0.5, -1, 8],
			"to": [15.5, 8.5, 8],
			"rotation": {"angle": -45, "axis": "y", "origin": [8, 4.75, 8]},
			"faces": {
				"north": {"uv": [16, 6.5, 0, 16], "texture": "#cross"},
				"south": {"uv": [0, 6.5, 16, 16], "texture": "#cross"}
			}
		}
	]
}