{
	"credit": "Made with Blockbench",
	"textures": {
		"cross": "block/white_tulip",
		"particle": "block/break/white_tulip"
	},
	"elements": [
		{
			"from": [8, 0, 4.5],
			"to": [8, 9, 8.5],
			"faces": {
				"east": {"uv": [4, 7, 0, 16], "texture": "#cross"},
				"west": {"uv": [0, 7, 4, 16], "texture": "#cross"}
			}
		},
		{
			"from": [4.5, 0, 8],
			"to": [8.5, 10, 8],
			"rotation": {"angle": 0, "axis": "y", "origin": [8, 4.5, 8.5]},
			"faces": {
				"north": {"uv": [3, 6, 7, 16], "texture": "#cross"},
				"south": {"uv": [7, 6, 3, 16], "texture": "#cross"}
			}
		},
		{
			"from": [7.25, 9, 7.25],
			"to": [8.75, 9.5, 8.75],
			"faces": {
				"north": {"uv": [14.5, 10, 16, 10.5], "texture": "#cross"},
				"east": {"uv": [14.5, 10, 16, 10.5], "texture": "#cross"},
				"south": {"uv": [14.5, 10, 16, 10.5], "texture": "#cross"},
				"west": {"uv": [14.5, 10, 16, 10.5], "texture": "#cross"},
				"down": {"uv": [14.5, 11, 16, 12.5], "texture": "#cross"}
			}
		},
		{
			"from": [6.75, 9.5, 6.75],
			"to": [9.25, 10.5, 9.25],
			"faces": {
				"up": {"uv": [13.5, 7, 16, 9.5], "texture": "#cross"},
				"down": {"uv": [13.5, 7, 16, 9.5], "texture": "#cross"}
			}
		},
		{
			"from": [6.75, 9.5, 6.75],
			"to": [9.25, 13.5, 9.25],
			"faces": {
				"north": {"uv": [13.5, 0, 16, 4], "texture": "#cross"},
				"east": {"uv": [13.5, 0, 16, 4], "texture": "#cross"},
				"south": {"uv": [13.5, 0, 16, 4], "texture": "#cross"},
				"west": {"uv": [13.5, 0, 16, 4], "texture": "#cross"}
			}
		},
		{
			"from": [9.25, 9.5, 6.75],
			"to": [6.75, 13.5, 9.25],
			"faces": {
				"north": {"uv": [13.5, 0, 16, 4], "texture": "#cross"},
				"east": {"uv": [13.5, 0, 16, 4], "texture": "#cross"},
				"south": {"uv": [13.5, 0, 16, 4], "texture": "#cross"},
				"west": {"uv": [13.5, 0, 16, 4], "texture": "#cross"}
			}
		},
		{
			"from": [6.5, 9.5, 6.5],
			"to": [9.5, 12, 9.5],
			"faces": {
				"north": {"uv": [13, 4, 16, 6.5], "texture": "#cross"},
				"east": {"uv": [13, 4, 16, 6.5], "texture": "#cross"},
				"south": {"uv": [13, 4, 16, 6.5], "texture": "#cross"},
				"west": {"uv": [13, 4, 16, 6.5], "texture": "#cross"}
			}
		},
		{
			"from": [9.5, 9.5, 6.5],
			"to": [6.5, 12, 9.5],
			"faces": {
				"north": {"uv": [13, 4, 16, 6.5], "texture": "#cross"},
				"east": {"uv": [13, 4, 16, 6.5], "texture": "#cross"},
				"south": {"uv": [13, 4, 16, 6.5], "texture": "#cross"},
				"west": {"uv": [13, 4, 16, 6.5], "texture": "#cross"}
			}
		},
		{
			"from": [7.5, 10.5, 7.5],
			"to": [8.5, 11.5, 8.5],
			"faces": {
				"north": {"uv": [16, 13, 15, 14], "texture": "#cross"},
				"east": {"uv": [15, 13, 16, 14], "texture": "#cross"},
				"south": {"uv": [16, 13, 15, 14], "texture": "#cross"},
				"west": {"uv": [15, 13, 16, 14], "texture": "#cross"},
				"up": {"uv": [15, 13, 16, 14], "texture": "#cross"}
			}
		}
	],
	"display": {
		"thirdperson_righthand": {
			"rotation": [0, 45, 0],
			"translation": [0, 2.5, 0],
			"scale": [0.375, 0.375, 0.375]
		},
		"thirdperson_lefthand": {
			"rotation": [0, 45, 0],
			"translation": [0, 2.5, 0],
			"scale": [0.375, 0.375, 0.375]
		},
		"firstperson_righthand": {
			"rotation": [0, 45, 0],
			"translation": [1.75, 1.25, 0],
			"scale": [0.4, 0.4, 0.4]
		},
		"firstperson_lefthand": {
			"rotation": [0, 45, 0],
			"translation": [1.75, 1.25, 0],
			"scale": [0.4, 0.4, 0.4]
		},
		"ground": {
			"translation": [0, 3, 0],
			"scale": [0.5, 0.5, 0.5]
		},
		"gui": {
			"rotation": [30, 225, 0],
			"translation": [0, -0.25, 0]
		},
		"fixed": {
			"translation": [0, 0.75, 0]
		}
	}
}