{
	"credit": "Made with Blockbench",
	"textures": {
		"0": "item/iron_bucket",
		"7": "item/water_bucket",
		"2_0": "item/bucket/axolotl_lucy"
	},
	"elements": [
		{
			"name": "bucket",
			"from": [4.75, 0, 4.75],
			"to": [11.25, 0.5, 11.25],
			"rotation": {"angle": 0, "axis": "y", "origin": [13, 8, 12]},
			"faces": {
				"up": {"uv": [0.5, 15.5, 7, 9], "texture": "#0"},
				"down": {"uv": [0.5, 9, 7, 15.5], "texture": "#0"}
			}
		},
		{
			"name": "bucket",
			"from": [4.25, 0, 11.25],
			"to": [11.25, 8.5, 11.75],
			"rotation": {"angle": 0, "axis": "y", "origin": [13, 8, 12]},
			"faces": {
				"north": {"uv": [7, 0, 0, 8.5], "texture": "#0"},
				"south": {"uv": [0, 0, 7, 8.5], "texture": "#0"},
				"west": {"uv": [0, 0, 0.5, 8.5], "texture": "#0"},
				"up": {"uv": [0, 0, 7, 0.5], "texture": "#0"},
				"down": {"uv": [0, 8.5, 7, 9], "texture": "#0"}
			}
		},
		{
			"name": "bucket",
			"from": [4.75, 0, 4.25],
			"to": [11.75, 8.5, 4.75],
			"rotation": {"angle": 0, "axis": "y", "origin": [8, 0, 8]},
			"faces": {
				"north": {"uv": [0, 0, 7, 8.5], "texture": "#0"},
				"east": {"uv": [0, 0, 0.5, 8.5], "texture": "#0"},
				"south": {"uv": [7, 0, 0, 8.5], "texture": "#0"},
				"up": {"uv": [0, 0, 7, 0.5], "rotation": 180, "texture": "#0"},
				"down": {"uv": [0.5, 15.5, 7.5, 16], "texture": "#0"}
			}
		},
		{
			"name": "bucket",
			"from": [11.25, 0, 4.75],
			"to": [11.75, 8.5, 11.75],
			"rotation": {"angle": 0, "axis": "y", "origin": [8, 3.5, 8]},
			"faces": {
				"east": {"uv": [8.5, 0, 15.5, 8.5], "texture": "#0"},
				"south": {"uv": [7, 0, 7.5, 8.5], "texture": "#0"},
				"west": {"uv": [15.5, 0, 8.5, 8.5], "texture": "#0"},
				"up": {"uv": [8.5, 0, 15.5, 0.5], "rotation": 270, "texture": "#0"},
				"down": {"uv": [7, 8.5, 7.5, 15.5], "texture": "#0"}
			}
		},
		{
			"name": "bucket",
			"from": [4.25, 0, 4.25],
			"to": [4.75, 8.5, 11.25],
			"rotation": {"angle": 0, "axis": "y", "origin": [8, 3.5, 8]},
			"faces": {
				"north": {"uv": [8.5, 0, 9, 8.5], "texture": "#0"},
				"east": {"uv": [15.5, 0, 8.5, 8.5], "texture": "#0"},
				"west": {"uv": [8.5, 0, 15.5, 8.5], "texture": "#0"},
				"up": {"uv": [8.5, 0, 15.5, 0.5], "rotation": 90, "texture": "#0"},
				"down": {"uv": [0, 9, 0.5, 16], "texture": "#0"}
			}
		},
		{
			"name": "bucket",
			"from": [4.25, 8.5, 7.75],
			"to": [4.75, 11.5, 8.25],
			"rotation": {"angle": 0, "axis": "y", "origin": [0, 15, 9]},
			"faces": {
				"north": {"uv": [15.5, 10.5, 16, 13.5], "texture": "#0"},
				"east": {"uv": [15.5, 10.5, 16, 13.5], "texture": "#0"},
				"south": {"uv": [15.5, 10.5, 16, 13.5], "texture": "#0"},
				"west": {"uv": [15.5, 10.5, 16, 13.5], "texture": "#0"}
			}
		},
		{
			"name": "bucket",
			"from": [11.25, 8.5, 7.75],
			"to": [11.75, 11.5, 8.25],
			"rotation": {"angle": 0, "axis": "y", "origin": [0, 15, 9]},
			"faces": {
				"north": {"uv": [16, 10.5, 15.5, 13.5], "texture": "#0"},
				"east": {"uv": [15.5, 10.5, 16, 13.5], "texture": "#0"},
				"south": {"uv": [15.5, 10.5, 16, 13.5], "texture": "#0"},
				"west": {"uv": [15.5, 10.5, 16, 13.5], "texture": "#0"}
			}
		},
		{
			"name": "bucket",
			"from": [4.25, 11.5, 7.75],
			"to": [11.75, 12, 8.25],
			"rotation": {"angle": 0, "axis": "y", "origin": [12, 15, 9]},
			"faces": {
				"north": {"uv": [8.5, 14, 16, 14.5], "texture": "#0"},
				"east": {"uv": [15.5, 14, 16, 14.5], "texture": "#0"},
				"south": {"uv": [8.5, 15.5, 16, 16], "texture": "#0"},
				"west": {"uv": [8.5, 14, 9, 14.5], "texture": "#0"},
				"up": {"uv": [8.5, 15, 16, 15.5], "texture": "#0"},
				"down": {"uv": [8.5, 14.5, 16, 15], "texture": "#0"}
			}
		},
		{
			"name": "head",
			"from": [6, 8.95866, 8.80134],
			"to": [10, 11.45866, 11.30134],
			"rotation": {"angle": 45, "axis": "x", "origin": [8, 8.97273, 11.32727]},
			"faces": {
				"north": {"uv": [3.25, 1.5, 1.25, 0.25], "texture": "#2_0"},
				"east": {"uv": [3.25, 1.5, 4.5, 2.75], "rotation": 90, "texture": "#2_0"},
				"south": {"uv": [5.25, 0.25, 3.25, 1.5], "rotation": 180, "texture": "#2_0"},
				"west": {"uv": [0, 1.5, 1.25, 2.75], "rotation": 270, "texture": "#2_0"},
				"up": {"uv": [1.25, 1.5, 3.25, 2.75], "texture": "#2_0"},
				"down": {"uv": [4.5, 1.5, 6.5, 2.75], "rotation": 180, "texture": "#2_0"}
			}
		},
		{
			"name": "top_gills",
			"from": [6, 9.45866, 7.30134],
			"to": [10, 9.45866, 8.80134],
			"rotation": {"angle": 45, "axis": "x", "origin": [8, 8.97273, 11.32727]},
			"faces": {
				"up": {"uv": [0.75, 9.25, 2.75, 10], "texture": "#2_0"},
				"down": {"uv": [2.75, 9.25, 0.75, 10], "rotation": 180, "texture": "#2_0"}
			}
		},
		{
			"name": "left_gills",
			"from": [4.5, 9.45866, 7.80134],
			"to": [6, 9.45866, 11.30134],
			"rotation": {"angle": 45, "axis": "x", "origin": [8, 8.97273, 11.32727]},
			"faces": {
				"up": {"uv": [0, 10, 0.75, 11.75], "texture": "#2_0"},
				"down": {"uv": [0.75, 10, 0, 11.75], "rotation": 180, "texture": "#2_0"}
			}
		},
		{
			"name": "right_gills",
			"from": [10, 9.45866, 7.80134],
			"to": [11.5, 9.45866, 11.30134],
			"rotation": {"angle": 45, "axis": "x", "origin": [8, 8.97273, 11.32727]},
			"faces": {
				"up": {"uv": [2.75, 10, 3.5, 11.75], "texture": "#2_0"},
				"down": {"uv": [3.5, 10, 2.75, 11.75], "rotation": 180, "texture": "#2_0"}
			}
		},
		{
			"name": "body",
			"from": [6, 4.49545, 8.2],
			"to": [10, 9.49545, 10.2],
			"rotation": {"angle": 22.5, "axis": "x", "origin": [8, 6.47273, 9.42727]},
			"faces": {
				"north": {"uv": [4.5, 5.25, 2.5, 2.75], "texture": "#2_0"},
				"east": {"uv": [4.5, 5.25, 7, 6.25], "rotation": 90, "texture": "#2_0"},
				"south": {"uv": [6.5, 2.75, 4.5, 5.25], "rotation": 180, "texture": "#2_0"},
				"west": {"uv": [0, 5.25, 2.5, 6.25], "rotation": 270, "texture": "#2_0"},
				"up": {"uv": [2.5, 5.25, 4.5, 6.25], "texture": "#2_0"},
				"down": {"uv": [7, 5.25, 9, 6.25], "rotation": 180, "texture": "#2_0"}
			}
		},
		{
			"name": "body",
			"from": [8, 4.49545, 7.7],
			"to": [8, 8.99545, 10.2],
			"rotation": {"angle": 22.5, "axis": "x", "origin": [8, 6.47273, 9.42727]},
			"faces": {
				"east": {"uv": [2.75, 6.5, 0.5, 7.75], "rotation": 90, "texture": "#2_0"},
				"west": {"uv": [0.5, 6.5, 2.75, 7.75], "rotation": 270, "texture": "#2_0"}
			}
		},
		{
			"name": "leg4",
			"from": [9.25, 8.52674, 10.58808],
			"to": [10.75, 8.52674, 13.08808],
			"rotation": {"angle": 0, "axis": "x", "origin": [6, 8.4707, 11.0495]},
			"faces": {
				"up": {"uv": [0.5, 3.25, 1.25, 4.5], "texture": "#2_0"},
				"down": {"uv": [1.25, 3.25, 0.5, 4.5], "rotation": 180, "texture": "#2_0"}
			}
		},
		{
			"name": "leg2",
			"from": [9.25, 5.49545, 9.7],
			"to": [10.75, 5.49545, 12.2],
			"rotation": {"angle": 22.5, "axis": "x", "origin": [8, 6.47273, 9.42727]},
			"faces": {
				"up": {"uv": [0.5, 3.25, 1.25, 4.5], "texture": "#2_0"},
				"down": {"uv": [1.25, 3.25, 0.5, 4.5], "rotation": 180, "texture": "#2_0"}
			}
		},
		{
			"name": "leg3",
			"from": [5.25, 8.52674, 10.58808],
			"to": [6.75, 8.52674, 13.08808],
			"rotation": {"angle": 0, "axis": "x", "origin": [6, 8.4707, 11.0495]},
			"faces": {
				"up": {"uv": [0.5, 3.25, 1.25, 4.5], "texture": "#2_0"},
				"down": {"uv": [1.25, 3.25, 0.5, 4.5], "rotation": 180, "texture": "#2_0"}
			}
		},
		{
			"name": "leg1",
			"from": [5.25, 5.49545, 9.7],
			"to": [6.75, 5.49545, 12.2],
			"rotation": {"angle": 22.5, "axis": "x", "origin": [8, 6.47273, 9.42727]},
			"faces": {
				"up": {"uv": [0.5, 3.25, 1.25, 4.5], "texture": "#2_0"},
				"down": {"uv": [1.25, 3.25, 0.5, 4.5], "rotation": 180, "texture": "#2_0"}
			}
		},
		{
			"name": "tail",
			"from": [8, 0.49545, 7.7],
			"to": [8, 4.49545, 10.2],
			"rotation": {"angle": 22.5, "axis": "x", "origin": [8, 6.47273, 9.42727]},
			"faces": {
				"east": {"uv": [3.5, 7.75, 1.5, 9], "rotation": 90, "texture": "#2_0"},
				"west": {"uv": [1.5, 7.75, 3.5, 9], "rotation": 270, "texture": "#2_0"}
			}
		},
		{
			"name": "lava",
			"from": [4.75, 2, 4.75],
			"to": [11.25, 8, 11.25],
			"faces": {
				"up": {"uv": [5, 4, 11.5, 10.5], "texture": "#7"}
			}
		}
	],
	"display": {
		"thirdperson_righthand": {
			"rotation": [-112, 0, -180],
			"translation": [0, -1.25, -1.75],
			"scale": [0.5, 0.5, 0.5]
		},
		"thirdperson_lefthand": {
			"rotation": [-112, 0, -180],
			"translation": [0, -1.25, -1.75],
			"scale": [0.5, 0.5, 0.5]
		},
		"firstperson_righthand": {
			"rotation": [355, -160, -5],
			"translation": [1.5, 2.75, 0],
			"scale": [0.6, 0.6, 0.6]
		},
		"firstperson_lefthand": {
			"rotation": [355, -160, -5],
			"translation": [1.5, 2.75, 0],
			"scale": [0.6, 0.6, 0.6]
		},
		"ground": {
			"translation": [0, 3, 0],
			"scale": [0.5, 0.5, 0.5]
		},
		"gui": {
			"rotation": [30, 45, 0],
			"translation": [0, 2.25, 0]
		},
		"head": {
			"rotation": [0, -180, 0],
			"translation": [0, 14.25, 0]
		},
		"fixed": {
			"rotation": [0, -180, 0],
			"translation": [0, 2.5, 0]
		}
	},
	"groups": [
		{
			"name": "bucket",
			"origin": [8, 8, 8],
			"color": 0,
			"children": [0, 1, 2, 3, 4, 5, 6, 7]
		},
		{
			"name": "axolotl",
			"origin": [8, 8, 8],
			"color": 0,
			"children": [8, 9, 10, 11, 12, 13, 14, 15, 16, 17, 18]
		},
		19
	]
}