{
	"credit": "Made with Blockbench",
	"textures": {
		"0": "item/iron_bucket",
		"particle": "item/iron_bucket"
	},
	"elements": [
		{
			"name": "bucket",
			"from": [4.75, 0, 4.75],
			"to": [11.25, 0.5, 11.25],
			"rotation": {"angle": 0, "axis": "y", "origin": [13, 8, 12]},
			"faces": {
				"up": {"uv": [0.5, 15.5, 7, 9], "texture": "#0"},
				"down": {"uv": [0.5, 9, 7, 15.5], "texture": "#0"}
			}
		},
		{
			"name": "bucket",
			"from": [4.25, 0, 11.25],
			"to": [11.25, 8.5, 11.75],
			"rotation": {"angle": 0, "axis": "y", "origin": [13, 8, 12]},
			"faces": {
				"north": {"uv": [7, 0, 0, 8.5], "texture": "#0"},
				"south": {"uv": [0, 0, 7, 8.5], "texture": "#0"},
				"west": {"uv": [0, 0, 0.5, 8.5], "texture": "#0"},
				"up": {"uv": [0, 0, 7, 0.5], "texture": "#0"},
				"down": {"uv": [0, 8.5, 7, 9], "texture": "#0"}
			}
		},
		{
			"name": "bucket",
			"from": [4.75, 0, 4.25],
			"to": [11.75, 8.5, 4.75],
			"rotation": {"angle": 0, "axis": "y", "origin": [8, 0, 8]},
			"faces": {
				"north": {"uv": [0, 0, 7, 8.5], "texture": "#0"},
				"east": {"uv": [0, 0, 0.5, 8.5], "texture": "#0"},
				"south": {"uv": [7, 0, 0, 8.5], "texture": "#0"},
				"up": {"uv": [0, 0, 7, 0.5], "rotation": 180, "texture": "#0"},
				"down": {"uv": [0.5, 15.5, 7.5, 16], "texture": "#0"}
			}
		},
		{
			"name": "bucket",
			"from": [11.25, 0, 4.75],
			"to": [11.75, 8.5, 11.75],
			"rotation": {"angle": 0, "axis": "y", "origin": [8, 3.5, 8]},
			"faces": {
				"east": {"uv": [8.5, 0, 15.5, 8.5], "texture": "#0"},
				"south": {"uv": [7, 0, 7.5, 8.5], "texture": "#0"},
				"west": {"uv": [15.5, 0, 8.5, 8.5], "texture": "#0"},
				"up": {"uv": [8.5, 0, 15.5, 0.5], "rotation": 270, "texture": "#0"},
				"down": {"uv": [7, 8.5, 7.5, 15.5], "texture": "#0"}
			}
		},
		{
			"name": "bucket",
			"from": [4.25, 0, 4.25],
			"to": [4.75, 8.5, 11.25],
			"rotation": {"angle": 0, "axis": "y", "origin": [8, 3.5, 8]},
			"faces": {
				"north": {"uv": [8.5, 0, 9, 8.5], "texture": "#0"},
				"east": {"uv": [15.5, 0, 8.5, 8.5], "texture": "#0"},
				"west": {"uv": [8.5, 0, 15.5, 8.5], "texture": "#0"},
				"up": {"uv": [8.5, 0, 15.5, 0.5], "rotation": 90, "texture": "#0"},
				"down": {"uv": [0, 9, 0.5, 16], "texture": "#0"}
			}
		},
		{
			"name": "bucket",
			"from": [4.25, 8.5, 7.75],
			"to": [4.75, 11.5, 8.25],
			"rotation": {"angle": 0, "axis": "y", "origin": [0, 15, 9]},
			"faces": {
				"north": {"uv": [15.5, 10.5, 16, 13.5], "texture": "#0"},
				"east": {"uv": [15.5, 10.5, 16, 13.5], "texture": "#0"},
				"south": {"uv": [15.5, 10.5, 16, 13.5], "texture": "#0"},
				"west": {"uv": [15.5, 10.5, 16, 13.5], "texture": "#0"}
			}
		},
		{
			"name": "bucket",
			"from": [11.25, 8.5, 7.75],
			"to": [11.75, 11.5, 8.25],
			"rotation": {"angle": 0, "axis": "y", "origin": [0, 15, 9]},
			"faces": {
				"north": {"uv": [15.5, 10.5, 16, 13.5], "texture": "#0"},
				"east": {"uv": [15.5, 10.5, 16, 13.5], "texture": "#0"},
				"south": {"uv": [15.5, 10.5, 16, 13.5], "texture": "#0"},
				"west": {"uv": [15.5, 10.5, 16, 13.5], "texture": "#0"}
			}
		},
		{
			"name": "bucket",
			"from": [4.25, 11.5, 7.75],
			"to": [11.75, 12, 8.25],
			"rotation": {"angle": 0, "axis": "y", "origin": [12, 15, 9]},
			"faces": {
				"north": {"uv": [8.5, 14, 16, 14.5], "texture": "#0"},
				"east": {"uv": [15.5, 14, 16, 14.5], "texture": "#0"},
				"south": {"uv": [8.5, 15.5, 16, 16], "texture": "#0"},
				"west": {"uv": [8.5, 14, 9, 14.5], "texture": "#0"},
				"up": {"uv": [8.5, 15, 16, 15.5], "texture": "#0"},
				"down": {"uv": [8.5, 14.5, 16, 15], "texture": "#0"}
			}
		}
	],
	"display": {
		"thirdperson_righthand": {
			"rotation": [-112, 0, -180],
			"translation": [0, -1.25, -1.75],
			"scale": [0.5, 0.5, 0.5]
		},
		"thirdperson_lefthand": {
			"rotation": [-112, 0, -180],
			"translation": [0, -1.25, -1.75],
			"scale": [0.5, 0.5, 0.5]
		},
		"firstperson_righthand": {
			"rotation": [355, -160, -5],
			"translation": [1.5, 2.75, 0],
			"scale": [0.6, 0.6, 0.6]
		},
		"firstperson_lefthand": {
			"rotation": [355, -160, -5],
			"translation": [1.5, 2.75, 0],
			"scale": [0.6, 0.6, 0.6]
		},
		"ground": {
			"translation": [0, 3, 0],
			"scale": [0.5, 0.5, 0.5]
		},
		"gui": {
			"rotation": [30, 45, 0],
			"translation": [0, 2.25, 0]
		},
		"head": {
			"rotation": [0, -180, 0],
			"translation": [0, 14.25, 0]
		},
		"fixed": {
			"rotation": [0, -180, 0],
			"translation": [0, 2.5, 0]
		}
	}
}