{
	"credit": "Made with Blockbench",
	"textures": {
		"8": "item/fish/cod",
		"particle": "item/fish/cod"
	},
	"elements": [
		{
			"name": "cod",
			"from": [7, 0, 0],
			"to": [9, 3, 1],
			"faces": {
				"north": {"uv": [0.5, 0.5, 1.5, 2], "texture": "#8"},
				"east": {"uv": [0, 0.5, 0.5, 2], "texture": "#8"},
				"west": {"uv": [2.5, 0.5, 3, 2], "texture": "#8"},
				"up": {"uv": [0.5, 0, 1.5, 0.5], "texture": "#8"},
				"down": {"uv": [1.5, 0, 2.5, 0.5], "texture": "#8"}
			}
		},
		{
			"name": "cod",
			"from": [7, 0, 1],
			"to": [9, 4, 4],
			"faces": {
				"north": {"uv": [7, 1.5, 8, 3.5], "texture": "#8"},
				"east": {"uv": [5.5, 1.5, 7, 3.5], "texture": "#8"},
				"west": {"uv": [8, 1.5, 9.5, 3.5], "texture": "#8"},
				"up": {"uv": [7, 1.5, 8, 0], "texture": "#8"},
				"down": {"uv": [8, 0, 9, 1.5], "texture": "#8"}
			}
		},
		{
			"name": "cod",
			"from": [7, 0, 4],
			"to": [9, 4, 11],
			"faces": {
				"east": {"uv": [0, 3.5, 3.5, 5.5], "texture": "#8"},
				"south": {"uv": [8, 3.5, 9, 5.5], "texture": "#8"},
				"west": {"uv": [4.5, 3.5, 8, 5.5], "texture": "#8"},
				"up": {"uv": [3.5, 3.5, 4.5, 0], "texture": "#8"},
				"down": {"uv": [4.5, 0, 5.5, 3.5], "texture": "#8"}
			}
		},
		{
			"name": "cod",
			"from": [8, 0, 11],
			"to": [8, 4, 15],
			"faces": {
				"east": {"uv": [15, 3.5, 13, 5.5], "texture": "#8"},
				"west": {"uv": [13, 3.5, 15, 5.5], "texture": "#8"}
			}
		},
		{
			"name": "cod",
			"from": [8, 4, 3],
			"to": [8, 5, 9],
			"faces": {
				"east": {"uv": [13, 0, 16, 0.5], "texture": "#8"},
				"west": {"uv": [16, 0, 13, 0.5], "texture": "#8"}
			}
		},
		{
			"name": "cod",
			"from": [7, 0, 3],
			"to": [7, 1, 5],
			"rotation": {"angle": -45, "axis": "z", "origin": [7, 1, 4]},
			"faces": {
				"east": {"uv": [14, 1.5, 13.5, 0.5], "rotation": 90, "texture": "#8"},
				"west": {"uv": [13, 2, 13.5, 3], "rotation": 90, "texture": "#8"}
			}
		},
		{
			"name": "cod",
			"from": [9, 0, 3],
			"to": [9, 1, 5],
			"rotation": {"angle": 45, "axis": "z", "origin": [9, 1, 4]},
			"faces": {
				"east": {"uv": [13, 3, 13.5, 2], "rotation": 90, "texture": "#8"},
				"west": {"uv": [14, 0.5, 13.5, 1.5], "rotation": 90, "texture": "#8"}
			}
		}
	],
	"display": {
		"thirdperson_righthand": {
			"rotation": [75, 45, 0],
			"translation": [0, 1, 3],
			"scale": [0.375, 0.375, 0.375]
		},
		"thirdperson_lefthand": {
			"rotation": [75, 45, 0],
			"translation": [0, 1, 3],
			"scale": [0.375, 0.375, 0.375]
		},
		"firstperson_righthand": {
			"rotation": [0, 45, 0],
			"translation": [2.25, 2.5, 0],
			"scale": [0.4, 0.4, 0.4]
		},
		"firstperson_lefthand": {
			"rotation": [0, 45, 0],
			"translation": [2.25, 2.5, 0],
			"scale": [0.4, 0.4, 0.4]
		},
		"ground": {
			"rotation": [0, 0, 90],
			"translation": [-1.5, 0, 0],
			"scale": [0.25, 0.25, 0.25]
		},
		"gui": {
			"rotation": [30, 225, 0],
			"translation": [-0.75, 5, 0],
			"scale": [1.2, 1.2, 1.2]
		},
		"head": {
			"translation": [0, 14.25, 0]
		},
		"fixed": {
			"rotation": [0, 90, 0],
			"translation": [0.5, 5.5, 0]
		}
	}
}