{
	"credit": "Made with Blockbench",
	"textures": {
		"0": "item/iron_bucket",
		"7": "item/water_bucket",
		"2_0": "item/bucket/cod"
	},
	"elements": [
		{
			"name": "bucket",
			"from": [4.75, 0, 4.75],
			"to": [11.25, 0.5, 11.25],
			"rotation": {"angle": 0, "axis": "y", "origin": [13, 8, 12]},
			"faces": {
				"up": {"uv": [0.5, 15.5, 7, 9], "texture": "#0"},
				"down": {"uv": [0.5, 9, 7, 15.5], "texture": "#0"}
			}
		},
		{
			"name": "bucket",
			"from": [4.25, 0, 11.25],
			"to": [11.25, 8.5, 11.75],
			"rotation": {"angle": 0, "axis": "y", "origin": [13, 8, 12]},
			"faces": {
				"north": {"uv": [7, 0, 0, 8.5], "texture": "#0"},
				"south": {"uv": [0, 0, 7, 8.5], "texture": "#0"},
				"west": {"uv": [0, 0, 0.5, 8.5], "texture": "#0"},
				"up": {"uv": [0, 0, 7, 0.5], "texture": "#0"},
				"down": {"uv": [0, 8.5, 7, 9], "texture": "#0"}
			}
		},
		{
			"name": "bucket",
			"from": [4.75, 0, 4.25],
			"to": [11.75, 8.5, 4.75],
			"rotation": {"angle": 0, "axis": "y", "origin": [8, 0, 8]},
			"faces": {
				"north": {"uv": [0, 0, 7, 8.5], "texture": "#0"},
				"east": {"uv": [0, 0, 0.5, 8.5], "texture": "#0"},
				"south": {"uv": [7, 0, 0, 8.5], "texture": "#0"},
				"up": {"uv": [0, 0, 7, 0.5], "rotation": 180, "texture": "#0"},
				"down": {"uv": [0.5, 15.5, 7.5, 16], "texture": "#0"}
			}
		},
		{
			"name": "bucket",
			"from": [11.25, 0, 4.75],
			"to": [11.75, 8.5, 11.75],
			"rotation": {"angle": 0, "axis": "y", "origin": [8, 3.5, 8]},
			"faces": {
				"east": {"uv": [8.5, 0, 15.5, 8.5], "texture": "#0"},
				"south": {"uv": [7, 0, 7.5, 8.5], "texture": "#0"},
				"west": {"uv": [15.5, 0, 8.5, 8.5], "texture": "#0"},
				"up": {"uv": [8.5, 0, 15.5, 0.5], "rotation": 270, "texture": "#0"},
				"down": {"uv": [7, 8.5, 7.5, 15.5], "texture": "#0"}
			}
		},
		{
			"name": "bucket",
			"from": [4.25, 0, 4.25],
			"to": [4.75, 8.5, 11.25],
			"rotation": {"angle": 0, "axis": "y", "origin": [8, 3.5, 8]},
			"faces": {
				"north": {"uv": [8.5, 0, 9, 8.5], "texture": "#0"},
				"east": {"uv": [15.5, 0, 8.5, 8.5], "texture": "#0"},
				"west": {"uv": [8.5, 0, 15.5, 8.5], "texture": "#0"},
				"up": {"uv": [8.5, 0, 15.5, 0.5], "rotation": 90, "texture": "#0"},
				"down": {"uv": [0, 9, 0.5, 16], "texture": "#0"}
			}
		},
		{
			"name": "bucket",
			"from": [4.25, 8.5, 7.75],
			"to": [4.75, 11.5, 8.25],
			"rotation": {"angle": 0, "axis": "y", "origin": [0, 15, 9]},
			"faces": {
				"north": {"uv": [15.5, 10.5, 16, 13.5], "texture": "#0"},
				"east": {"uv": [15.5, 10.5, 16, 13.5], "texture": "#0"},
				"south": {"uv": [15.5, 10.5, 16, 13.5], "texture": "#0"},
				"west": {"uv": [15.5, 10.5, 16, 13.5], "texture": "#0"}
			}
		},
		{
			"name": "bucket",
			"from": [11.25, 8.5, 7.75],
			"to": [11.75, 11.5, 8.25],
			"rotation": {"angle": 0, "axis": "y", "origin": [0, 15, 9]},
			"faces": {
				"north": {"uv": [15.5, 10.5, 16, 13.5], "texture": "#0"},
				"east": {"uv": [15.5, 10.5, 16, 13.5], "texture": "#0"},
				"south": {"uv": [15.5, 10.5, 16, 13.5], "texture": "#0"},
				"west": {"uv": [15.5, 10.5, 16, 13.5], "texture": "#0"}
			}
		},
		{
			"name": "bucket",
			"from": [4.25, 11.5, 7.75],
			"to": [11.75, 12, 8.25],
			"rotation": {"angle": 0, "axis": "y", "origin": [12, 15, 9]},
			"faces": {
				"north": {"uv": [8.5, 14, 16, 14.5], "texture": "#0"},
				"east": {"uv": [15.5, 14, 16, 14.5], "texture": "#0"},
				"south": {"uv": [8.5, 15.5, 16, 16], "texture": "#0"},
				"west": {"uv": [8.5, 14, 9, 14.5], "texture": "#0"},
				"up": {"uv": [8.5, 15, 16, 15.5], "texture": "#0"},
				"down": {"uv": [8.5, 14.5, 16, 15], "texture": "#0"}
			}
		},
		{
			"name": "lava",
			"from": [4.75, 2, 4.75],
			"to": [11.25, 8, 11.25],
			"faces": {
				"up": {"uv": [5, 4, 11.5, 10.5], "texture": "#7"}
			}
		},
		{
			"name": "body",
			"from": [6.92857, 8.04285, 8.55357],
			"to": [8.92857, 11.54285, 9.55357],
			"rotation": {"angle": 22.5, "axis": "x", "origin": [8, 5.07143, 6.67857]},
			"faces": {
				"north": {"uv": [4.5, 3.5, 8, 5.5], "rotation": 270, "texture": "#2_0"},
				"east": {"uv": [4.5, 3.5, 3.5, 0], "rotation": 180, "texture": "#2_0"},
				"south": {"uv": [0, 3.5, 3.5, 5.5], "rotation": 90, "texture": "#2_0"},
				"west": {"uv": [5.5, 0, 4.5, 3.5], "texture": "#2_0"},
				"up": {"uv": [8, 3.5, 9, 5.5], "rotation": 90, "texture": "#2_0"},
				"down": {"uv": [3.5, 3.5, 4.5, 5.5], "rotation": 90, "texture": "#2_0"}
			}
		},
		{
			"name": "right_fin",
			"from": [7.42857, 7.54285, 9.55357],
			"to": [7.42857, 8.54285, 10.55357],
			"rotation": {"angle": 22.5, "axis": "x", "origin": [8, 5.07143, 6.67857]},
			"faces": {
				"east": {"uv": [14, 1.5, 13, 0.5], "rotation": 180, "texture": "#2_0"},
				"west": {"uv": [14, 0.5, 13, 1.5], "texture": "#2_0"}
			}
		},
		{
			"name": "left_fin",
			"from": [7.42857, 7.54285, 7.55357],
			"to": [7.42857, 8.54285, 8.55357],
			"rotation": {"angle": 22.5, "axis": "x", "origin": [8, 5.07143, 6.67857]},
			"faces": {
				"east": {"uv": [14, 3, 13, 2], "rotation": 180, "texture": "#2_0"},
				"west": {"uv": [14, 2, 13, 3], "texture": "#2_0"}
			}
		},
		{
			"name": "head",
			"from": [6.92857, 6.54285, 8.55357],
			"to": [8.92857, 8.04285, 9.55357],
			"rotation": {"angle": 22.5, "axis": "x", "origin": [8, 5.07143, 6.67857]},
			"faces": {
				"north": {"uv": [8, 1.5, 9.5, 3.5], "rotation": 270, "texture": "#2_0"},
				"east": {"uv": [8, 1.5, 7, 0], "rotation": 180, "texture": "#2_0"},
				"south": {"uv": [5.5, 1.5, 7, 3.5], "rotation": 90, "texture": "#2_0"},
				"west": {"uv": [9, 0, 8, 1.5], "texture": "#2_0"},
				"up": {"uv": [9.5, 1.5, 10.5, 3.5], "rotation": 90, "texture": "#2_0"},
				"down": {"uv": [7, 1.5, 8, 3.5], "rotation": 90, "texture": "#2_0"}
			}
		},
		{
			"name": "nose",
			"from": [7.42857, 6.04285, 8.55357],
			"to": [8.92857, 6.54285, 9.55357],
			"rotation": {"angle": 22.5, "axis": "x", "origin": [8, 5.07143, 6.67857]},
			"faces": {
				"north": {"uv": [1.5, 0.5, 2, 2], "rotation": 270, "texture": "#2_0"},
				"east": {"uv": [1.5, 0.5, 0.5, 0], "rotation": 180, "texture": "#2_0"},
				"south": {"uv": [0, 0.5, 0.5, 2], "rotation": 90, "texture": "#2_0"},
				"west": {"uv": [2.5, 0, 1.5, 0.5], "texture": "#2_0"},
				"up": {"uv": [2, 0.5, 3, 2], "rotation": 90, "texture": "#2_0"},
				"down": {"uv": [0.5, 0.5, 1.5, 2], "rotation": 90, "texture": "#2_0"}
			}
		},
		{
			"name": "fin_back",
			"from": [8.92857, 7.54285, 9.05357],
			"to": [9.42857, 10.54285, 9.05357],
			"rotation": {"angle": 22.5, "axis": "x", "origin": [8, 5.07143, 6.67857]},
			"faces": {
				"north": {"uv": [13, 0, 16, 0.5], "rotation": 270, "texture": "#2_0"},
				"south": {"uv": [16, 0, 13, 0.5], "rotation": 90, "texture": "#2_0"}
			}
		},
		{
			"name": "tail",
			"from": [6.92857, 11.54285, 9.05357],
			"to": [8.92857, 13.54285, 9.05357],
			"rotation": {"angle": 22.5, "axis": "x", "origin": [8, 5.07143, 6.67857]},
			"faces": {
				"north": {"uv": [13, 3.5, 15, 5.5], "rotation": 270, "texture": "#2_0"},
				"south": {"uv": [15, 3.5, 13, 5.5], "rotation": 90, "texture": "#2_0"}
			}
		}
	],
	"display": {
		"thirdperson_righthand": {
			"rotation": [-112, 0, -180],
			"translation": [0, -1.25, -1.75],
			"scale": [0.5, 0.5, 0.5]
		},
		"thirdperson_lefthand": {
			"rotation": [-112, 0, -180],
			"translation": [0, -1.25, -1.75],
			"scale": [0.5, 0.5, 0.5]
		},
		"firstperson_righthand": {
			"rotation": [355, -160, -5],
			"translation": [1.5, 2.75, 0],
			"scale": [0.6, 0.6, 0.6]
		},
		"firstperson_lefthand": {
			"rotation": [355, -160, -5],
			"translation": [1.5, 2.75, 0],
			"scale": [0.6, 0.6, 0.6]
		},
		"ground": {
			"translation": [0, 3, 0],
			"scale": [0.5, 0.5, 0.5]
		},
		"gui": {
			"rotation": [30, 45, 0],
			"translation": [0, 2.25, 0]
		},
		"head": {
			"rotation": [0, -180, 0],
			"translation": [0, 14.25, 0]
		},
		"fixed": {
			"rotation": [0, -180, 0],
			"translation": [0, 2.5, 0]
		}
	},
	"groups": [
		{
			"name": "bucket",
			"origin": [8, 8, 8],
			"color": 0,
			"children": [0, 1, 2, 3, 4, 5, 6, 7]
		},
		8,
		{
			"name": "cod",
			"origin": [8, 8, 8],
			"color": 0,
			"children": [9, 10, 11, 12, 13, 14, 15]
		}
	]
}