{
	"credit": "Made with Blockbench",
	"textures": {
		"8": "item/fish/pufferfish",
		"particle": "item/fish/pufferfish"
	},
	"elements": [
		{
			"name": "puffer",
			"from": [5.53933, 0.98616, 5.61979],
			"to": [10.2784, 5.72523, 10.35886],
			"rotation": {"angle": 0, "axis": "x", "origin": [7.84051, 11.94524, 9.26149]},
			"faces": {
				"north": {"uv": [4, 4, 8, 8], "texture": "#8"},
				"east": {"uv": [0, 4, 4, 8], "texture": "#8"},
				"south": {"uv": [12, 4, 16, 8], "texture": "#8"},
				"west": {"uv": [8, 4, 12, 8], "texture": "#8"},
				"up": {"uv": [4, 0, 8, 4], "texture": "#8"},
				"down": {"uv": [8, 0, 12, 4], "texture": "#8"}
			}
		},
		{
			"name": "puffer",
			"from": [6.13171, 5.72523, 7.69313],
			"to": [9.68602, 6.31762, 7.69313],
			"rotation": {"angle": 0, "axis": "x", "origin": [7.84051, 11.94524, 9.26149]},
			"faces": {
				"north": {"uv": [8, 8.5, 11, 9], "texture": "#8"},
				"south": {"uv": [11, 8.5, 8, 9], "texture": "#8"}
			}
		},
		{
			"name": "puffer",
			"from": [6.13171, 5.72523, 10.35886],
			"to": [9.68602, 6.31762, 10.35886],
			"rotation": {"angle": 0, "axis": "x", "origin": [7.84051, 11.94524, 9.26149]},
			"faces": {
				"north": {"uv": [8, 8.5, 11, 9], "texture": "#8"},
				"south": {"uv": [11, 8.5, 8, 9], "texture": "#8"}
			}
		},
		{
			"name": "puffer",
			"from": [6.13171, 5.72523, 5.61979],
			"to": [9.68602, 6.31762, 5.61979],
			"rotation": {"angle": 0, "axis": "x", "origin": [7.84051, 11.94524, 9.26149]},
			"faces": {
				"north": {"uv": [8, 8.5, 11, 9], "texture": "#8"},
				"south": {"uv": [11, 8.5, 8, 9], "texture": "#8"}
			}
		},
		{
			"name": "puffer",
			"from": [5.53933, 0.39378, 5.61979],
			"to": [9.68602, 0.98616, 5.61979],
			"rotation": {"angle": 0, "axis": "x", "origin": [7.84051, 11.94524, 9.26149]},
			"faces": {
				"north": {"uv": [8, 10, 11.5, 10.5], "texture": "#8"},
				"south": {"uv": [11.5, 10, 8, 10.5], "texture": "#8"}
			}
		},
		{
			"name": "puffer",
			"from": [5.53933, 0.39378, 10.35886],
			"to": [9.68602, 0.98616, 10.35886],
			"rotation": {"angle": 0, "axis": "x", "origin": [7.84051, 11.94524, 9.26149]},
			"faces": {
				"north": {"uv": [8, 10, 11.5, 10.5], "texture": "#8"},
				"south": {"uv": [11.5, 10, 8, 10.5], "texture": "#8"}
			}
		},
		{
			"name": "puffer",
			"from": [5.53933, 0.39378, 7.69313],
			"to": [9.68602, 0.98616, 7.69313],
			"rotation": {"angle": 0, "axis": "x", "origin": [7.84051, 11.94524, 9.26149]},
			"faces": {
				"north": {"uv": [8, 10, 11.5, 10.5], "texture": "#8"},
				"south": {"uv": [11.5, 10, 8, 10.5], "texture": "#8"}
			}
		},
		{
			"name": "puffer",
			"from": [10.2784, 1.57855, 5.61979],
			"to": [10.87078, 5.72523, 5.61979],
			"rotation": {"angle": 0, "axis": "x", "origin": [7.84051, 11.94524, 9.26149]},
			"faces": {
				"north": {"uv": [4.5, 8.5, 5, 12], "texture": "#8"},
				"south": {"uv": [5, 8.5, 4.5, 12], "texture": "#8"}
			}
		},
		{
			"name": "puffer",
			"from": [10.2784, 1.57855, 10.35886],
			"to": [10.87078, 5.72523, 10.35886],
			"rotation": {"angle": 0, "axis": "x", "origin": [7.84051, 11.94524, 9.26149]},
			"faces": {
				"north": {"uv": [0.5, 8.5, 1, 12], "texture": "#8"},
				"south": {"uv": [1, 8.5, 0.5, 12], "texture": "#8"}
			}
		},
		{
			"name": "puffer",
			"from": [4.94694, 1.57855, 5.61979],
			"to": [5.53933, 5.72523, 5.61979],
			"rotation": {"angle": 0, "axis": "x", "origin": [7.84051, 11.94524, 9.26149]},
			"faces": {
				"north": {"uv": [4.5, 8.5, 5, 12], "texture": "#8"},
				"south": {"uv": [5, 8.5, 4.5, 12], "texture": "#8"}
			}
		},
		{
			"name": "puffer",
			"from": [4.35456, 5.13285, 6.21217],
			"to": [5.53933, 5.13285, 7.39694],
			"rotation": {"angle": 0, "axis": "x", "origin": [7.84051, 11.94524, 9.26149]},
			"faces": {
				"up": {"uv": [13, 2.5, 14, 1.5], "texture": "#8"},
				"down": {"uv": [13, 1.5, 14, 2.5], "texture": "#8"}
			}
		},
		{
			"name": "puffer",
			"from": [10.2784, 5.13285, 6.21217],
			"to": [11.46317, 5.13285, 7.39694],
			"rotation": {"angle": 0, "axis": "x", "origin": [7.84051, 11.94524, 9.26149]},
			"faces": {
				"up": {"uv": [13, 1, 14, 0], "texture": "#8"},
				"down": {"uv": [13, 0, 14, 1], "texture": "#8"}
			}
		},
		{
			"name": "puffer",
			"from": [4.94694, 1.57855, 10.35886],
			"to": [5.53933, 5.72523, 10.35886],
			"rotation": {"angle": 0, "axis": "x", "origin": [7.84051, 11.94524, 9.26149]},
			"faces": {
				"north": {"uv": [2.5, 8.5, 3, 12], "texture": "#8"},
				"south": {"uv": [3, 8.5, 2.5, 12], "texture": "#8"}
			}
		}
	],
	"display": {
		"thirdperson_righthand": {
			"rotation": [75, 45, 0],
			"translation": [0, 1, 3],
			"scale": [0.375, 0.375, 0.375]
		},
		"thirdperson_lefthand": {
			"rotation": [75, 45, 0],
			"translation": [0, 1, 3],
			"scale": [0.375, 0.375, 0.375]
		},
		"firstperson_righthand": {
			"rotation": [0, 45, 0],
			"translation": [2.25, 2.5, 0],
			"scale": [0.4, 0.4, 0.4]
		},
		"firstperson_lefthand": {
			"rotation": [0, 45, 0],
			"translation": [2.25, 2.5, 0],
			"scale": [0.4, 0.4, 0.4]
		},
		"ground": {
			"rotation": [0, 0, 90],
			"translation": [-1.5, 0, 0],
			"scale": [0.25, 0.25, 0.25]
		},
		"gui": {
			"rotation": [30, 225, 0],
			"translation": [0, 2.5, 0],
			"scale": [1.2, 1.2, 1.2]
		},
		"head": {
			"translation": [0, 14.25, 0]
		},
		"fixed": {
			"translation": [0.5, 5.5, 0]
		}
	}
}