{
	"credit": "Made with Blockbench",
	"textures": {
		"0": "item/iron_bucket",
		"7": "item/water_bucket",
		"2_0": "item/bucket/salmon"
	},
	"elements": [
		{
			"name": "bucket",
			"from": [4.75, 0, 4.75],
			"to": [11.25, 0.5, 11.25],
			"rotation": {"angle": 0, "axis": "y", "origin": [13, 8, 12]},
			"faces": {
				"up": {"uv": [0.5, 15.5, 7, 9], "texture": "#0"},
				"down": {"uv": [0.5, 9, 7, 15.5], "texture": "#0"}
			}
		},
		{
			"name": "bucket",
			"from": [4.25, 0, 11.25],
			"to": [11.25, 8.5, 11.75],
			"rotation": {"angle": 0, "axis": "y", "origin": [13, 8, 12]},
			"faces": {
				"north": {"uv": [7, 0, 0, 8.5], "texture": "#0"},
				"south": {"uv": [0, 0, 7, 8.5], "texture": "#0"},
				"west": {"uv": [0, 0, 0.5, 8.5], "texture": "#0"},
				"up": {"uv": [0, 0, 7, 0.5], "texture": "#0"},
				"down": {"uv": [0, 8.5, 7, 9], "texture": "#0"}
			}
		},
		{
			"name": "bucket",
			"from": [4.75, 0, 4.25],
			"to": [11.75, 8.5, 4.75],
			"rotation": {"angle": 0, "axis": "y", "origin": [8, 0, 8]},
			"faces": {
				"north": {"uv": [0, 0, 7, 8.5], "texture": "#0"},
				"east": {"uv": [0, 0, 0.5, 8.5], "texture": "#0"},
				"south": {"uv": [7, 0, 0, 8.5], "texture": "#0"},
				"up": {"uv": [0, 0, 7, 0.5], "rotation": 180, "texture": "#0"},
				"down": {"uv": [0.5, 15.5, 7.5, 16], "texture": "#0"}
			}
		},
		{
			"name": "bucket",
			"from": [11.25, 0, 4.75],
			"to": [11.75, 8.5, 11.75],
			"rotation": {"angle": 0, "axis": "y", "origin": [8, 3.5, 8]},
			"faces": {
				"east": {"uv": [8.5, 0, 15.5, 8.5], "texture": "#0"},
				"south": {"uv": [7, 0, 7.5, 8.5], "texture": "#0"},
				"west": {"uv": [15.5, 0, 8.5, 8.5], "texture": "#0"},
				"up": {"uv": [8.5, 0, 15.5, 0.5], "rotation": 270, "texture": "#0"},
				"down": {"uv": [7, 8.5, 7.5, 15.5], "texture": "#0"}
			}
		},
		{
			"name": "bucket",
			"from": [4.25, 0, 4.25],
			"to": [4.75, 8.5, 11.25],
			"rotation": {"angle": 0, "axis": "y", "origin": [8, 3.5, 8]},
			"faces": {
				"north": {"uv": [8.5, 0, 9, 8.5], "texture": "#0"},
				"east": {"uv": [15.5, 0, 8.5, 8.5], "texture": "#0"},
				"west": {"uv": [8.5, 0, 15.5, 8.5], "texture": "#0"},
				"up": {"uv": [8.5, 0, 15.5, 0.5], "rotation": 90, "texture": "#0"},
				"down": {"uv": [0, 9, 0.5, 16], "texture": "#0"}
			}
		},
		{
			"name": "bucket",
			"from": [4.25, 8.5, 7.75],
			"to": [4.75, 11.5, 8.25],
			"rotation": {"angle": 0, "axis": "y", "origin": [0, 15, 9]},
			"faces": {
				"north": {"uv": [15.5, 10.5, 16, 13.5], "texture": "#0"},
				"east": {"uv": [15.5, 10.5, 16, 13.5], "texture": "#0"},
				"south": {"uv": [15.5, 10.5, 16, 13.5], "texture": "#0"},
				"west": {"uv": [15.5, 10.5, 16, 13.5], "texture": "#0"}
			}
		},
		{
			"name": "bucket",
			"from": [11.25, 8.5, 7.75],
			"to": [11.75, 11.5, 8.25],
			"rotation": {"angle": 0, "axis": "y", "origin": [0, 15, 9]},
			"faces": {
				"north": {"uv": [15.5, 10.5, 16, 13.5], "texture": "#0"},
				"east": {"uv": [15.5, 10.5, 16, 13.5], "texture": "#0"},
				"south": {"uv": [15.5, 10.5, 16, 13.5], "texture": "#0"},
				"west": {"uv": [15.5, 10.5, 16, 13.5], "texture": "#0"}
			}
		},
		{
			"name": "bucket",
			"from": [4.25, 11.5, 7.75],
			"to": [11.75, 12, 8.25],
			"rotation": {"angle": 0, "axis": "y", "origin": [12, 15, 9]},
			"faces": {
				"north": {"uv": [8.5, 14, 16, 14.5], "texture": "#0"},
				"east": {"uv": [15.5, 14, 16, 14.5], "texture": "#0"},
				"south": {"uv": [8.5, 15.5, 16, 16], "texture": "#0"},
				"west": {"uv": [8.5, 14, 9, 14.5], "texture": "#0"},
				"up": {"uv": [8.5, 15, 16, 15.5], "texture": "#0"},
				"down": {"uv": [8.5, 14.5, 16, 15], "texture": "#0"}
			}
		},
		{
			"name": "body_front",
			"from": [6.5, 4.93125, 9.51875],
			"to": [9, 8.93125, 11.01875],
			"rotation": {"angle": 22.5, "axis": "x", "origin": [8, 8.15, 10.26875]},
			"faces": {
				"north": {"uv": [5.5, 4, 9.5, 6.5], "rotation": 270, "texture": "#2_0"},
				"east": {"uv": [5.5, 4, 4, 0], "rotation": 180, "texture": "#2_0"},
				"south": {"uv": [0, 4, 4, 6.5], "rotation": 90, "texture": "#2_0"},
				"west": {"uv": [7, 0, 5.5, 4], "texture": "#2_0"},
				"up": {"uv": [9.5, 4, 11, 6.5], "rotation": 90, "texture": "#2_0"},
				"down": {"uv": [4, 4, 5.5, 6.5], "rotation": 90, "texture": "#2_0"}
			}
		},
		{
			"name": "right_fin",
			"from": [6.5, 5.43125, 11.01875],
			"to": [7.5, 5.43125, 12.01875],
			"rotation": {"angle": 22.5, "axis": "x", "origin": [8, 8.15, 10.26875]},
			"faces": {
				"up": {"uv": [1, 0, 0, 1], "rotation": 90, "texture": "#2_0"},
				"down": {"uv": [0, 0, 1, 1], "rotation": 90, "texture": "#2_0"}
			}
		},
		{
			"name": "left_fin",
			"from": [6.5, 5.43125, 8.51875],
			"to": [7.5, 5.43125, 9.51875],
			"rotation": {"angle": 22.5, "axis": "x", "origin": [8, 8.15, 10.26875]},
			"faces": {
				"up": {"uv": [3, 0, 2, 1], "rotation": 90, "texture": "#2_0"},
				"down": {"uv": [2, 0, 3, 1], "rotation": 90, "texture": "#2_0"}
			}
		},
		{
			"name": "body_back",
			"from": [6.5, 8.58282, 9.76708],
			"to": [9, 12.58282, 11.26708],
			"rotation": {"angle": 45, "axis": "x", "origin": [8, 8.6, 11.26875]},
			"faces": {
				"north": {"uv": [5.5, 10.5, 9.5, 13], "rotation": 270, "texture": "#2_0"},
				"east": {"uv": [5.5, 10.5, 4, 6.5], "rotation": 180, "texture": "#2_0"},
				"south": {"uv": [0, 10.5, 4, 13], "rotation": 90, "texture": "#2_0"},
				"west": {"uv": [7, 6.5, 5.5, 10.5], "texture": "#2_0"},
				"up": {"uv": [9.5, 10.5, 11, 13], "rotation": 90, "texture": "#2_0"},
				"down": {"uv": [4, 10.5, 5.5, 13], "rotation": 90, "texture": "#2_0"}
			}
		},
		{
			"name": "head",
			"from": [6.75, 3.43125, 9.76875],
			"to": [8.75, 4.93125, 10.76875],
			"rotation": {"angle": 22.5, "axis": "x", "origin": [8, 8.15, 10.26875]},
			"faces": {
				"north": {"uv": [13.5, 1.5, 15, 3.5], "rotation": 270, "texture": "#2_0"},
				"east": {"uv": [13.5, 1.5, 12.5, 0], "rotation": 180, "texture": "#2_0"},
				"south": {"uv": [11, 1.5, 12.5, 3.5], "rotation": 90, "texture": "#2_0"},
				"west": {"uv": [14.5, 0, 13.5, 1.5], "texture": "#2_0"},
				"up": {"uv": [15, 1.5, 16, 3.5], "rotation": 90, "texture": "#2_0"},
				"down": {"uv": [12.5, 1.5, 13.5, 3.5], "rotation": 90, "texture": "#2_0"}
			}
		},
		{
			"name": "fin_back_1",
			"from": [9, 7.93125, 10.26875],
			"to": [10, 8.93125, 10.26875],
			"rotation": {"angle": 22.5, "axis": "x", "origin": [8, 8.15, 10.26875]},
			"faces": {
				"north": {"uv": [3, 2, 4, 3], "rotation": 270, "texture": "#2_0"},
				"south": {"uv": [4, 2, 3, 3], "rotation": 90, "texture": "#2_0"}
			}
		},
		{
			"name": "fin_back_2",
			"from": [9, 8.08282, 10.51708],
			"to": [10, 10.08282, 10.51708],
			"rotation": {"angle": 45, "axis": "x", "origin": [8, 8.6, 11.26875]},
			"faces": {
				"north": {"uv": [2, 3, 4, 4], "rotation": 270, "texture": "#2_0"},
				"south": {"uv": [4, 3, 2, 4], "rotation": 90, "texture": "#2_0"}
			}
		},
		{
			"name": "tail",
			"from": [6.5, 12.58282, 10.51708],
			"to": [9, 15.58282, 10.51708],
			"rotation": {"angle": 45, "axis": "x", "origin": [8, 8.6, 11.26875]},
			"faces": {
				"north": {"uv": [13, 8, 16, 10.5], "rotation": 270, "texture": "#2_0"},
				"south": {"uv": [16, 8, 13, 10.5], "rotation": 90, "texture": "#2_0"}
			}
		},
		{
			"name": "lava",
			"from": [4.75, 2, 4.75],
			"to": [11.25, 8, 11.25],
			"faces": {
				"up": {"uv": [5, 4, 11.5, 10.5], "texture": "#7"}
			}
		}
	],
	"display": {
		"thirdperson_righthand": {
			"rotation": [-112, 0, -180],
			"translation": [0, -1.25, -1.75],
			"scale": [0.5, 0.5, 0.5]
		},
		"thirdperson_lefthand": {
			"rotation": [-112, 0, -180],
			"translation": [0, -1.25, -1.75],
			"scale": [0.5, 0.5, 0.5]
		},
		"firstperson_righthand": {
			"rotation": [355, -160, -5],
			"translation": [1.5, 2.75, 0],
			"scale": [0.6, 0.6, 0.6]
		},
		"firstperson_lefthand": {
			"rotation": [355, -160, -5],
			"translation": [1.5, 2.75, 0],
			"scale": [0.6, 0.6, 0.6]
		},
		"ground": {
			"translation": [0, 3, 0],
			"scale": [0.5, 0.5, 0.5]
		},
		"gui": {
			"rotation": [30, 45, 0],
			"translation": [0, 2.25, 0]
		},
		"head": {
			"rotation": [0, -180, 0],
			"translation": [0, 14.25, 0]
		},
		"fixed": {
			"rotation": [0, -180, 0],
			"translation": [0, 2.5, 0]
		}
	},
	"groups": [
		{
			"name": "bucket",
			"origin": [8, 8, 8],
			"color": 0,
			"children": [0, 1, 2, 3, 4, 5, 6, 7]
		},
		{
			"name": "salmon",
			"origin": [8, 8, 8],
			"color": 0,
			"children": [8, 9, 10, 11, 12, 13, 14, 15]
		},
		16
	]
}