{
	"credit": "Made with Blockbench",
	"textures": {
		"6": "item/fish/salmon",
		"particle": "item/fish/salmon"
	},
	"elements": [
		{
			"name": "salmon",
			"from": [7, 0.5, -3],
			"to": [9, 4.5, 0],
			"rotation": {"angle": 0, "axis": "y", "origin": [3.5, 0, 0]},
			"faces": {
				"north": {"uv": [12.5, 1.5, 13.5, 3.5], "texture": "#6"},
				"east": {"uv": [11, 1.5, 12.5, 3.5], "texture": "#6"},
				"west": {"uv": [13.5, 1.5, 15, 3.5], "texture": "#6"},
				"up": {"uv": [12.5, 1.5, 13.5, 0], "texture": "#6"},
				"down": {"uv": [13.5, 0, 14.5, 1.5], "texture": "#6"}
			}
		},
		{
			"name": "salmon",
			"from": [6.5, 0, 0],
			"to": [9.5, 5, 8],
			"rotation": {"angle": 0, "axis": "y", "origin": [3.5, 0, 0]},
			"faces": {
				"north": {"uv": [4, 4, 5.5, 6.5], "texture": "#6"},
				"east": {"uv": [0, 4, 4, 6.5], "texture": "#6"},
				"west": {"uv": [5.5, 4, 9.5, 6.5], "texture": "#6"},
				"up": {"uv": [4, 4, 5.5, 0], "texture": "#6"},
				"down": {"uv": [5.5, 0, 7, 4], "texture": "#6"}
			}
		},
		{
			"name": "salmon",
			"from": [6.5, 0, 8],
			"to": [9.5, 5, 16],
			"rotation": {"angle": 0, "axis": "y", "origin": [3.5, 0, 0]},
			"faces": {
				"east": {"uv": [0, 10.5, 4, 13], "texture": "#6"},
				"south": {"uv": [9.5, 10.5, 11, 13], "texture": "#6"},
				"west": {"uv": [5.5, 10.5, 9.5, 13], "texture": "#6"},
				"up": {"uv": [4, 10.5, 5.5, 6.5], "texture": "#6"},
				"down": {"uv": [5.5, 6.5, 7, 10.5], "texture": "#6"}
			}
		},
		{
			"name": "salmon",
			"from": [8, 0.5, 16],
			"to": [8, 4.5, 21],
			"rotation": {"angle": 0, "axis": "y", "origin": [3.5, 0, 0]},
			"faces": {
				"east": {"uv": [15.75, 8.25, 13, 10.25], "texture": "#6"},
				"west": {"uv": [13, 8.25, 15.75, 10.25], "texture": "#6"}
			}
		},
		{
			"name": "salmon",
			"from": [8, 5, 6],
			"to": [8, 6.5, 8],
			"rotation": {"angle": 0, "axis": "y", "origin": [3.5, 0, 0]},
			"faces": {
				"east": {"uv": [4, 2.25, 3, 3], "texture": "#6"},
				"west": {"uv": [3, 2.25, 4, 3], "texture": "#6"}
			}
		},
		{
			"name": "salmon",
			"from": [6.5, -0.5, 0],
			"to": [6.5, 1, 2.5],
			"rotation": {"angle": -45, "axis": "z", "origin": [6.5, 1, 1]},
			"faces": {
				"east": {"uv": [1, 1, 0, 0], "rotation": 90, "texture": "#6"},
				"west": {"uv": [1, 0, 0, 1], "rotation": 90, "texture": "#6"}
			}
		},
		{
			"name": "salmon",
			"from": [8, 5, 8],
			"to": [8, 6.5, 11],
			"rotation": {"angle": 0, "axis": "y", "origin": [3.5, 0, 0]},
			"faces": {
				"east": {"uv": [4, 3.25, 2.5, 4], "texture": "#6"},
				"west": {"uv": [2.5, 3.25, 4, 4], "texture": "#6"}
			}
		},
		{
			"name": "salmon",
			"from": [9.5, -0.5, 0],
			"to": [9.5, 1, 2.5],
			"rotation": {"angle": 45, "axis": "z", "origin": [9.5, 1, 1]},
			"faces": {
				"east": {"uv": [1, 1, 0, 0], "rotation": 90, "texture": "#6"},
				"west": {"uv": [1, 0, 0, 1], "rotation": 90, "texture": "#6"}
			}
		}
	],
	"display": {
		"thirdperson_righthand": {
			"rotation": [75, 45, 0],
			"translation": [-1.5, 1.5, 3],
			"scale": [0.375, 0.375, 0.375]
		},
		"thirdperson_lefthand": {
			"rotation": [75, 45, 0],
			"translation": [-1.5, 1.5, 3],
			"scale": [0.375, 0.375, 0.375]
		},
		"firstperson_righthand": {
			"rotation": [0, 45, 0],
			"translation": [2.25, 2.5, 0],
			"scale": [0.4, 0.4, 0.4]
		},
		"firstperson_lefthand": {
			"rotation": [0, 45, 0],
			"translation": [2.25, 2.5, 0],
			"scale": [0.4, 0.4, 0.4]
		},
		"ground": {
			"rotation": [0, 0, 90],
			"translation": [-1.5, 0, 0],
			"scale": [0.25, 0.25, 0.25]
		},
		"gui": {
			"rotation": [30, 225, 0],
			"translation": [0.5, 2, 0],
			"scale": [0.8, 0.8, 0.8]
		},
		"head": {
			"translation": [0, 14.25, 0]
		},
		"fixed": {
			"rotation": [0, 90, 0],
			"translation": [-0.25, 3.75, 0],
			"scale": [0.7, 0.7, 0.7]
		}
	}
}