{
	"credit": "Made with Blockbench",
	"textures": {
		"6": "item/fish/tropical_fish",
		"particle": "item/fish/tropical_fish"
	},
	"elements": [
		{
			"name": "tropical",
			"from": [7, 0, 4.25],
			"to": [9, 3, 10.25],
			"faces": {
				"north": {"uv": [3, 3, 4, 4.5], "texture": "#6"},
				"east": {"uv": [0, 3, 3, 4.5], "texture": "#6"},
				"south": {"uv": [7, 3, 8, 4.5], "texture": "#6"},
				"west": {"uv": [4, 3, 7, 4.5], "texture": "#6"},
				"up": {"uv": [3, 3, 4, 0], "texture": "#6"},
				"down": {"uv": [4, 0, 5, 3], "texture": "#6"}
			}
		},
		{
			"name": "tropical",
			"from": [8, 3, 5.25],
			"to": [8, 3.5, 8.75],
			"faces": {
				"east": {"uv": [8.5, 1.75, 10.25, 2], "texture": "#6"},
				"west": {"uv": [10.25, 1.75, 8.5, 2], "texture": "#6"}
			}
		},
		{
			"name": "tropical",
			"from": [8, 0, 10.25],
			"to": [8, 3, 13.25],
			"faces": {
				"east": {"uv": [15.5, 0, 14, 1.5], "texture": "#6"},
				"west": {"uv": [14, 0, 15.5, 1.5], "texture": "#6"}
			}
		},
		{
			"name": "tropical",
			"from": [9, 0, 7.25],
			"to": [9, 2, 9.25],
			"rotation": {"angle": 45, "axis": "y", "origin": [9, 1, 7.25]},
			"faces": {
				"east": {"uv": [1, 8, 2, 9], "texture": "#6"},
				"west": {"uv": [1, 6, 2, 7], "texture": "#6"}
			}
		},
		{
			"name": "tropical",
			"from": [7, 0, 7.25],
			"to": [7, 2, 9.25],
			"rotation": {"angle": -45, "axis": "y", "origin": [7, 1, 7.25]},
			"faces": {
				"east": {"uv": [2, 6, 1, 7], "texture": "#6"},
				"west": {"uv": [2, 8, 1, 9], "texture": "#6"}
			}
		}
	],
	"display": {
		"thirdperson_righthand": {
			"rotation": [75, 45, 0],
			"translation": [0, 1, 3],
			"scale": [0.375, 0.375, 0.375]
		},
		"thirdperson_lefthand": {
			"rotation": [75, 45, 0],
			"translation": [0, 1, 3],
			"scale": [0.375, 0.375, 0.375]
		},
		"firstperson_righthand": {
			"rotation": [0, 45, 0],
			"translation": [2.25, 2.5, 0],
			"scale": [0.4, 0.4, 0.4]
		},
		"firstperson_lefthand": {
			"rotation": [0, 45, 0],
			"translation": [2.25, 2.5, 0],
			"scale": [0.4, 0.4, 0.4]
		},
		"ground": {
			"rotation": [0, 0, 90],
			"translation": [-1.5, 0, 0],
			"scale": [0.25, 0.25, 0.25]
		},
		"gui": {
			"rotation": [30, 225, 0],
			"translation": [0, 3.75, 0],
			"scale": [1.2, 1.2, 1.2]
		},
		"head": {
			"translation": [0, 14.25, 0]
		},
		"fixed": {
			"rotation": [0, 90, 0],
			"translation": [0.5, 5.5, 0]
		}
	}
}