{
	"credit": "Made with Blockbench",
	"textures": {
		"0": "item/iron_bucket",
		"7": "item/water_bucket",
		"3_0": "item/bucket/tropical_fish"
	},
	"elements": [
		{
			"name": "bucket",
			"from": [4.75, 0, 4.75],
			"to": [11.25, 0.5, 11.25],
			"rotation": {"angle": 0, "axis": "y", "origin": [13, 8, 12]},
			"faces": {
				"up": {"uv": [0.5, 15.5, 7, 9], "texture": "#0"},
				"down": {"uv": [0.5, 9, 7, 15.5], "texture": "#0"}
			}
		},
		{
			"name": "bucket",
			"from": [4.25, 0, 11.25],
			"to": [11.25, 8.5, 11.75],
			"rotation": {"angle": 0, "axis": "y", "origin": [13, 8, 12]},
			"faces": {
				"north": {"uv": [7, 0, 0, 8.5], "texture": "#0"},
				"south": {"uv": [0, 0, 7, 8.5], "texture": "#0"},
				"west": {"uv": [0, 0, 0.5, 8.5], "texture": "#0"},
				"up": {"uv": [0, 0, 7, 0.5], "texture": "#0"},
				"down": {"uv": [0, 8.5, 7, 9], "texture": "#0"}
			}
		},
		{
			"name": "bucket",
			"from": [4.75, 0, 4.25],
			"to": [11.75, 8.5, 4.75],
			"rotation": {"angle": 0, "axis": "y", "origin": [8, 0, 8]},
			"faces": {
				"north": {"uv": [0, 0, 7, 8.5], "texture": "#0"},
				"east": {"uv": [0, 0, 0.5, 8.5], "texture": "#0"},
				"south": {"uv": [7, 0, 0, 8.5], "texture": "#0"},
				"up": {"uv": [0, 0, 7, 0.5], "rotation": 180, "texture": "#0"},
				"down": {"uv": [0.5, 15.5, 7.5, 16], "texture": "#0"}
			}
		},
		{
			"name": "bucket",
			"from": [11.25, 0, 4.75],
			"to": [11.75, 8.5, 11.75],
			"rotation": {"angle": 0, "axis": "y", "origin": [8, 3.5, 8]},
			"faces": {
				"east": {"uv": [8.5, 0, 15.5, 8.5], "texture": "#0"},
				"south": {"uv": [7, 0, 7.5, 8.5], "texture": "#0"},
				"west": {"uv": [15.5, 0, 8.5, 8.5], "texture": "#0"},
				"up": {"uv": [8.5, 0, 15.5, 0.5], "rotation": 270, "texture": "#0"},
				"down": {"uv": [7, 8.5, 7.5, 15.5], "texture": "#0"}
			}
		},
		{
			"name": "bucket",
			"from": [4.25, 0, 4.25],
			"to": [4.75, 8.5, 11.25],
			"rotation": {"angle": 0, "axis": "y", "origin": [8, 3.5, 8]},
			"faces": {
				"north": {"uv": [8.5, 0, 9, 8.5], "texture": "#0"},
				"east": {"uv": [15.5, 0, 8.5, 8.5], "texture": "#0"},
				"west": {"uv": [8.5, 0, 15.5, 8.5], "texture": "#0"},
				"up": {"uv": [8.5, 0, 15.5, 0.5], "rotation": 90, "texture": "#0"},
				"down": {"uv": [0, 9, 0.5, 16], "texture": "#0"}
			}
		},
		{
			"name": "bucket",
			"from": [4.25, 8.5, 7.75],
			"to": [4.75, 11.5, 8.25],
			"rotation": {"angle": 0, "axis": "y", "origin": [0, 15, 9]},
			"faces": {
				"north": {"uv": [15.5, 10.5, 16, 13.5], "texture": "#0"},
				"east": {"uv": [15.5, 10.5, 16, 13.5], "texture": "#0"},
				"south": {"uv": [15.5, 10.5, 16, 13.5], "texture": "#0"},
				"west": {"uv": [15.5, 10.5, 16, 13.5], "texture": "#0"}
			}
		},
		{
			"name": "bucket",
			"from": [11.25, 8.5, 7.75],
			"to": [11.75, 11.5, 8.25],
			"rotation": {"angle": 0, "axis": "y", "origin": [0, 15, 9]},
			"faces": {
				"north": {"uv": [15.5, 10.5, 16, 13.5], "texture": "#0"},
				"east": {"uv": [15.5, 10.5, 16, 13.5], "texture": "#0"},
				"south": {"uv": [15.5, 10.5, 16, 13.5], "texture": "#0"},
				"west": {"uv": [15.5, 10.5, 16, 13.5], "texture": "#0"}
			}
		},
		{
			"name": "bucket",
			"from": [4.25, 11.5, 7.75],
			"to": [11.75, 12, 8.25],
			"rotation": {"angle": 0, "axis": "y", "origin": [12, 15, 9]},
			"faces": {
				"north": {"uv": [8.5, 14, 16, 14.5], "texture": "#0"},
				"east": {"uv": [15.5, 14, 16, 14.5], "texture": "#0"},
				"south": {"uv": [8.5, 15.5, 16, 16], "texture": "#0"},
				"west": {"uv": [8.5, 14, 9, 14.5], "texture": "#0"},
				"up": {"uv": [8.5, 15, 16, 15.5], "texture": "#0"},
				"down": {"uv": [8.5, 14.5, 16, 15], "texture": "#0"}
			}
		},
		{
			"name": "body",
			"from": [7.35, 6.83478, 9.81523],
			"to": [8.85, 9.83478, 10.81523],
			"rotation": {"angle": 22.5, "axis": "x", "origin": [8, 7.65, 10.31523]},
			"faces": {
				"north": {"uv": [0, 4.5, 3, 3], "rotation": 270, "texture": "#3_0"},
				"east": {"uv": [4, 0, 5, 3], "rotation": 180, "texture": "#3_0"},
				"south": {"uv": [4, 4.5, 7, 3], "rotation": 90, "texture": "#3_0"},
				"west": {"uv": [3, 3, 4, 0], "texture": "#3_0"},
				"up": {"uv": [3, 4.5, 4, 3], "rotation": 90, "texture": "#3_0"},
				"down": {"uv": [7, 4.5, 8, 3], "rotation": 90, "texture": "#3_0"}
			}
		},
		{
			"name": "right_fin",
			"from": [7.85, 8.37399, 9.75654],
			"to": [8.85, 8.37399, 10.75654],
			"rotation": {"angle": -45, "axis": "x", "origin": [8, 7.65, 10.31523]},
			"faces": {
				"up": {"uv": [1, 9, 2, 8], "rotation": 90, "texture": "#3_0"},
				"down": {"uv": [2, 9, 1, 8], "rotation": 90, "texture": "#3_0"}
			}
		},
		{
			"name": "left_fin",
			"from": [7.85, 7.09131, 11.03922],
			"to": [8.85, 8.09131, 11.03922],
			"rotation": {"angle": 0, "axis": "x", "origin": [8, 7.65, 10.31523]},
			"faces": {
				"north": {"uv": [2, 7, 1, 6], "rotation": 270, "texture": "#3_0"},
				"south": {"uv": [1, 7, 2, 6], "rotation": 90, "texture": "#3_0"}
			}
		},
		{
			"name": "fin_top",
			"from": [6.85, 6.83478, 10.31523],
			"to": [7.35, 9.83478, 10.31523],
			"rotation": {"angle": 22.5, "axis": "x", "origin": [8, 7.65, 10.31523]},
			"faces": {
				"north": {"uv": [11, 2, 8, 1.5], "rotation": 270, "texture": "#3_0"},
				"south": {"uv": [8, 2, 11, 1.5], "rotation": 90, "texture": "#3_0"}
			}
		},
		{
			"name": "tail",
			"from": [7.35, 4.83478, 10.31523],
			"to": [8.85, 6.83478, 10.31523],
			"rotation": {"angle": 22.5, "axis": "x", "origin": [8, 7.65, 10.31523]},
			"faces": {
				"north": {"uv": [16, 1.5, 14, 0], "rotation": 270, "texture": "#3_0"},
				"south": {"uv": [14, 1.5, 16, 0], "rotation": 90, "texture": "#3_0"}
			}
		},
		{
			"name": "lava",
			"from": [4.75, 2, 4.75],
			"to": [11.25, 8, 11.25],
			"faces": {
				"up": {"uv": [5, 4, 11.5, 10.5], "texture": "#7"}
			}
		}
	],
	"display": {
		"thirdperson_righthand": {
			"rotation": [-112, 0, -180],
			"translation": [0, -1.25, -1.75],
			"scale": [0.5, 0.5, 0.5]
		},
		"thirdperson_lefthand": {
			"rotation": [-112, 0, -180],
			"translation": [0, -1.25, -1.75],
			"scale": [0.5, 0.5, 0.5]
		},
		"firstperson_righthand": {
			"rotation": [355, -160, -5],
			"translation": [1.5, 2.75, 0],
			"scale": [0.6, 0.6, 0.6]
		},
		"firstperson_lefthand": {
			"rotation": [355, -160, -5],
			"translation": [1.5, 2.75, 0],
			"scale": [0.6, 0.6, 0.6]
		},
		"ground": {
			"translation": [0, 3, 0],
			"scale": [0.5, 0.5, 0.5]
		},
		"gui": {
			"rotation": [30, 45, 0],
			"translation": [0, 2.25, 0]
		},
		"head": {
			"rotation": [0, -180, 0],
			"translation": [0, 14.25, 0]
		},
		"fixed": {
			"rotation": [0, -180, 0],
			"translation": [0, 2.5, 0]
		}
	},
	"groups": [
		{
			"name": "bucket",
			"origin": [8, 8, 8],
			"color": 0,
			"children": [0, 1, 2, 3, 4, 5, 6, 7]
		},
		{
			"name": "tropical_fish_a",
			"origin": [8, 8, 8],
			"color": 0,
			"children": [8, 9, 10, 11, 12]
		},
		13
	]
}