{
	"credit": "Made with Blockbench",
	"parent": "item/goat_horn",
	"textures": {
		"layer0": "item/goat_horn"
	},
	"elements": [
		{
			"from": [3, 0, 6.5],
			"to": [10.5, 3, 9.5],
			"rotation": {"angle": 0, "axis": "y", "origin": [-1, 0, 7]},
			"faces": {
				"north": {"uv": [1.5, 3.75, 0, 7], "rotation": 90, "texture": "#layer0"},
				"east": {"uv": [7.5, 3.75, 9, 5.25], "rotation": 90, "texture": "#layer0"},
				"south": {"uv": [3, 7, 4.5, 3.75], "rotation": 90, "texture": "#layer0"},
				"west": {"uv": [6, 3.75, 7.5, 5.25], "rotation": 90, "texture": "#layer0"},
				"up": {"uv": [4.5, 7, 6, 3.75], "rotation": 90, "texture": "#layer0"},
				"down": {"uv": [1.5, 7, 3, 3.75], "rotation": 90, "texture": "#layer0"}
			}
		},
		{
			"from": [2.75, -0.25, 6.25],
			"to": [10.75, 3.25, 9.75],
			"rotation": {"angle": 0, "axis": "y", "origin": [-1, 0, 7]},
			"faces": {
				"north": {"uv": [1.5, 10, 0, 13.25], "rotation": 90, "texture": "#layer0"},
				"south": {"uv": [3, 13.25, 4.5, 10], "rotation": 90, "texture": "#layer0"},
				"west": {"uv": [6, 10, 7.5, 11.5], "rotation": 90, "texture": "#layer0"},
				"up": {"uv": [4.5, 13.25, 6, 10], "rotation": 90, "texture": "#layer0"},
				"down": {"uv": [1.5, 13.25, 3, 10], "rotation": 90, "texture": "#layer0"}
			}
		},
		{
			"from": [2.75, -0.25, 9.75],
			"to": [10.75, 3.25, 6.25],
			"rotation": {"angle": 0, "axis": "y", "origin": [-1, 0, 7]},
			"faces": {
				"north": {"uv": [3, 10, 4.5, 13.25], "rotation": 90, "texture": "#layer0"},
				"south": {"uv": [1.5, 13.25, 0, 10], "rotation": 90, "texture": "#layer0"},
				"west": {"uv": [7.5, 10, 6, 11.5], "rotation": 90, "texture": "#layer0"},
				"up": {"uv": [6, 13.25, 4.5, 10], "rotation": 90, "texture": "#layer0"},
				"down": {"uv": [3, 13.25, 1.5, 10], "rotation": 90, "texture": "#layer0"}
			}
		},
		{
			"from": [9, -4, 7],
			"to": [15, -2, 9],
			"rotation": {"angle": 22.5, "axis": "z", "origin": [-1, 0, 7]},
			"faces": {
				"north": {"uv": [0, 7, 1, 10], "rotation": 90, "texture": "#layer0"},
				"east": {"uv": [4, 7, 5, 8], "texture": "#layer0"},
				"south": {"uv": [3, 10, 2, 7], "rotation": 90, "texture": "#layer0"},
				"west": {"uv": [5, 7, 6, 8], "texture": "#layer0"},
				"up": {"uv": [4, 10, 3, 7], "rotation": 90, "texture": "#layer0"},
				"down": {"uv": [2, 10, 1, 7], "rotation": 90, "texture": "#layer0"}
			}
		},
		{
			"from": [9.25, -4.25, 6.75],
			"to": [13.75, -1.75, 9.25],
			"rotation": {"angle": 22.5, "axis": "z", "origin": [-1, 0, 7]},
			"faces": {
				"north": {"uv": [0, 14, 1, 16], "rotation": 90, "texture": "#layer0"},
				"south": {"uv": [3, 16, 2, 14], "rotation": 90, "texture": "#layer0"},
				"up": {"uv": [4, 16, 3, 14], "rotation": 90, "texture": "#layer0"},
				"down": {"uv": [2, 16, 1, 14], "rotation": 90, "texture": "#layer0"}
			}
		},
		{
			"from": [9.25, -4.25, 9.25],
			"to": [13.75, -1.75, 6.75],
			"rotation": {"angle": 22.5, "axis": "z", "origin": [-1, 0, 7]},
			"faces": {
				"north": {"uv": [3, 14, 2, 16], "rotation": 90, "texture": "#layer0"},
				"south": {"uv": [0, 16, 1, 14], "rotation": 90, "texture": "#layer0"},
				"up": {"uv": [3, 16, 4, 14], "rotation": 90, "texture": "#layer0"},
				"down": {"uv": [1, 16, 2, 14], "rotation": 90, "texture": "#layer0"}
			}
		},
		{
			"from": [2, 1.5, 6],
			"to": [6, 9, 10],
			"rotation": {"angle": 0, "axis": "y", "origin": [-1, 0, 7]},
			"faces": {
				"north": {"uv": [0, 0, 2, 3.75], "texture": "#layer0"},
				"east": {"uv": [6, 0, 8, 3.75], "texture": "#layer0"},
				"south": {"uv": [4, 0, 6, 3.75], "texture": "#layer0"},
				"west": {"uv": [2, 0, 4, 3.75], "texture": "#layer0"},
				"up": {"uv": [8, 0, 10, 2], "texture": "#layer0"},
				"down": {"uv": [10.00806, 0, 12.00806, 2], "texture": "#layer0"}
			}
		},
		{
			"from": [1.75, 1.25, 5.75],
			"to": [6.25, 4.25, 10.25],
			"rotation": {"angle": 0, "axis": "y", "origin": [-1, 0, 7]},
			"faces": {
				"north": {"uv": [4, 13.75, 6, 15], "texture": "#layer0"},
				"east": {"uv": [10, 13.75, 12, 15], "texture": "#layer0"},
				"south": {"uv": [8, 13.75, 10, 15], "texture": "#layer0"},
				"west": {"uv": [6, 13.75, 8, 15], "texture": "#layer0"},
				"down": {"uv": [12.00806, 14, 14.00806, 16], "texture": "#layer0"}
			}
		},
		{
			"from": [1.75, 1.25, 10.25],
			"to": [6.25, 4.25, 5.75],
			"rotation": {"angle": 0, "axis": "y", "origin": [-1, 0, 7]},
			"faces": {
				"north": {"uv": [10, 13.75, 8, 15], "texture": "#layer0"},
				"east": {"uv": [12, 13.75, 10, 15], "texture": "#layer0"},
				"south": {"uv": [6, 13.75, 4, 15], "texture": "#layer0"},
				"west": {"uv": [8, 13.75, 6, 15], "texture": "#layer0"},
				"down": {"uv": [14.00806, 14, 12.00806, 16], "texture": "#layer0"}
			}
		}
	],
	"overrides": [
		{"predicate": {"tooting": 1}, "model": "item/tooting_goat_horn"}
	],
	"display": {
		"thirdperson_righthand": {
			"rotation": [0, -125, 0],
			"translation": [-1, 4, 0],
			"scale": [0.75, 0.75, 0.75]
		},
		"thirdperson_lefthand": {
			"rotation": [0, 55, 0],
			"translation": [-1, 4, 0],
			"scale": [0.75, 0.75, 0.75]
		},
		"firstperson_righthand": {
			"rotation": [0, -65, -15],
			"translation": [-1, -2.5, -10],
			"scale": [0.6, 0.6, 0.6]
		},
		"firstperson_lefthand": {
			"rotation": [0, 115, 15],
			"translation": [0, -2.5, -10],
			"scale": [0.6, 0.6, 0.6]
		},
		"ground": {
			"translation": [0, 2, 0],
			"scale": [0.6, 0.6, 0.6]
		},
		"gui": {
			"rotation": [30, -45, 0],
			"translation": [0, 2.25, 0]
		},
		"head": {
			"rotation": [0, -90, 0],
			"translation": [0, 12.75, 0]
		},
		"fixed": {
			"translation": [0, 3, 1],
			"scale": [1.25, 1.25, 1.25]
		}
	}
}