{
  "type": "minecraft:fishing",
  "pools": [
    {
      "bonus_rolls": 0.0,
      "entries": [
        {
          "type": "minecraft:loot_table",
          "name": "minecolonies:fisherman/junk",
          "quality": -2,
          "weight": 10
        },
        {
          "type": "minecraft:loot_table",
          "conditions": [
            {
              "condition": "minecraft:alternative",
              "terms": [
                {
                  "condition": "minecolonies:entity_in_biome_tag",
                  "tag": "minecraft:is_ocean"
                },
                {
                  "condition": "minecolonies:research_unlocked",
                  "id": "minecolonies:effects/fishingtreasure"
                }
              ]
            }
          ],
          "name": "minecolonies:fisherman/treasure",
          "quality": 2,
          "weight": 5
        },
        {
          "type": "minecraft:loot_table",
          "name": "minecolonies:fisherman/fish",
          "quality": -1,
          "weight": 42
        },
		{
          "type": "minecraft:loot_table",
		  "name": "minecolonies:fisherman/aqfish",
		  "quality": -1,
		  "weight": 42
		},
		{
          "type": "minecraft:loot_table",
		  "name": "minecolonies:fisherman/neptunium",
		  "quality": 0,
		  "weight": 1
		}
      ],
      "rolls": 1.0
    }
  ]
}