{
	"credit": "Made with Blockbench",
	"parent": "block/peony_top",
	"ambientocclusion": false,
	"textures": {
		"cross": "block/peony",
		"particle": "block/break/peony_bottom"
	},
	"elements": [
		{
			"from": [6.25, 3.5, 10],
			"to": [8.75, 6, 12.5],
			"rotation": {"angle": -22.5, "axis": "x", "origin": [8, 4, 10]},
			"faces": {
				"north": {"uv": [0, 5, 1.25, 6.25], "texture": "#cross"},
				"east": {"uv": [0, 3.5, 1.25, 4.75], "rotation": 270, "texture": "#cross"},
				"south": {"uv": [1.5, 5, 2.75, 6.25], "texture": "#cross"},
				"west": {"uv": [0, 3.5, 1.25, 4.75], "rotation": 90, "texture": "#cross"},
				"up": {"uv": [0, 3.5, 1.25, 4.75], "rotation": 180, "texture": "#cross"},
				"down": {"uv": [0, 3.5, 1.25, 4.75], "texture": "#cross"}
			}
		},
		{
			"from": [6, 3.25, 9.75],
			"to": [9, 6.25, 12.75],
			"rotation": {"angle": -22.5, "axis": "x", "origin": [8, 4, 10]},
			"faces": {
				"north": {"uv": [0, 5, 1.25, 6.25], "texture": "#cross"},
				"east": {"uv": [3, 3.5, 4.25, 4.75], "rotation": 270, "texture": "#cross"},
				"west": {"uv": [3, 3.5, 4.25, 4.75], "rotation": 90, "texture": "#cross"},
				"up": {"uv": [1.5, 3.5, 2.75, 4.75], "rotation": 180, "texture": "#cross"},
				"down": {"uv": [1.5, 3.5, 2.75, 4.75], "texture": "#cross"}
			}
		},
		{
			"from": [9, 3.25, 9.75],
			"to": [6, 6.25, 12.75],
			"rotation": {"angle": -22.5, "axis": "x", "origin": [8, 4, 10]},
			"faces": {
				"north": {"uv": [1.25, 5, 0, 6.25], "texture": "#cross"},
				"east": {"uv": [4.25, 3.5, 3, 4.75], "rotation": 270, "texture": "#cross"},
				"west": {"uv": [4.25, 3.5, 3, 4.75], "rotation": 90, "texture": "#cross"},
				"up": {"uv": [2.75, 3.5, 1.5, 4.75], "rotation": 180, "texture": "#cross"},
				"down": {"uv": [2.75, 3.5, 1.5, 4.75], "texture": "#cross"}
			}
		},
		{
			"from": [2.5, 5.75, 4],
			"to": [5, 8.25, 6.5],
			"rotation": {"angle": 0, "axis": "x", "origin": [4.5, 7.75, 8.25]},
			"faces": {
				"north": {"uv": [0, 3.5, 1.25, 4.75], "rotation": 90, "texture": "#cross"},
				"east": {"uv": [0, 5, 1.25, 6.25], "texture": "#cross"},
				"south": {"uv": [0, 3.5, 1.25, 4.75], "rotation": 270, "texture": "#cross"},
				"west": {"uv": [1.5, 5, 2.75, 6.25], "texture": "#cross"},
				"up": {"uv": [0, 3.5, 1.25, 4.75], "rotation": 270, "texture": "#cross"},
				"down": {"uv": [0, 3.5, 1.25, 4.75], "rotation": 270, "texture": "#cross"}
			}
		},
		{
			"from": [2.25, 5.5, 3.75],
			"to": [5.25, 8.5, 6.75],
			"rotation": {"angle": 0, "axis": "x", "origin": [4.5, 7.75, 8.25]},
			"faces": {
				"north": {"uv": [3, 3.5, 4.25, 4.75], "rotation": 90, "texture": "#cross"},
				"east": {"uv": [0, 5, 1.25, 6.25], "texture": "#cross"},
				"south": {"uv": [3, 3.5, 4.25, 4.75], "rotation": 270, "texture": "#cross"},
				"up": {"uv": [1.5, 3.5, 2.75, 4.75], "rotation": 270, "texture": "#cross"},
				"down": {"uv": [1.5, 3.5, 2.75, 4.75], "rotation": 270, "texture": "#cross"}
			}
		},
		{
			"from": [2.25, 5.5, 6.75],
			"to": [5.25, 8.5, 3.75],
			"rotation": {"angle": 0, "axis": "x", "origin": [4.5, 7.75, 8.25]},
			"faces": {
				"north": {"uv": [4.25, 3.5, 3, 4.75], "rotation": 90, "texture": "#cross"},
				"east": {"uv": [1.25, 5, 0, 6.25], "texture": "#cross"},
				"south": {"uv": [4.25, 3.5, 3, 4.75], "rotation": 270, "texture": "#cross"},
				"up": {"uv": [2.75, 3.5, 1.5, 4.75], "rotation": 270, "texture": "#cross"},
				"down": {"uv": [2.75, 3.5, 1.5, 4.75], "rotation": 270, "texture": "#cross"}
			}
		},
		{
			"from": [10.25, 2, 6],
			"to": [13.25, 5, 9],
			"rotation": {"angle": -45, "axis": "z", "origin": [11.25, 1, 6]},
			"faces": {
				"north": {"uv": [0, 0, 1.5, 1.5], "texture": "#cross"},
				"east": {"uv": [0, 0, 1.5, 1.5], "texture": "#cross"},
				"south": {"uv": [0, 0, 1.5, 1.5], "texture": "#cross"},
				"west": {"uv": [0, 0, 1.5, 1.5], "texture": "#cross"},
				"up": {"uv": [1.75, 1.75, 3.25, 3.25], "texture": "#cross"},
				"down": {"uv": [0, 1.75, 1.5, 3.25], "texture": "#cross"}
			}
		},
		{
			"from": [10, 1.75, 5.75],
			"to": [13.5, 5.25, 9.25],
			"rotation": {"angle": -45, "axis": "z", "origin": [11.25, 1, 6]},
			"faces": {
				"north": {"uv": [3.5, 0, 5, 1.5], "texture": "#cross"},
				"east": {"uv": [1.75, 0, 3.25, 1.5], "texture": "#cross"},
				"south": {"uv": [3.5, 0, 5, 1.5], "texture": "#cross"},
				"west": {"uv": [1.75, 0, 3.25, 1.5], "texture": "#cross"},
				"down": {"uv": [0, 1.75, 1.5, 3.25], "texture": "#cross"}
			}
		},
		{
			"from": [13.5, 1.75, 5.75],
			"to": [10, 5.25, 9.25],
			"rotation": {"angle": -45, "axis": "z", "origin": [11.25, 1, 6]},
			"faces": {
				"north": {"uv": [5, 0, 3.5, 1.5], "texture": "#cross"},
				"east": {"uv": [3.25, 0, 1.75, 1.5], "texture": "#cross"},
				"south": {"uv": [5, 0, 3.5, 1.5], "texture": "#cross"},
				"west": {"uv": [3.25, 0, 1.75, 1.5], "texture": "#cross"},
				"down": {"uv": [1.5, 1.75, 0, 3.25], "texture": "#cross"}
			}
		},
		{
			"from": [9.37132, 10.91421, 3],
			"to": [12.37132, 13.91421, 6],
			"rotation": {"angle": -22.5, "axis": "x", "origin": [10.87132, 12.41421, 4.5]},
			"faces": {
				"north": {"uv": [0, 0, 1.5, 1.5], "texture": "#cross"},
				"east": {"uv": [0, 0, 1.5, 1.5], "texture": "#cross"},
				"south": {"uv": [0, 0, 1.5, 1.5], "texture": "#cross"},
				"west": {"uv": [0, 0, 1.5, 1.5], "texture": "#cross"},
				"up": {"uv": [1.75, 1.75, 3.25, 3.25], "texture": "#cross"},
				"down": {"uv": [0, 1.75, 1.5, 3.25], "texture": "#cross"}
			}
		},
		{
			"from": [9.12132, 10.66421, 2.75],
			"to": [12.62132, 14.16421, 6.25],
			"rotation": {"angle": -22.5, "axis": "x", "origin": [10.87132, 12.41421, 4.5]},
			"faces": {
				"north": {"uv": [3.5, 0, 5, 1.5], "texture": "#cross"},
				"east": {"uv": [1.75, 0, 3.25, 1.5], "texture": "#cross"},
				"south": {"uv": [3.5, 0, 5, 1.5], "texture": "#cross"},
				"west": {"uv": [1.75, 0, 3.25, 1.5], "texture": "#cross"},
				"down": {"uv": [0, 1.75, 1.5, 3.25], "texture": "#cross"}
			}
		},
		{
			"from": [12.62132, 10.66421, 2.75],
			"to": [9.12132, 14.16421, 6.25],
			"rotation": {"angle": -22.5, "axis": "x", "origin": [10.87132, 12.41421, 4.5]},
			"faces": {
				"north": {"uv": [5, 0, 3.5, 1.5], "texture": "#cross"},
				"east": {"uv": [3.25, 0, 1.75, 1.5], "texture": "#cross"},
				"south": {"uv": [5, 0, 3.5, 1.5], "texture": "#cross"},
				"west": {"uv": [3.25, 0, 1.75, 1.5], "texture": "#cross"},
				"down": {"uv": [1.5, 1.75, 0, 3.25], "texture": "#cross"}
			}
		},
		{
			"from": [4.37132, 11.51421, 9],
			"to": [7.37132, 14.51421, 12],
			"rotation": {"angle": 0, "axis": "x", "origin": [10.87132, 12.41421, 4.5]},
			"faces": {
				"north": {"uv": [0, 0, 1.5, 1.5], "texture": "#cross"},
				"east": {"uv": [0, 0, 1.5, 1.5], "texture": "#cross"},
				"south": {"uv": [0, 0, 1.5, 1.5], "texture": "#cross"},
				"west": {"uv": [0, 0, 1.5, 1.5], "texture": "#cross"},
				"up": {"uv": [1.75, 1.75, 3.25, 3.25], "texture": "#cross"},
				"down": {"uv": [0, 1.75, 1.5, 3.25], "texture": "#cross"}
			}
		},
		{
			"from": [4.12132, 11.26421, 8.75],
			"to": [7.62132, 14.76421, 12.25],
			"rotation": {"angle": 0, "axis": "x", "origin": [10.87132, 12.41421, 4.5]},
			"faces": {
				"north": {"uv": [3.5, 0, 5, 1.5], "texture": "#cross"},
				"east": {"uv": [1.75, 0, 3.25, 1.5], "texture": "#cross"},
				"south": {"uv": [3.5, 0, 5, 1.5], "texture": "#cross"},
				"west": {"uv": [1.75, 0, 3.25, 1.5], "texture": "#cross"},
				"down": {"uv": [0, 1.75, 1.5, 3.25], "texture": "#cross"}
			}
		},
		{
			"from": [7.62132, 11.26421, 8.75],
			"to": [4.12132, 14.76421, 12.25],
			"rotation": {"angle": 0, "axis": "x", "origin": [10.87132, 12.41421, 4.5]},
			"faces": {
				"north": {"uv": [5, 0, 3.5, 1.5], "texture": "#cross"},
				"east": {"uv": [3.25, 0, 1.75, 1.5], "texture": "#cross"},
				"south": {"uv": [5, 0, 3.5, 1.5], "texture": "#cross"},
				"west": {"uv": [3.25, 0, 1.75, 1.5], "texture": "#cross"},
				"down": {"uv": [1.5, 1.75, 0, 3.25], "texture": "#cross"}
			}
		},
		{
			"from": [8, 0, 0],
			"to": [8, 16, 16],
			"rotation": {"angle": -45, "axis": "y", "origin": [8, 2.5, 8]},
			"faces": {
				"east": {"uv": [8, 2.5, 16, 10.5], "texture": "#cross"},
				"west": {"uv": [16, 2.5, 8, 10.5], "texture": "#cross"}
			}
		},
		{
			"from": [0, 0, 8],
			"to": [16, 16, 8],
			"rotation": {"angle": -45, "axis": "y", "origin": [8, 2.5, 8]},
			"faces": {
				"north": {"uv": [16, 2.5, 8, 10.5], "texture": "#cross"},
				"south": {"uv": [8, 2.5, 16, 10.5], "texture": "#cross"}
			}
		},
		{
			"from": [2, 3, 2],
			"to": [8, 3, 14],
			"rotation": {"angle": 22.5, "axis": "z", "origin": [8, 3, 8]},
			"faces": {
				"up": {"uv": [0, 13, 6, 16], "rotation": 90, "texture": "#cross"},
				"down": {"uv": [6, 13, 0, 16], "rotation": 90, "texture": "#cross"}
			}
		},
		{
			"from": [8, 3, 2],
			"to": [14, 3, 14],
			"rotation": {"angle": -22.5, "axis": "z", "origin": [8, 3, 8]},
			"faces": {
				"up": {"uv": [0, 13, 6, 16], "rotation": 270, "texture": "#cross"},
				"down": {"uv": [6, 13, 0, 16], "rotation": 270, "texture": "#cross"}
			}
		},
		{
			"from": [2, 3, 8],
			"to": [14, 3, 14],
			"rotation": {"angle": 22.5, "axis": "x", "origin": [8, 3, 8]},
			"faces": {
				"up": {"uv": [6, 13, 0, 16], "texture": "#cross"},
				"down": {"uv": [0, 13, 6, 16], "rotation": 180, "texture": "#cross"}
			}
		},
		{
			"from": [2, 4, 2],
			"to": [14, 4, 8],
			"rotation": {"angle": -22.5, "axis": "x", "origin": [8, 4, 8]},
			"faces": {
				"up": {"uv": [6, 13, 0, 16], "rotation": 180, "texture": "#cross"},
				"down": {"uv": [0, 13, 6, 16], "texture": "#cross"}
			}
		},
		{
			"from": [8, 10, 2],
			"to": [14, 10, 14],
			"rotation": {"angle": -22.5, "axis": "z", "origin": [8, 10, 8]},
			"faces": {
				"up": {"uv": [6, 13, 0, 16], "rotation": 270, "texture": "#cross"},
				"down": {"uv": [0, 13, 6, 16], "rotation": 270, "texture": "#cross"}
			}
		},
		{
			"from": [2, 10, 2],
			"to": [14, 10, 8],
			"rotation": {"angle": -22.5, "axis": "x", "origin": [8, 10, 8]},
			"faces": {
				"up": {"uv": [0, 13, 6, 16], "rotation": 180, "texture": "#cross"},
				"down": {"uv": [6, 13, 0, 16], "texture": "#cross"}
			}
		},
		{
			"from": [2, 11, 2],
			"to": [8, 11, 14],
			"rotation": {"angle": 22.5, "axis": "z", "origin": [8, 11, 8]},
			"faces": {
				"up": {"uv": [0, 13, 6, 16], "rotation": 90, "texture": "#cross"},
				"down": {"uv": [6, 13, 0, 16], "rotation": 90, "texture": "#cross"}
			}
		},
		{
			"from": [8, 11, 2],
			"to": [14, 11, 14],
			"rotation": {"angle": -22.5, "axis": "z", "origin": [8, 11, 8]},
			"faces": {
				"up": {"uv": [0, 13, 6, 16], "rotation": 270, "texture": "#cross"},
				"down": {"uv": [6, 13, 0, 16], "rotation": 270, "texture": "#cross"}
			}
		}
	],
	"display": {
		"thirdperson_righthand": {
			"rotation": [75, 45, 0],
			"translation": [0, 2.5, 0],
			"scale": [0.375, 0.375, 0.375]
		},
		"thirdperson_lefthand": {
			"rotation": [75, 45, 0],
			"translation": [0, 2.5, 0],
			"scale": [0.375, 0.375, 0.375]
		},
		"firstperson_righthand": {
			"rotation": [0, 45, 0],
			"scale": [0.4, 0.4, 0.4]
		},
		"firstperson_lefthand": {
			"rotation": [0, 225, 0],
			"scale": [0.4, 0.4, 0.4]
		},
		"ground": {
			"translation": [0, 3, 0],
			"scale": [0.25, 0.25, 0.25]
		},
		"gui": {
			"rotation": [30, 225, 0],
			"scale": [0.625, 0.625, 0.625]
		},
		"fixed": {
			"scale": [0.5, 0.5, 0.5]
		}
	},
	"groups": [
		{
			"name": "peony",
			"origin": [8, 8, 8],
			"color": 0,
			"nbt": "{}",
			"children": [
				{
					"name": "group",
					"origin": [8, 8, 8],
					"color": 0,
					"nbt": "{}",
					"children": [
						{
							"name": "group",
							"origin": [0, 0, 0],
							"color": 0,
							"nbt": "{}",
							"children": [0, 1, 2]
						},
						{
							"name": "group",
							"origin": [0, 0, 0],
							"color": 0,
							"nbt": "{}",
							"children": [3, 4, 5]
						},
						{
							"name": "group",
							"origin": [0, 0, 0],
							"color": 0,
							"nbt": "{}",
							"children": [6, 7, 8]
						},
						{
							"name": "group",
							"origin": [0, 0, 0],
							"color": 0,
							"nbt": "{}",
							"children": [9, 10, 11]
						},
						{
							"name": "group",
							"origin": [0, 0, 0],
							"color": 0,
							"nbt": "{}",
							"children": [12, 13, 14]
						}
					]
				},
				15,
				16,
				17,
				18,
				19,
				20,
				21,
				22,
				23,
				24
			]
		}
	]
}