{
	"credit": "Made with Blockbench",
	"ambientocclusion": false,
	"textures": {
		"0": "block/pink_petals",
		"particle": "block/break/pink_petals"
	},
	"elements": [
		{
			"from": [0.5, 2.99, 4.5],
			"to": [2.5, 2.99, 6.5],
			"faces": {
				"up": {"uv": [0.5, 13.5, 2.5, 15.5], "texture": "#0"},
				"down": {"uv": [7, 16, 9, 14], "texture": "#0"}
			}
		},
		{
			"from": [1.5, 2.99, 4],
			"to": [2.5, 2.99, 4.5],
			"rotation": {"angle": 22.5, "axis": "x", "origin": [2, 3, 4.5]},
			"faces": {
				"up": {"uv": [1.5, 13, 2.5, 13.5], "texture": "#0"},
				"down": {"uv": [1.5, 13.5, 2.5, 13], "texture": "#0"}
			}
		},
		{
			"from": [0, 2.99, 4.5],
			"to": [0.5, 2.99, 5.5],
			"rotation": {"angle": -22.5, "axis": "z", "origin": [0.5, 3, 5]},
			"faces": {
				"up": {"uv": [0, 13.5, 0.5, 14.5], "texture": "#0"},
				"down": {"uv": [0, 14.5, 0.5, 13.5], "texture": "#0"}
			}
		},
		{
			"from": [0.5, 2.99, 6.5],
			"to": [1.5, 2.99, 7],
			"rotation": {"angle": -22.5, "axis": "x", "origin": [1, 3, 6.5]},
			"faces": {
				"up": {"uv": [0.5, 15.5, 1.5, 16], "texture": "#0"},
				"down": {"uv": [0.5, 16, 1.5, 15.5], "texture": "#0"}
			}
		},
		{
			"from": [2.5, 2.99, 5.5],
			"to": [3, 2.99, 6.5],
			"rotation": {"angle": 22.5, "axis": "z", "origin": [2.5, 3, 6]},
			"faces": {
				"up": {"uv": [2.5, 14.5, 3, 15.5], "texture": "#0"},
				"down": {"uv": [2.5, 15.5, 3, 14.5], "texture": "#0"}
			}
		},
		{
			"from": [1, -0.01, 5.5],
			"to": [2, 2.99, 5.5],
			"rotation": {"angle": -45, "axis": "y", "origin": [1.5, 0, 5.5]},
			"faces": {
				"north": {"uv": [15, 11, 14, 14], "texture": "#0"},
				"south": {"uv": [14, 11, 15, 14], "texture": "#0"}
			}
		},
		{
			"from": [1.5, -0.01, 5],
			"to": [1.5, 2.99, 6],
			"rotation": {"angle": -45, "axis": "y", "origin": [1.5, 0, 5.5]},
			"faces": {
				"east": {"uv": [14, 11, 15, 14], "texture": "#0"},
				"west": {"uv": [15, 11, 14, 14], "texture": "#0"}
			}
		},
		{
			"from": [6, 2.99, 6],
			"to": [7, 2.99, 7],
			"rotation": {"angle": 0, "axis": "y", "origin": [5, 0, 1]},
			"faces": {
				"up": {"uv": [13, 8, 14, 9], "texture": "#0"},
				"down": {"uv": [11.5, 13, 12.5, 12], "texture": "#0"}
			}
		},
		{
			"from": [6, 2.99, 5.5],
			"to": [7, 2.99, 6],
			"rotation": {"angle": 22.5, "axis": "x", "origin": [6, 3, 6]},
			"faces": {
				"up": {"uv": [13, 7.5, 14, 8], "texture": "#0"},
				"down": {"uv": [13, 8, 14, 7.5], "texture": "#0"}
			}
		},
		{
			"from": [5.5, 2.99, 6],
			"to": [6, 2.99, 7],
			"rotation": {"angle": -22.5, "axis": "z", "origin": [6, 3, 6]},
			"faces": {
				"up": {"uv": [12.5, 8, 13, 9], "texture": "#0"},
				"down": {"uv": [12.5, 9, 13, 8], "texture": "#0"}
			}
		},
		{
			"from": [6, 2.99, 7],
			"to": [7, 2.99, 7.5],
			"rotation": {"angle": -22.5, "axis": "x", "origin": [6, 3, 7]},
			"faces": {
				"up": {"uv": [13, 9, 14, 9.5], "texture": "#0"},
				"down": {"uv": [13, 9.5, 14, 9], "texture": "#0"}
			}
		},
		{
			"from": [7, 2.99, 6],
			"to": [7.5, 2.99, 7],
			"rotation": {"angle": 22.5, "axis": "z", "origin": [7, 3, 7]},
			"faces": {
				"up": {"uv": [14, 8, 14.5, 9], "texture": "#0"},
				"down": {"uv": [14, 9, 14.5, 8], "texture": "#0"}
			}
		},
		{
			"from": [6, -0.01, 6.5],
			"to": [7, 2.99, 6.5],
			"rotation": {"angle": -45, "axis": "y", "origin": [6.5, 0, 6.5]},
			"faces": {
				"north": {"uv": [15, 11, 14, 14], "texture": "#0"},
				"south": {"uv": [14, 11, 15, 14], "texture": "#0"}
			}
		},
		{
			"from": [6.5, -0.01, 6],
			"to": [6.5, 2.99, 7],
			"rotation": {"angle": -45, "axis": "y", "origin": [6.5, 0, 6.5]},
			"faces": {
				"east": {"uv": [14, 11, 15, 14], "texture": "#0"},
				"west": {"uv": [15, 11, 14, 14], "texture": "#0"}
			}
		},
		{
			"from": [3.5, 2.99, 0.5],
			"to": [5.5, 2.99, 2.5],
			"rotation": {"angle": 0, "axis": "y", "origin": [3, 0, -4]},
			"faces": {
				"up": {"uv": [9.5, 8, 11.5, 10], "texture": "#0"},
				"down": {"uv": [14, 16, 16, 14], "texture": "#0"}
			}
		},
		{
			"from": [4, 2.99, 0],
			"to": [5, 2.99, 0.5],
			"rotation": {"angle": 22.5, "axis": "x", "origin": [4, 3, 0.5]},
			"faces": {
				"up": {"uv": [10, 7.5, 11, 8], "texture": "#0"},
				"down": {"uv": [10, 8, 11, 7.5], "texture": "#0"}
			}
		},
		{
			"from": [3, 2.99, 1],
			"to": [3.5, 2.99, 2],
			"rotation": {"angle": -22.5, "axis": "z", "origin": [3.5, 3, 1]},
			"faces": {
				"up": {"uv": [9, 8.5, 9.5, 9.5], "texture": "#0"},
				"down": {"uv": [9, 9.5, 9.5, 8.5], "texture": "#0"}
			}
		},
		{
			"from": [4, 2.99, 2.5],
			"to": [5, 2.99, 3],
			"rotation": {"angle": -22.5, "axis": "x", "origin": [4, 3, 2.5]},
			"faces": {
				"up": {"uv": [10, 10, 11, 10.5], "texture": "#0"},
				"down": {"uv": [10, 10.5, 11, 10], "texture": "#0"}
			}
		},
		{
			"from": [5.5, 2.99, 1],
			"to": [6, 2.99, 2],
			"rotation": {"angle": 22.5, "axis": "z", "origin": [5.5, 3, 2]},
			"faces": {
				"up": {"uv": [11.5, 8.5, 12, 9.5], "texture": "#0"},
				"down": {"uv": [11.5, 9.5, 12, 8.5], "texture": "#0"}
			}
		},
		{
			"from": [4, -0.01, 1.5],
			"to": [5, 2.99, 1.5],
			"rotation": {"angle": -45, "axis": "y", "origin": [4.5, 0, 1.5]},
			"faces": {
				"north": {"uv": [15, 11, 14, 14], "texture": "#0"},
				"south": {"uv": [14, 11, 15, 14], "texture": "#0"}
			}
		},
		{
			"from": [4.5, -0.01, 1],
			"to": [4.5, 2.99, 2],
			"rotation": {"angle": -45, "axis": "y", "origin": [4.5, 0, 1.5]},
			"faces": {
				"east": {"uv": [14, 11, 15, 14], "texture": "#0"},
				"west": {"uv": [15, 11, 14, 14], "texture": "#0"}
			}
		},
		{
			"from": [4.75, 0, 10.75],
			"to": [4.75, 1, 11.75],
			"rotation": {"angle": -45, "axis": "y", "origin": [4.75, 0, 11.25]},
			"faces": {
				"east": {"uv": [14, 11, 15, 12], "texture": "#0"},
				"west": {"uv": [15, 11, 14, 12], "texture": "#0"}
			}
		},
		{
			"from": [4.25, 0, 11.25],
			"to": [5.25, 1, 11.25],
			"rotation": {"angle": -45, "axis": "y", "origin": [4.75, 0, 11.25]},
			"faces": {
				"north": {"uv": [14, 11, 15, 12], "texture": "#0"},
				"south": {"uv": [15, 11, 14, 12], "texture": "#0"}
			}
		},
		{
			"from": [3.25, 1, 9.75],
			"to": [6.25, 1, 12.75],
			"rotation": {"angle": 0, "axis": "y", "origin": [0.25, 0, -0.25]},
			"faces": {
				"up": {"uv": [9.5, 2, 12.5, 5], "texture": "#0"},
				"down": {"uv": [13.5, 11, 10.5, 14], "texture": "#0"}
			}
		},
		{
			"from": [6.25, 1, 9.75],
			"to": [8.25, 1, 12.75],
			"rotation": {"angle": 22.5, "axis": "z", "origin": [6.25, 1, 10.75]},
			"faces": {
				"up": {"uv": [12.5, 2, 14.5, 5], "texture": "#0"},
				"down": {"uv": [12.5, 5, 14.5, 2], "texture": "#0"}
			}
		},
		{
			"from": [1.25, 1, 9.75],
			"to": [3.25, 1, 12.75],
			"rotation": {"angle": -22.5, "axis": "z", "origin": [3.25, 1, 10.75]},
			"faces": {
				"up": {"uv": [7.5, 2, 9.5, 5], "texture": "#0"},
				"down": {"uv": [7.5, 5, 9.5, 2], "texture": "#0"}
			}
		},
		{
			"from": [3.25, 1, 7.75],
			"to": [6.25, 1, 9.75],
			"rotation": {"angle": 22.5, "axis": "x", "origin": [5, 1, 9.75]},
			"faces": {
				"up": {"uv": [9.5, 0, 12.5, 2], "texture": "#0"},
				"down": {"uv": [9.5, 2, 12.5, 0], "texture": "#0"}
			}
		},
		{
			"from": [3.25, 1, 12.75],
			"to": [6.25, 1, 14.75],
			"rotation": {"angle": -22.5, "axis": "x", "origin": [4.25, 1, 12.75]},
			"faces": {
				"up": {"uv": [9.5, 5, 12.5, 7], "texture": "#0"},
				"down": {"uv": [9.5, 7, 12.5, 5], "texture": "#0"}
			}
		},
		{
			"from": [9, -0.01, 9.5],
			"to": [10, 1.99, 9.5],
			"rotation": {"angle": -45, "axis": "y", "origin": [9.5, -1, 9.5]},
			"faces": {
				"north": {"uv": [15, 11, 14, 13], "texture": "#0"},
				"south": {"uv": [14, 11, 15, 13], "texture": "#0"}
			}
		},
		{
			"from": [9.5, -0.01, 9],
			"to": [9.5, 1.99, 10],
			"rotation": {"angle": -45, "axis": "y", "origin": [9.5, -1, 9.5]},
			"faces": {
				"east": {"uv": [14, 11, 15, 13], "texture": "#0"},
				"west": {"uv": [15, 11, 14, 13], "texture": "#0"}
			}
		},
		{
			"from": [9, 1.99, 10.5],
			"to": [10, 1.99, 11],
			"rotation": {"angle": -22.5, "axis": "x", "origin": [9, 2, 10.5]},
			"faces": {
				"up": {"uv": [6.5, 10, 7.5, 10.5], "texture": "#0"},
				"down": {"uv": [6.5, 10.5, 7.5, 10], "texture": "#0"}
			}
		},
		{
			"from": [10.5, 1.99, 9],
			"to": [11, 1.99, 10],
			"rotation": {"angle": 22.5, "axis": "z", "origin": [10.5, 2, 10]},
			"faces": {
				"up": {"uv": [8, 8.5, 8.5, 9.5], "texture": "#0"},
				"down": {"uv": [8, 9.5, 8.5, 8.5], "texture": "#0"}
			}
		},
		{
			"from": [8, 1.99, 9],
			"to": [8.5, 1.99, 10],
			"rotation": {"angle": -22.5, "axis": "z", "origin": [8.5, 2, 9]},
			"faces": {
				"up": {"uv": [5.5, 8.5, 6, 9.5], "texture": "#0"},
				"down": {"uv": [5.5, 9.5, 6, 8.5], "texture": "#0"}
			}
		},
		{
			"from": [9, 1.99, 8],
			"to": [10, 1.99, 8.5],
			"rotation": {"angle": 22.5, "axis": "x", "origin": [9, 2, 8.5]},
			"faces": {
				"up": {"uv": [6.5, 7.5, 7.5, 8], "texture": "#0"},
				"down": {"uv": [6.5, 8, 7.5, 7.5], "texture": "#0"}
			}
		},
		{
			"from": [8.5, 1.99, 8.5],
			"to": [10.5, 1.99, 10.5],
			"rotation": {"angle": 0, "axis": "y", "origin": [8, -1, 4]},
			"faces": {
				"up": {"uv": [6, 8, 8, 10], "texture": "#0"},
				"down": {"uv": [11.5, 16, 13.5, 14], "texture": "#0"}
			}
		},
		{
			"from": [13.5, 1.99, 9.5],
			"to": [15.5, 1.99, 11.5],
			"rotation": {"angle": 0, "axis": "y", "origin": [13, -1, 5]},
			"faces": {
				"up": {"uv": [4, 13.5, 6, 15.5], "texture": "#0"},
				"down": {"uv": [9.5, 16, 11.5, 14], "texture": "#0"}
			}
		},
		{
			"from": [13.5, 1.99, 9],
			"to": [14.5, 1.99, 9.5],
			"rotation": {"angle": 22.5, "axis": "x", "origin": [14, 2, 9.5]},
			"faces": {
				"up": {"uv": [4, 13, 5, 13.5], "texture": "#0"},
				"down": {"uv": [4, 13.5, 5, 13], "texture": "#0"}
			}
		},
		{
			"from": [13, 1.99, 10.5],
			"to": [13.5, 1.99, 11.5],
			"rotation": {"angle": -22.5, "axis": "z", "origin": [13.5, 2, 10]},
			"faces": {
				"up": {"uv": [3.5, 14.5, 4, 15.5], "texture": "#0"},
				"down": {"uv": [3.5, 15.5, 4, 14.5], "texture": "#0"}
			}
		},
		{
			"from": [14.5, 1.99, 11.5],
			"to": [15.5, 1.99, 12],
			"rotation": {"angle": -22.5, "axis": "x", "origin": [14, 2, 11.5]},
			"faces": {
				"up": {"uv": [5, 15.5, 6, 16], "texture": "#0"},
				"down": {"uv": [5, 16, 6, 15.5], "texture": "#0"}
			}
		},
		{
			"from": [15.5, 1.99, 9.5],
			"to": [16, 1.99, 10.5],
			"rotation": {"angle": 22.5, "axis": "z", "origin": [15.5, 2, 10]},
			"faces": {
				"up": {"uv": [6, 13.5, 6.5, 14.5], "texture": "#0"},
				"down": {"uv": [6, 14.5, 6.5, 13.5], "texture": "#0"}
			}
		},
		{
			"from": [14, -0.01, 10.5],
			"to": [15, 1.99, 10.5],
			"rotation": {"angle": -45, "axis": "y", "origin": [14.5, -1, 10.5]},
			"faces": {
				"north": {"uv": [15, 11, 14, 13], "texture": "#0"},
				"south": {"uv": [14, 11, 15, 13], "texture": "#0"}
			}
		},
		{
			"from": [14.5, -0.01, 10],
			"to": [14.5, 1.99, 11],
			"rotation": {"angle": -45, "axis": "y", "origin": [14.5, -1, 10.5]},
			"faces": {
				"east": {"uv": [14, 11, 15, 13], "texture": "#0"},
				"west": {"uv": [15, 11, 14, 13], "texture": "#0"}
			}
		},
		{
			"from": [11.5, -0.01, 14],
			"to": [12.5, 1.99, 14],
			"rotation": {"angle": 45, "axis": "y", "origin": [12, 0, 14]},
			"faces": {
				"north": {"uv": [14, 11, 15, 13], "texture": "#0"},
				"south": {"uv": [15, 11, 14, 13], "texture": "#0"}
			}
		},
		{
			"from": [12, -0.01, 13.5],
			"to": [12, 1.99, 14.5],
			"rotation": {"angle": 45, "axis": "y", "origin": [12, 0, 14]},
			"faces": {
				"east": {"uv": [14, 11, 15, 13], "texture": "#0"},
				"west": {"uv": [15, 11, 14, 13], "texture": "#0"}
			}
		},
		{
			"from": [11, 1.99, 13],
			"to": [13, 1.99, 15],
			"rotation": {"angle": 0, "axis": "y", "origin": [10.5, -1, 8.5]},
			"faces": {
				"up": {"uv": [1.5, 9, 3.5, 11], "texture": "#0"},
				"down": {"uv": [5, 13, 7, 11], "texture": "#0"}
			}
		},
		{
			"from": [11, 1.99, 11.5],
			"to": [13, 1.99, 13],
			"rotation": {"angle": 22.5, "axis": "x", "origin": [11.5, 2, 13]},
			"faces": {
				"up": {"uv": [1.5, 7.5, 3.5, 9], "texture": "#0"},
				"down": {"uv": [1.5, 9, 3.5, 7.5], "texture": "#0"}
			}
		},
		{
			"from": [9.75, 1.99, 13],
			"to": [11, 1.99, 15],
			"rotation": {"angle": -22.5, "axis": "z", "origin": [11, 2, 13.5]},
			"faces": {
				"up": {"uv": [0, 9, 1.5, 11], "texture": "#0"},
				"down": {"uv": [0, 11, 1.5, 9], "texture": "#0"}
			}
		},
		{
			"from": [11, 1.99, 15],
			"to": [13, 1.99, 16.5],
			"rotation": {"angle": -22.5, "axis": "x", "origin": [11.5, 2, 15]},
			"faces": {
				"up": {"uv": [1.5, 11, 3.5, 12.5], "texture": "#0"},
				"down": {"uv": [1.5, 12.5, 3.5, 11], "texture": "#0"}
			}
		},
		{
			"from": [13, 1.99, 13],
			"to": [14.5, 1.99, 15],
			"rotation": {"angle": 22.5, "axis": "z", "origin": [13, 2, 14.5]},
			"faces": {
				"up": {"uv": [3.5, 9, 5, 11], "texture": "#0"},
				"down": {"uv": [3.5, 11, 5, 9], "texture": "#0"}
			}
		},
		{
			"from": [11.75, 0, 2.75],
			"to": [11.75, 2, 3.75],
			"rotation": {"angle": -45, "axis": "y", "origin": [11.75, 1, 3.25]},
			"faces": {
				"east": {"uv": [14, 11, 15, 13], "texture": "#0"},
				"west": {"uv": [15, 11, 14, 13], "texture": "#0"}
			}
		},
		{
			"from": [11.25, 0, 3.25],
			"to": [12.25, 2, 3.25],
			"rotation": {"angle": -45, "axis": "y", "origin": [11.75, 1, 3.25]},
			"faces": {
				"north": {"uv": [14, 11, 15, 13], "texture": "#0"},
				"south": {"uv": [15, 11, 14, 13], "texture": "#0"}
			}
		},
		{
			"from": [10.25, 2, 1.75],
			"to": [13.25, 2, 4.75],
			"rotation": {"angle": 0, "axis": "y", "origin": [7.25, 1, -8.25]},
			"faces": {
				"up": {"uv": [2, 2, 5, 5], "texture": "#0"},
				"down": {"uv": [10, 11, 7, 14], "texture": "#0"}
			}
		},
		{
			"from": [13.25, 2, 1.75],
			"to": [15.25, 2, 4.75],
			"rotation": {"angle": 22.5, "axis": "z", "origin": [13.25, 2, 2.75]},
			"faces": {
				"up": {"uv": [5, 2, 7, 5], "texture": "#0"},
				"down": {"uv": [5, 5, 7, 2], "texture": "#0"}
			}
		},
		{
			"from": [8.25, 2, 1.75],
			"to": [10.25, 2, 4.75],
			"rotation": {"angle": -22.5, "axis": "z", "origin": [10.25, 2, 2.75]},
			"faces": {
				"up": {"uv": [0, 2, 2, 5], "texture": "#0"},
				"down": {"uv": [0, 5, 2, 2], "texture": "#0"}
			}
		},
		{
			"from": [10.25, 2, -0.25],
			"to": [13.25, 2, 1.75],
			"rotation": {"angle": 22.5, "axis": "x", "origin": [12, 2, 1.75]},
			"faces": {
				"up": {"uv": [2, 0, 5, 2], "texture": "#0"},
				"down": {"uv": [2, 2, 5, 0], "texture": "#0"}
			}
		},
		{
			"from": [10.25, 2, 4.75],
			"to": [13.25, 2, 6.75],
			"rotation": {"angle": -22.5, "axis": "x", "origin": [11.25, 2, 4.75]},
			"faces": {
				"up": {"uv": [2, 5, 5, 7], "texture": "#0"},
				"down": {"uv": [2, 7, 5, 5], "texture": "#0"}
			}
		}
	],
	"display": {
		"thirdperson_righthand": {
			"rotation": [75, 45, 0],
			"translation": [0, 2.5, 2.5],
			"scale": [0.375, 0.375, 0.375]
		},
		"thirdperson_lefthand": {
			"rotation": [75, 45, 0],
			"translation": [0, 2.5, 2.5],
			"scale": [0.375, 0.375, 0.375]
		},
		"firstperson_righthand": {
			"rotation": [0, 45, 0],
			"translation": [0, 4, 0],
			"scale": [0.4, 0.4, 0.4]
		},
		"firstperson_lefthand": {
			"rotation": [0, 45, 0],
			"translation": [0, 4, 0],
			"scale": [0.4, 0.4, 0.4]
		},
		"ground": {
			"translation": [0, 3, 0],
			"scale": [0.25, 0.25, 0.25]
		},
		"gui": {
			"rotation": [30, 225, 0],
			"scale": [0.625, 0.625, 0.625]
		},
		"fixed": {
			"scale": [0.5, 0.5, 0.5]
		}
	},
	"groups": [
		{
			"name": "pink_petals_1",
			"origin": [8, 8, 8],
			"color": 0,
			"nbt": "{}",
			"children": [
				{
					"name": "group",
					"origin": [1.5, 0, 5.5],
					"color": 0,
					"nbt": "{}",
					"children": [0, 1, 2, 3, 4, 5, 6]
				},
				{
					"name": "group",
					"origin": [1.5, 0, 5.5],
					"color": 0,
					"nbt": "{}",
					"children": [7, 8, 9, 10, 11, 12, 13]
				},
				{
					"name": "group",
					"origin": [1.5, 0, 5.5],
					"color": 0,
					"nbt": "{}",
					"children": [14, 15, 16, 17, 18, 19, 20]
				}
			]
		},
		{
			"name": "pink_petals_2",
			"origin": [8, 8, 8],
			"color": 0,
			"nbt": "{}",
			"children": [21, 22, 23, 24, 25, 26, 27]
		},
		{
			"name": "pink_petals_3",
			"origin": [8, 8, 8],
			"color": 0,
			"nbt": "{}",
			"children": [
				{
					"name": "group",
					"origin": [1.5, 0, 5.5],
					"color": 0,
					"nbt": "{}",
					"children": [28, 29, 30, 31, 32, 33, 34]
				},
				{
					"name": "group",
					"origin": [1.5, 0, 5.5],
					"color": 0,
					"nbt": "{}",
					"children": [35, 36, 37, 38, 39, 40, 41]
				},
				{
					"name": "group",
					"origin": [1.5, 0, 5.5],
					"color": 0,
					"nbt": "{}",
					"children": [42, 43, 44, 45, 46, 47, 48]
				}
			]
		},
		{
			"name": "pink_petals_4",
			"origin": [8, 8, 8],
			"color": 0,
			"nbt": "{}",
			"children": [49, 50, 51, 52, 53, 54, 55]
		}
	]
}