{
	"credit": "Made with Blockbench",
	"ambientocclusion": false,
	"texture_size": [64, 64],
	"textures": {
		"0": "block/pitcher_crop",
		"particle": "block/break/pitcher_crop_stage_4"
	},
	"elements": [
		{
			"from": [5.5, 0.5, 6],
			"to": [6, 10, 10],
			"rotation": {"angle": 0, "axis": "y", "origin": [8, -1, 8]},
			"faces": {
				"east": {"uv": [2.25, 2.75, 0.25, 7.5], "texture": "#0"},
				"west": {"uv": [0.25, 2.75, 2.25, 7.5], "texture": "#0"},
				"up": {"uv": [2.25, 2.75, 0.25, 3], "rotation": 270, "texture": "#0"}
			}
		},
		{
			"from": [10, 0.5, 6],
			"to": [10.5, 10, 10],
			"rotation": {"angle": 0, "axis": "y", "origin": [8, -1, 8]},
			"faces": {
				"east": {"uv": [0.25, 2.75, 2.25, 7.5], "texture": "#0"},
				"west": {"uv": [2.25, 2.75, 0.25, 7.5], "texture": "#0"},
				"up": {"uv": [0.25, 2.75, 2.25, 3], "rotation": 270, "texture": "#0"}
			}
		},
		{
			"from": [5.5, 0.5, 5.5],
			"to": [10.5, 10, 6],
			"rotation": {"angle": 0, "axis": "y", "origin": [8, -1, 8]},
			"faces": {
				"north": {"uv": [0, 2.75, 2.5, 7.5], "texture": "#0"},
				"east": {"uv": [2.25, 2.75, 2.5, 7.5], "texture": "#0"},
				"south": {"uv": [2.5, 2.75, 0, 7.5], "texture": "#0"},
				"west": {"uv": [0, 2.75, 0.25, 7.5], "texture": "#0"},
				"up": {"uv": [0, 2.75, 2.5, 3], "rotation": 180, "texture": "#0"}
			}
		},
		{
			"from": [5.5, 0.5, 10],
			"to": [10.5, 10, 10.5],
			"rotation": {"angle": 0, "axis": "y", "origin": [8, -1, 8]},
			"faces": {
				"north": {"uv": [2.5, 2.75, 0, 7.5], "texture": "#0"},
				"east": {"uv": [0, 2.75, 0.25, 7.5], "texture": "#0"},
				"south": {"uv": [0, 2.75, 2.5, 7.5], "texture": "#0"},
				"west": {"uv": [2.25, 2.75, 2.5, 7.5], "texture": "#0"},
				"up": {"uv": [2.5, 2.75, 0, 3], "rotation": 180, "texture": "#0"}
			}
		},
		{
			"from": [5.5, 0, 5.5],
			"to": [10.5, 0.5, 10.5],
			"rotation": {"angle": 0, "axis": "y", "origin": [8, -1, 8]},
			"faces": {
				"north": {"uv": [0, 7.5, 2.5, 7.75], "texture": "#0"},
				"east": {"uv": [0, 7.5, 2.5, 7.75], "texture": "#0"},
				"south": {"uv": [0, 7.5, 2.5, 7.75], "texture": "#0"},
				"west": {"uv": [0, 7.5, 2.5, 7.75], "texture": "#0"},
				"up": {"uv": [0, 0, 2.5, 2.5], "rotation": 180, "texture": "#0"},
				"down": {"uv": [0, 8, 2.5, 10.5], "rotation": 180, "texture": "#0"}
			}
		},
		{
			"from": [7.5, 0, 7.5],
			"to": [8.5, 10, 8.5],
			"rotation": {"angle": 0, "axis": "y", "origin": [8, -1, 8]},
			"faces": {
				"north": {"uv": [2.75, 4.25, 3.25, 9.5], "texture": "#0"},
				"east": {"uv": [2.75, 4.25, 3.25, 9.5], "texture": "#0"},
				"south": {"uv": [2.75, 4.25, 3.25, 9.5], "texture": "#0"},
				"west": {"uv": [2.75, 4.25, 3.25, 9.5], "texture": "#0"}
			}
		},
		{
			"from": [7, 10, 7],
			"to": [9, 12, 9],
			"rotation": {"angle": 0, "axis": "y", "origin": [8, -1, 8]},
			"faces": {
				"north": {"uv": [3.5, 5.5, 4.5, 6.5], "texture": "#0"},
				"east": {"uv": [3.5, 5.5, 4.5, 6.5], "texture": "#0"},
				"south": {"uv": [3.5, 5.5, 4.5, 6.5], "texture": "#0"},
				"west": {"uv": [3.5, 5.5, 4.5, 6.5], "texture": "#0"},
				"up": {"uv": [3.5, 4.25, 4.5, 5.25], "rotation": 180, "texture": "#0"},
				"down": {"uv": [3.5, 6.75, 4.5, 7.75], "rotation": 180, "texture": "#0"}
			}
		},
		{
			"from": [5.5, 8.54594, -3.01041],
			"to": [10.5, 10.54594, -2.51041],
			"rotation": {"angle": 45, "axis": "x", "origin": [8, -1, 8]},
			"faces": {
				"north": {"uv": [2.75, 3, 5.25, 4], "texture": "#0"},
				"east": {"uv": [5, 3, 5.25, 4], "texture": "#0"},
				"south": {"uv": [5.25, 3, 2.75, 4], "texture": "#0"},
				"west": {"uv": [2.75, 3, 3, 4], "texture": "#0"},
				"down": {"uv": [2.75, 3.75, 5.25, 4], "rotation": 180, "texture": "#0"}
			}
		},
		{
			"from": [5.5, 8.54594, -2.51041],
			"to": [6, 10.54594, 1.48959],
			"rotation": {"angle": 45, "axis": "x", "origin": [8, -1, 8]},
			"faces": {
				"east": {"uv": [5, 3, 3, 4], "texture": "#0"},
				"west": {"uv": [3, 3, 5, 4], "texture": "#0"},
				"down": {"uv": [3, 3.75, 5, 4], "rotation": 270, "texture": "#0"}
			}
		},
		{
			"from": [5.5, 10.54594, -3.01041],
			"to": [10.5, 11.04594, 1.98959],
			"rotation": {"angle": 45, "axis": "x", "origin": [8, -1, 8]},
			"faces": {
				"north": {"uv": [2.75, 2.75, 5.25, 3], "texture": "#0"},
				"east": {"uv": [2.75, 2.75, 5.25, 3], "texture": "#0"},
				"south": {"uv": [2.75, 2.75, 5.25, 3], "texture": "#0"},
				"west": {"uv": [2.75, 2.75, 5.25, 3], "texture": "#0"},
				"up": {"uv": [2.75, 0, 5.25, 2.5], "rotation": 180, "texture": "#0"},
				"down": {"uv": [2.75, 0, 5.25, 2.5], "rotation": 180, "texture": "#0"}
			}
		},
		{
			"from": [5.5, 8.54594, 1.48959],
			"to": [10.5, 10.54594, 1.98959],
			"rotation": {"angle": 45, "axis": "x", "origin": [8, -1, 8]},
			"faces": {
				"north": {"uv": [5.25, 3, 2.75, 4], "texture": "#0"},
				"east": {"uv": [2.75, 3, 3, 4], "texture": "#0"},
				"south": {"uv": [2.75, 3, 5.25, 4], "texture": "#0"},
				"west": {"uv": [5, 3, 5.25, 4], "texture": "#0"},
				"down": {"uv": [5.25, 3.75, 2.75, 4], "rotation": 180, "texture": "#0"}
			}
		},
		{
			"from": [10, 8.54594, -2.51041],
			"to": [10.5, 10.54594, 1.48959],
			"rotation": {"angle": 45, "axis": "x", "origin": [8, -1, 8]},
			"faces": {
				"east": {"uv": [3, 3, 5, 4], "texture": "#0"},
				"west": {"uv": [5, 3, 3, 4], "texture": "#0"},
				"down": {"uv": [5, 3.75, 3, 4], "rotation": 270, "texture": "#0"}
			}
		}
	],
	"display": {
		"thirdperson_righthand": {
			"rotation": [75, 45, 0],
			"translation": [0, 1.25, 0.75],
			"scale": [0.375, 0.375, 0.375]
		},
		"thirdperson_lefthand": {
			"rotation": [75, 45, 0],
			"translation": [0, 1.25, 0.75],
			"scale": [0.375, 0.375, 0.375]
		},
		"firstperson_righthand": {
			"rotation": [0, 45, 0],
			"translation": [0, 2.5, 0],
			"scale": [0.4, 0.4, 0.4]
		},
		"firstperson_lefthand": {
			"rotation": [0, 45, 0],
			"translation": [0, 2.5, 0],
			"scale": [0.4, 0.4, 0.4]
		},
		"ground": {
			"translation": [0, 3, 0],
			"scale": [0.3, 0.3, 0.3]
		},
		"gui": {
			"rotation": [30, 225, 0],
			"translation": [0, 0.5, 0],
			"scale": [0.8, 0.8, 0.8]
		},
		"head": {
			"translation": [0, 14.25, 0]
		},
		"fixed": {
			"rotation": [0, 90, 0],
			"translation": [0, 0, 0.5],
			"scale": [0.8, 0.8, 0.8]
		}
	}
}