{
	"credit": "Made with Blockbench",
	"parent": "block/rose_bush_top",
	"ambientocclusion": false,
	"textures": {
		"0": "block/rose_bush",
		"particle": "block/break/rose_bush_bottom"
	},
	"elements": [
		{
			"from": [0, 3, 2],
			"to": [8, 3, 14],
			"rotation": {"angle": 45, "axis": "z", "origin": [8, 3, 8]},
			"faces": {
				"up": {"uv": [6, 8, 0, 12], "rotation": 90, "texture": "#0"},
				"down": {"uv": [0, 8, 6, 12], "rotation": 90, "texture": "#0"}
			}
		},
		{
			"from": [0, 0, 8],
			"to": [16, 16, 8],
			"rotation": {"angle": -45, "axis": "y", "origin": [8, 0, 8]},
			"faces": {
				"north": {"uv": [8, 0, 16, 8], "texture": "#0"},
				"south": {"uv": [16, 0, 8, 8], "texture": "#0"}
			}
		},
		{
			"from": [8, 0, 0],
			"to": [8, 16, 16],
			"rotation": {"angle": -45, "axis": "y", "origin": [8, 0, 8]},
			"faces": {
				"east": {"uv": [8, 0, 16, 8], "texture": "#0"},
				"west": {"uv": [16, 0, 8, 8], "texture": "#0"}
			}
		},
		{
			"from": [2, 3, 0],
			"to": [14, 3, 8],
			"rotation": {"angle": -45, "axis": "x", "origin": [8, 3, 8]},
			"faces": {
				"up": {"uv": [0, 12, 6, 16], "rotation": 180, "texture": "#0"},
				"down": {"uv": [6, 12, 0, 16], "texture": "#0"}
			}
		},
		{
			"from": [2, 10, 0],
			"to": [14, 10, 8],
			"rotation": {"angle": -45, "axis": "x", "origin": [8, 10, 8]},
			"faces": {
				"up": {"uv": [0, 8, 6, 12], "rotation": 180, "texture": "#0"},
				"down": {"uv": [6, 8, 0, 12], "texture": "#0"}
			}
		},
		{
			"from": [2, 7, 8],
			"to": [14, 7, 16],
			"rotation": {"angle": 45, "axis": "x", "origin": [8, 7, 8]},
			"faces": {
				"up": {"uv": [0, 12, 6, 16], "texture": "#0"},
				"down": {"uv": [6, 16, 0, 12], "texture": "#0"}
			}
		},
		{
			"from": [8, 2, 2],
			"to": [8, 10, 14],
			"rotation": {"angle": -45, "axis": "z", "origin": [8, 10, 8]},
			"faces": {
				"east": {"uv": [6, 12, 0, 16], "texture": "#0"},
				"west": {"uv": [6, 12, 0, 16], "texture": "#0"}
			}
		},
		{
			"from": [8, -4, 2],
			"to": [8, 4, 14],
			"rotation": {"angle": 45, "axis": "z", "origin": [8, 4, 8]},
			"faces": {
				"east": {"uv": [6, 8, 0, 12], "texture": "#0"},
				"west": {"uv": [0, 8, 6, 12], "texture": "#0"}
			}
		},
		{
			"from": [8, 3, 2],
			"to": [8, 11, 14],
			"rotation": {"angle": 45, "axis": "z", "origin": [8, 11, 8]},
			"faces": {
				"east": {"uv": [0, 8, 6, 12], "texture": "#0"},
				"west": {"uv": [6, 8, 0, 12], "texture": "#0"}
			}
		},
		{
			"from": [7.13164, 12.16865, 7.75],
			"to": [10.63164, 8.66865, 11.25],
			"rotation": {"angle": 22.5, "axis": "x", "origin": [8.88164, 10.41865, 10.5]},
			"faces": {
				"north": {"uv": [3.5, 3, 5, 1.5], "texture": "#0"},
				"east": {"uv": [5.25, 3, 6.75, 1.5], "texture": "#0"},
				"south": {"uv": [3.5, 3, 5, 1.5], "texture": "#0"},
				"west": {"uv": [5.25, 3, 6.75, 1.5], "texture": "#0"},
				"up": {"uv": [1.75, 1.5, 3.25, 0], "rotation": 180, "texture": "#0"},
				"down": {"uv": [1.5, 1.5, 0, 3], "texture": "#0"}
			}
		},
		{
			"from": [7.13164, 8.66865, 7.75],
			"to": [10.63164, 12.16865, 11.25],
			"rotation": {"angle": 22.5, "axis": "x", "origin": [8.88164, 10.41865, 10.5]},
			"faces": {
				"north": {"uv": [3.5, 1.5, 5, 3], "texture": "#0"},
				"east": {"uv": [5.25, 1.5, 6.75, 3], "texture": "#0"},
				"south": {"uv": [3.5, 1.5, 5, 3], "texture": "#0"},
				"west": {"uv": [5.25, 1.5, 6.75, 3], "texture": "#0"},
				"up": {"uv": [0, 1.5, 1.5, 3], "rotation": 180, "texture": "#0"},
				"down": {"uv": [1.75, 0, 3.25, 1.5], "texture": "#0"}
			}
		},
		{
			"from": [7.38164, 8.91865, 8],
			"to": [10.38164, 11.91865, 11],
			"rotation": {"angle": 22.5, "axis": "x", "origin": [8.88164, 10.41865, 10.5]},
			"faces": {
				"north": {"uv": [3.5, 0, 5, 1.5], "texture": "#0"},
				"east": {"uv": [5.25, 0, 6.75, 1.5], "texture": "#0"},
				"south": {"uv": [3.5, 0, 5, 1.5], "texture": "#0"},
				"west": {"uv": [5.25, 0, 6.75, 1.5], "texture": "#0"},
				"up": {"uv": [0, 0, 1.5, 1.5], "rotation": 180, "texture": "#0"},
				"down": {"uv": [1.75, 0, 3.25, 1.5], "texture": "#0"}
			}
		},
		{
			"from": [1.63164, 8.41865, 7],
			"to": [4.63164, 5.41865, 10],
			"rotation": {"angle": 22.5, "axis": "z", "origin": [2.88164, 5.91865, 8.5]},
			"faces": {
				"north": {"uv": [4.5, 6.5, 5.75, 5.25], "texture": "#0"},
				"east": {"uv": [3, 6.5, 4.25, 5.25], "texture": "#0"},
				"south": {"uv": [4.5, 6.5, 5.75, 5.25], "texture": "#0"},
				"west": {"uv": [3, 6.5, 4.25, 5.25], "texture": "#0"},
				"up": {"uv": [1.5, 5.25, 2.75, 4], "rotation": 270, "texture": "#0"},
				"down": {"uv": [1.25, 5.25, 0, 6.5], "rotation": 270, "texture": "#0"}
			}
		},
		{
			"from": [1.63164, 5.41865, 7],
			"to": [4.63164, 8.41865, 10],
			"rotation": {"angle": 22.5, "axis": "z", "origin": [2.88164, 5.91865, 8.5]},
			"faces": {
				"north": {"uv": [4.5, 5.25, 5.75, 6.5], "texture": "#0"},
				"east": {"uv": [3, 5.25, 4.25, 6.5], "texture": "#0"},
				"south": {"uv": [4.5, 5.25, 5.75, 6.5], "texture": "#0"},
				"west": {"uv": [3, 5.25, 4.25, 6.5], "texture": "#0"},
				"up": {"uv": [0, 5.25, 1.25, 6.5], "rotation": 270, "texture": "#0"},
				"down": {"uv": [1.5, 4, 2.75, 5.25], "rotation": 270, "texture": "#0"}
			}
		},
		{
			"from": [1.88164, 5.66865, 7.25],
			"to": [4.38164, 8.16865, 9.75],
			"rotation": {"angle": 22.5, "axis": "z", "origin": [2.88164, 5.91865, 8.5]},
			"faces": {
				"north": {"uv": [4.5, 4, 5.75, 5.25], "texture": "#0"},
				"east": {"uv": [3, 4, 4.25, 5.25], "texture": "#0"},
				"south": {"uv": [4.5, 4, 5.75, 5.25], "texture": "#0"},
				"west": {"uv": [3, 4, 4.25, 5.25], "texture": "#0"},
				"up": {"uv": [0, 4, 1.25, 5.25], "rotation": 270, "texture": "#0"},
				"down": {"uv": [1.5, 4, 2.75, 5.25], "rotation": 270, "texture": "#0"}
			}
		},
		{
			"from": [4.88164, 8.16865, 6],
			"to": [7.88164, 11.16865, 3],
			"rotation": {"angle": 45, "axis": "x", "origin": [6.13164, 9.16865, 3.5]},
			"faces": {
				"north": {"uv": [1.5, 5.25, 2.75, 4], "rotation": 180, "texture": "#0"},
				"east": {"uv": [4.5, 6.5, 5.75, 5.25], "rotation": 90, "texture": "#0"},
				"south": {"uv": [1.25, 5.25, 0, 6.5], "rotation": 180, "texture": "#0"},
				"west": {"uv": [4.5, 6.5, 5.75, 5.25], "rotation": 270, "texture": "#0"},
				"up": {"uv": [3, 6.5, 4.25, 5.25], "texture": "#0"},
				"down": {"uv": [3, 6.5, 4.25, 5.25], "rotation": 180, "texture": "#0"}
			}
		},
		{
			"from": [4.88164, 8.16865, 3],
			"to": [7.88164, 11.16865, 6],
			"rotation": {"angle": 45, "axis": "x", "origin": [6.13164, 9.16865, 3.5]},
			"faces": {
				"north": {"uv": [0, 5.25, 1.25, 6.5], "rotation": 180, "texture": "#0"},
				"east": {"uv": [4.5, 5.25, 5.75, 6.5], "rotation": 90, "texture": "#0"},
				"south": {"uv": [1.5, 4, 2.75, 5.25], "rotation": 180, "texture": "#0"},
				"west": {"uv": [4.5, 5.25, 5.75, 6.5], "rotation": 270, "texture": "#0"},
				"up": {"uv": [3, 5.25, 4.25, 6.5], "texture": "#0"},
				"down": {"uv": [3, 5.25, 4.25, 6.5], "rotation": 180, "texture": "#0"}
			}
		},
		{
			"from": [5.13164, 8.41865, 3.25],
			"to": [7.63164, 10.91865, 5.75],
			"rotation": {"angle": 45, "axis": "x", "origin": [6.13164, 9.16865, 3.5]},
			"faces": {
				"north": {"uv": [0, 4, 1.25, 5.25], "rotation": 180, "texture": "#0"},
				"east": {"uv": [4.5, 4, 5.75, 5.25], "rotation": 90, "texture": "#0"},
				"south": {"uv": [1.5, 4, 2.75, 5.25], "rotation": 180, "texture": "#0"},
				"west": {"uv": [4.5, 4, 5.75, 5.25], "rotation": 270, "texture": "#0"},
				"up": {"uv": [3, 4, 4.25, 5.25], "texture": "#0"},
				"down": {"uv": [3, 4, 4.25, 5.25], "rotation": 180, "texture": "#0"}
			}
		},
		{
			"from": [5.88164, 2.16865, 3],
			"to": [8.88164, -0.83135, 6],
			"rotation": {"angle": -22.5, "axis": "x", "origin": [7.38164, 0.66865, 4.5]},
			"faces": {
				"north": {"uv": [3, 6.5, 4.25, 5.25], "texture": "#0"},
				"east": {"uv": [4.5, 6.5, 5.75, 5.25], "texture": "#0"},
				"south": {"uv": [3, 6.5, 4.25, 5.25], "texture": "#0"},
				"west": {"uv": [4.5, 6.5, 5.75, 5.25], "texture": "#0"},
				"up": {"uv": [1.5, 5.25, 2.75, 4], "texture": "#0"},
				"down": {"uv": [1.25, 5.25, 0, 6.5], "rotation": 180, "texture": "#0"}
			}
		},
		{
			"from": [5.88164, -0.83135, 3],
			"to": [8.88164, 2.16865, 6],
			"rotation": {"angle": -22.5, "axis": "x", "origin": [7.38164, 0.66865, 4.5]},
			"faces": {
				"north": {"uv": [3, 5.25, 4.25, 6.5], "texture": "#0"},
				"east": {"uv": [4.5, 5.25, 5.75, 6.5], "texture": "#0"},
				"south": {"uv": [3, 5.25, 4.25, 6.5], "texture": "#0"},
				"west": {"uv": [4.5, 5.25, 5.75, 6.5], "texture": "#0"},
				"up": {"uv": [0, 5.25, 1.25, 6.5], "texture": "#0"},
				"down": {"uv": [1.5, 4, 2.75, 5.25], "rotation": 180, "texture": "#0"}
			}
		},
		{
			"from": [6.13164, -0.58135, 3.25],
			"to": [8.63164, 1.91865, 5.75],
			"rotation": {"angle": -22.5, "axis": "x", "origin": [7.38164, 0.66865, 4.5]},
			"faces": {
				"north": {"uv": [3, 4, 4.25, 5.25], "texture": "#0"},
				"east": {"uv": [4.5, 4, 5.75, 5.25], "texture": "#0"},
				"south": {"uv": [3, 4, 4.25, 5.25], "texture": "#0"},
				"west": {"uv": [4.5, 4, 5.75, 5.25], "texture": "#0"},
				"up": {"uv": [0, 4, 1.25, 5.25], "texture": "#0"},
				"down": {"uv": [1.5, 4, 2.75, 5.25], "rotation": 180, "texture": "#0"}
			}
		},
		{
			"from": [5.13164, 3.66865, 13.5],
			"to": [8.13164, 6.66865, 10.5],
			"rotation": {"angle": 0, "axis": "x", "origin": [2.88164, 5.91865, 8.5]},
			"faces": {
				"north": {"uv": [1.25, 5.25, 0, 6.5], "rotation": 90, "texture": "#0"},
				"east": {"uv": [3, 6.5, 4.25, 5.25], "rotation": 270, "texture": "#0"},
				"south": {"uv": [1.5, 5.25, 2.75, 4], "rotation": 270, "texture": "#0"},
				"west": {"uv": [3, 6.5, 4.25, 5.25], "rotation": 90, "texture": "#0"},
				"up": {"uv": [4.5, 6.5, 5.75, 5.25], "rotation": 180, "texture": "#0"},
				"down": {"uv": [4.5, 6.5, 5.75, 5.25], "texture": "#0"}
			}
		},
		{
			"from": [5.13164, 3.66865, 10.5],
			"to": [8.13164, 6.66865, 13.5],
			"rotation": {"angle": 0, "axis": "x", "origin": [2.88164, 5.91865, 8.5]},
			"faces": {
				"north": {"uv": [1.5, 4, 2.75, 5.25], "rotation": 90, "texture": "#0"},
				"east": {"uv": [3, 5.25, 4.25, 6.5], "rotation": 270, "texture": "#0"},
				"south": {"uv": [0, 5.25, 1.25, 6.5], "rotation": 270, "texture": "#0"},
				"west": {"uv": [3, 5.25, 4.25, 6.5], "rotation": 90, "texture": "#0"},
				"up": {"uv": [4.5, 5.25, 5.75, 6.5], "rotation": 180, "texture": "#0"},
				"down": {"uv": [4.5, 5.25, 5.75, 6.5], "texture": "#0"}
			}
		},
		{
			"from": [5.38164, 3.91865, 10.75],
			"to": [7.88164, 6.41865, 13.25],
			"rotation": {"angle": 0, "axis": "x", "origin": [2.88164, 5.91865, 8.5]},
			"faces": {
				"north": {"uv": [1.5, 4, 2.75, 5.25], "rotation": 90, "texture": "#0"},
				"east": {"uv": [3, 4, 4.25, 5.25], "rotation": 270, "texture": "#0"},
				"south": {"uv": [0, 4, 1.25, 5.25], "rotation": 270, "texture": "#0"},
				"west": {"uv": [3, 4, 4.25, 5.25], "rotation": 90, "texture": "#0"},
				"up": {"uv": [4.5, 4, 5.75, 5.25], "rotation": 180, "texture": "#0"},
				"down": {"uv": [4.5, 4, 5.75, 5.25], "texture": "#0"}
			}
		},
		{
			"from": [14.38164, 6.16865, 9.25],
			"to": [11.38164, 9.16865, 12.25],
			"rotation": {"angle": 22.5, "axis": "z", "origin": [13.63164, 7.66865, 10.75]},
			"faces": {
				"north": {"uv": [3, 6.5, 4.25, 5.25], "rotation": 270, "texture": "#0"},
				"east": {"uv": [1.5, 5.25, 2.75, 4], "rotation": 270, "texture": "#0"},
				"south": {"uv": [3, 6.5, 4.25, 5.25], "rotation": 90, "texture": "#0"},
				"west": {"uv": [1.25, 5.25, 0, 6.5], "rotation": 90, "texture": "#0"},
				"up": {"uv": [4.5, 6.5, 5.75, 5.25], "rotation": 90, "texture": "#0"},
				"down": {"uv": [4.5, 6.5, 5.75, 5.25], "rotation": 90, "texture": "#0"}
			}
		},
		{
			"from": [11.38164, 6.16865, 9.25],
			"to": [14.38164, 9.16865, 12.25],
			"rotation": {"angle": 22.5, "axis": "z", "origin": [13.63164, 7.66865, 10.75]},
			"faces": {
				"north": {"uv": [3, 5.25, 4.25, 6.5], "rotation": 270, "texture": "#0"},
				"east": {"uv": [0, 5.25, 1.25, 6.5], "rotation": 270, "texture": "#0"},
				"south": {"uv": [3, 5.25, 4.25, 6.5], "rotation": 90, "texture": "#0"},
				"west": {"uv": [1.5, 4, 2.75, 5.25], "rotation": 90, "texture": "#0"},
				"up": {"uv": [4.5, 5.25, 5.75, 6.5], "rotation": 90, "texture": "#0"},
				"down": {"uv": [4.5, 5.25, 5.75, 6.5], "rotation": 90, "texture": "#0"}
			}
		},
		{
			"from": [11.63164, 6.41865, 9.5],
			"to": [14.13164, 8.91865, 12],
			"rotation": {"angle": 22.5, "axis": "z", "origin": [13.63164, 7.66865, 10.75]},
			"faces": {
				"north": {"uv": [3, 4, 4.25, 5.25], "rotation": 270, "texture": "#0"},
				"east": {"uv": [0, 4, 1.25, 5.25], "rotation": 270, "texture": "#0"},
				"south": {"uv": [3, 4, 4.25, 5.25], "rotation": 90, "texture": "#0"},
				"west": {"uv": [1.5, 4, 2.75, 5.25], "rotation": 90, "texture": "#0"},
				"up": {"uv": [4.5, 4, 5.75, 5.25], "rotation": 90, "texture": "#0"},
				"down": {"uv": [4.5, 4, 5.75, 5.25], "rotation": 90, "texture": "#0"}
			}
		},
		{
			"from": [12.68873, 2.88164, 5],
			"to": [9.68873, 5.88164, 8],
			"rotation": {"angle": 45, "axis": "z", "origin": [10.93873, 4.38164, 6.5]},
			"faces": {
				"north": {"uv": [3, 6.5, 4.25, 5.25], "rotation": 270, "texture": "#0"},
				"east": {"uv": [1.5, 5.25, 2.75, 4], "rotation": 270, "texture": "#0"},
				"south": {"uv": [3, 6.5, 4.25, 5.25], "rotation": 90, "texture": "#0"},
				"west": {"uv": [1.25, 5.25, 0, 6.5], "rotation": 90, "texture": "#0"},
				"up": {"uv": [4.5, 6.5, 5.75, 5.25], "rotation": 90, "texture": "#0"},
				"down": {"uv": [4.5, 6.5, 5.75, 5.25], "rotation": 90, "texture": "#0"}
			}
		},
		{
			"from": [9.68873, 2.88164, 5],
			"to": [12.68873, 5.88164, 8],
			"rotation": {"angle": 45, "axis": "z", "origin": [10.93873, 4.38164, 6.5]},
			"faces": {
				"north": {"uv": [3, 5.25, 4.25, 6.5], "rotation": 270, "texture": "#0"},
				"east": {"uv": [0, 5.25, 1.25, 6.5], "rotation": 270, "texture": "#0"},
				"south": {"uv": [3, 5.25, 4.25, 6.5], "rotation": 90, "texture": "#0"},
				"west": {"uv": [1.5, 4, 2.75, 5.25], "rotation": 90, "texture": "#0"},
				"up": {"uv": [4.5, 5.25, 5.75, 6.5], "rotation": 90, "texture": "#0"},
				"down": {"uv": [4.5, 5.25, 5.75, 6.5], "rotation": 90, "texture": "#0"}
			}
		},
		{
			"from": [9.93873, 3.13164, 5.25],
			"to": [12.43873, 5.63164, 7.75],
			"rotation": {"angle": 45, "axis": "z", "origin": [10.93873, 4.38164, 6.5]},
			"faces": {
				"north": {"uv": [3, 4, 4.25, 5.25], "rotation": 270, "texture": "#0"},
				"east": {"uv": [0, 4, 1.25, 5.25], "rotation": 270, "texture": "#0"},
				"south": {"uv": [3, 4, 4.25, 5.25], "rotation": 90, "texture": "#0"},
				"west": {"uv": [1.5, 4, 2.75, 5.25], "rotation": 90, "texture": "#0"},
				"up": {"uv": [4.5, 4, 5.75, 5.25], "rotation": 90, "texture": "#0"},
				"down": {"uv": [4.5, 4, 5.75, 5.25], "rotation": 90, "texture": "#0"}
			}
		}
	],
	"display": {
		"thirdperson_righthand": {
			"rotation": [75, 45, 0],
			"translation": [0, 2.5, 0],
			"scale": [0.375, 0.375, 0.375]
		},
		"thirdperson_lefthand": {
			"rotation": [75, 45, 0],
			"translation": [0, 2.5, 0],
			"scale": [0.375, 0.375, 0.375]
		},
		"firstperson_righthand": {
			"rotation": [0, 45, 0],
			"scale": [0.4, 0.4, 0.4]
		},
		"firstperson_lefthand": {
			"rotation": [0, 225, 0],
			"scale": [0.4, 0.4, 0.4]
		},
		"ground": {
			"translation": [0, 3, 0],
			"scale": [0.25, 0.25, 0.25]
		},
		"gui": {
			"rotation": [30, 225, 0],
			"translation": [0, 0.5, 0],
			"scale": [0.625, 0.625, 0.625]
		},
		"fixed": {
			"scale": [0.5, 0.5, 0.5]
		}
	},
	"groups": [
		0,
		1,
		2,
		3,
		4,
		5,
		6,
		7,
		8,
		{
			"name": "group",
			"origin": [8, 16, 8],
			"color": 0,
			"nbt": "{}",
			"children": [
				{
					"name": "group",
					"origin": [5, 12, 7],
					"color": 0,
					"nbt": "{}",
					"children": [9, 10, 11]
				},
				{
					"name": "group",
					"origin": [5, 12, 7],
					"color": 0,
					"nbt": "{}",
					"children": [12, 13, 14]
				},
				{
					"name": "group",
					"origin": [5, 12, 7],
					"color": 0,
					"nbt": "{}",
					"children": [15, 16, 17]
				},
				{
					"name": "group",
					"origin": [5, 12, 7],
					"color": 0,
					"nbt": "{}",
					"children": [18, 19, 20]
				},
				{
					"name": "group",
					"origin": [5, 12, 7],
					"color": 0,
					"nbt": "{}",
					"children": [21, 22, 23]
				},
				{
					"name": "group",
					"origin": [5, 12, 7],
					"color": 0,
					"nbt": "{}",
					"children": [24, 25, 26]
				},
				{
					"name": "group",
					"origin": [5, 12, 7],
					"color": 0,
					"nbt": "{}",
					"children": [27, 28, 29]
				}
			]
		}
	]
}