{
	"credit": "Made with Blockbench",
	"parent": "block/sunflower_top",
	"ambientocclusion": false,
	"textures": {
		"cross": "block/sunflower",
		"particle": "block/break/sunflower_top"
	},
	"elements": [
		{
			"from": [4, 0, 8],
			"to": [11.5, 14, 8],
			"rotation": {"angle": 0, "axis": "y", "origin": [8, -2, 8]},
			"faces": {
				"north": {"uv": [11.5, 1, 7.25, 8], "texture": "#cross"},
				"south": {"uv": [7.25, 1, 11.5, 8], "texture": "#cross"}
			}
		},
		{
			"from": [7.5, 0, 4],
			"to": [7.5, 14, 12.5],
			"rotation": {"angle": 0, "axis": "y", "origin": [8, -2, 8]},
			"faces": {
				"east": {"uv": [16, 1, 11.75, 8], "texture": "#cross"},
				"west": {"uv": [11.75, 1, 16, 8], "texture": "#cross"}
			}
		},
		{
			"from": [8.9, 6, 5],
			"to": [9.9, 12, 11],
			"rotation": {"angle": 0, "axis": "y", "origin": [8.4, -2, 8]},
			"faces": {
				"north": {"uv": [3, 0.25, 3.5, 3.25], "texture": "#cross"},
				"east": {"uv": [3.25, 0.25, 0.25, 3.25], "texture": "#cross"},
				"south": {"uv": [0, 0.25, 0.5, 3.25], "texture": "#cross"},
				"west": {"uv": [3.25, 0.25, 6.25, 3.25], "texture": "#cross"},
				"up": {"uv": [0.25, 0.5, 3.25, 0], "rotation": 90, "texture": "#cross"},
				"down": {"uv": [3.25, 3, 0.25, 3.5], "rotation": 90, "texture": "#cross"}
			}
		},
		{
			"from": [9.4, 4, 3],
			"to": [9.4, 14, 13],
			"rotation": {"angle": 0, "axis": "y", "origin": [8.4, -2, 8]},
			"faces": {
				"east": {"uv": [5, 3.5, 0, 8.5], "texture": "#cross"},
				"west": {"uv": [0, 3.5, 5, 8.5], "texture": "#cross"}
			}
		},
		{
			"from": [4.9, 9.5, 4],
			"to": [8.9, 9.5, 8],
			"rotation": {"angle": -22.5, "axis": "x", "origin": [7.4, 9.5, 8]},
			"faces": {
				"up": {"uv": [2, 12.75, 0, 14.75], "rotation": 270, "texture": "#cross"},
				"down": {"uv": [0, 12.75, 2, 14.75], "rotation": 270, "texture": "#cross"}
			}
		},
		{
			"from": [4.9, 9.5, 8],
			"to": [8.9, 9.5, 12],
			"rotation": {"angle": 22.5, "axis": "x", "origin": [7.4, 9.5, 8]},
			"faces": {
				"up": {"uv": [4.25, 12.5, 2.25, 14.5], "rotation": 270, "texture": "#cross"},
				"down": {"uv": [2.25, 12.5, 4.25, 14.5], "rotation": 270, "texture": "#cross"}
			}
		},
		{
			"from": [8.25195, 4, 10.77164],
			"to": [8.25195, 14, 14.77164],
			"rotation": {"angle": 22.5, "axis": "y", "origin": [9.4, 9, 8]},
			"faces": {
				"east": {"uv": [5, 8.5, 0, 10.5], "rotation": 270, "texture": "#cross"},
				"west": {"uv": [0, 8.5, 5, 10.5], "rotation": 90, "texture": "#cross"}
			}
		},
		{
			"from": [8.25195, 2.22836, 3],
			"to": [8.25195, 6.22836, 13],
			"rotation": {"angle": 22.5, "axis": "z", "origin": [9.4, 9, 8]},
			"faces": {
				"east": {"uv": [5, 8.5, 0, 10.5], "rotation": 180, "texture": "#cross"},
				"west": {"uv": [0, 8.5, 5, 10.5], "rotation": 180, "texture": "#cross"}
			}
		},
		{
			"from": [8.25195, 4, 1.22836],
			"to": [8.25195, 14, 5.22836],
			"rotation": {"angle": -22.5, "axis": "y", "origin": [9.4, 9, 8]},
			"faces": {
				"east": {"uv": [5, 8.5, 0, 10.5], "rotation": 90, "texture": "#cross"},
				"west": {"uv": [0, 8.5, 5, 10.5], "rotation": 270, "texture": "#cross"}
			}
		},
		{
			"from": [8.25195, 11.77164, 3],
			"to": [8.25195, 15.77164, 13],
			"rotation": {"angle": -22.5, "axis": "z", "origin": [9.4, 9, 8]},
			"faces": {
				"east": {"uv": [5, 8.5, 0, 10.5], "texture": "#cross"},
				"west": {"uv": [0, 8.5, 5, 10.5], "texture": "#cross"}
			}
		},
		{
			"from": [7.27868, 11.12132, 3],
			"to": [7.27868, 15.12132, 13],
			"rotation": {"angle": -45, "axis": "z", "origin": [9.4, 9, 8]},
			"faces": {
				"east": {"uv": [5, 10.5, 0, 12.5], "texture": "#cross"},
				"west": {"uv": [0, 10.5, 5, 12.5], "texture": "#cross"}
			}
		},
		{
			"from": [7.27868, 4, 10.12132],
			"to": [7.27868, 14, 14.12132],
			"rotation": {"angle": 45, "axis": "y", "origin": [9.4, 9, 8]},
			"faces": {
				"east": {"uv": [5, 10.5, 0, 12.5], "rotation": 270, "texture": "#cross"},
				"west": {"uv": [0, 10.5, 5, 12.5], "rotation": 90, "texture": "#cross"}
			}
		},
		{
			"from": [7.27868, 4, 1.87868],
			"to": [7.27868, 14, 5.87868],
			"rotation": {"angle": -45, "axis": "y", "origin": [9.4, 9, 8]},
			"faces": {
				"east": {"uv": [5, 10.5, 0, 12.5], "rotation": 90, "texture": "#cross"},
				"west": {"uv": [0, 10.5, 5, 12.5], "rotation": 270, "texture": "#cross"}
			}
		},
		{
			"from": [7.27868, 2.87868, 3],
			"to": [7.27868, 6.87868, 13],
			"rotation": {"angle": 45, "axis": "z", "origin": [9.4, 9, 8]},
			"faces": {
				"east": {"uv": [5, 10.5, 0, 12.5], "rotation": 180, "texture": "#cross"},
				"west": {"uv": [0, 10.5, 5, 12.5], "rotation": 180, "texture": "#cross"}
			}
		}
	],
	"display": {
		"thirdperson_righthand": {
			"rotation": [75, 45, 0],
			"translation": [0, 0.5, 0],
			"scale": [0.375, 0.375, 0.375]
		},
		"thirdperson_lefthand": {
			"rotation": [75, 45, 0],
			"translation": [0, 0.5, 0],
			"scale": [0.375, 0.375, 0.375]
		},
		"firstperson_righthand": {
			"rotation": [0, 45, 0],
			"translation": [0, 1.75, 0],
			"scale": [0.4, 0.4, 0.4]
		},
		"firstperson_lefthand": {
			"rotation": [0, 45, 0],
			"translation": [0, 1.75, 0],
			"scale": [0.4, 0.4, 0.4]
		},
		"ground": {
			"translation": [0, 3, 0],
			"scale": [0.25, 0.25, 0.25]
		},
		"gui": {
			"rotation": [30, 225, 0],
			"scale": [0.625, 0.625, 0.625]
		},
		"head": {
			"rotation": [0, 90, 0],
			"translation": [0, 14.5, 0]
		},
		"fixed": {
			"rotation": [0, 90, 0],
			"scale": [0.5, 0.5, 0.5]
		}
	},
	"groups": [
		{
			"name": "sunflower",
			"origin": [8, 8, 8],
			"color": 0,
			"nbt": "{}",
			"children": [0, 1, 2, 3, 4, 5, 6, 7, 8, 9, 10, 11, 12, 13]
		}
	]
}