{
	"credit": "Made with Blockbench",
	"parent": "item/bowl",
	"textures": {
		"2": "item/bowl",
		"3": "item/suspicious_stew",
		"4": "item/suspicious_stew/night_vision",
		"particle": "item/suspicious_stew"
	},
	"elements": [
		{
			"from": [4.5, 0.5, 4.5],
			"to": [11.5, 2.5, 11.5],
			"faces": {
				"up": {"uv": [0, 0, 14, 14], "texture": "#3"}
			}
		},
		{
			"from": [4, 3.1, 4],
			"to": [12, 3.1, 12],
			"rotation": {"angle": 0, "axis": "x", "origin": [8, 0, 8]},
			"faces": {
				"up": {"uv": [0, 0, 16, 16], "rotation": 180, "texture": "#4"},
				"down": {"uv": [16, 0, 0, 16], "texture": "#4"}
			}
		},
		{
			"from": [4, 0, 4],
			"to": [12, 0.5, 12],
			"rotation": {"angle": 0, "axis": "y", "origin": [8, 1.45, 8]},
			"faces": {
				"north": {"uv": [8, 2.5, 16, 3], "texture": "#2"},
				"east": {"uv": [8, 5.5, 16, 6], "texture": "#2"},
				"south": {"uv": [0, 7.5, 8, 8], "texture": "#2"},
				"west": {"uv": [8, 5.5, 16, 6], "texture": "#2"},
				"up": {"uv": [0, 0, 8, 8], "texture": "#2"},
				"down": {"uv": [0, 8, 8, 16], "texture": "#2"}
			}
		},
		{
			"from": [4, 0.5, 11.5],
			"to": [12, 3, 12],
			"rotation": {"angle": 0, "axis": "y", "origin": [8, 1.45, 8]},
			"faces": {
				"north": {"uv": [8, 6, 16, 8.5], "texture": "#2"},
				"east": {"uv": [8, 3, 8.5, 5.5], "texture": "#2"},
				"south": {"uv": [8, 0, 16, 2.5], "texture": "#2"},
				"west": {"uv": [15.5, 3, 16, 5.5], "texture": "#2"},
				"up": {"uv": [0, 0, 8, 0.5], "texture": "#2"}
			}
		},
		{
			"from": [11.5, 0.5, 4.5],
			"to": [12, 3, 11.5],
			"rotation": {"angle": 0, "axis": "y", "origin": [8, 1.45, 8]},
			"faces": {
				"east": {"uv": [8.5, 3, 15.5, 5.5], "texture": "#2"},
				"west": {"uv": [15.5, 8.5, 8.5, 11], "texture": "#2"},
				"up": {"uv": [0, 0.5, 0.5, 7.5], "texture": "#2"}
			}
		},
		{
			"from": [4, 0.5, 4.5],
			"to": [4.5, 3, 11.5],
			"rotation": {"angle": 0, "axis": "y", "origin": [8, 1.45, 8]},
			"faces": {
				"east": {"uv": [15.5, 8.5, 8.5, 11], "texture": "#2"},
				"west": {"uv": [15.5, 3, 8.5, 5.5], "texture": "#2"},
				"up": {"uv": [6.5, 7.5, 7, 0.5], "texture": "#2"}
			}
		},
		{
			"from": [4, 0.5, 4],
			"to": [12, 3, 4.5],
			"rotation": {"angle": 0, "axis": "y", "origin": [8, 1.45, 8]},
			"faces": {
				"north": {"uv": [16, 0, 8, 2.5], "texture": "#2"},
				"east": {"uv": [16, 3, 15.5, 5.5], "texture": "#2"},
				"south": {"uv": [16, 6, 8, 8.5], "texture": "#2"},
				"west": {"uv": [8.5, 3, 8, 5.5], "texture": "#2"},
				"up": {"uv": [0, 8, 8, 7.5], "texture": "#2"}
			}
		}
	],
	"display": {
		"thirdperson_righthand": {
			"rotation": [75, 45, 0],
			"translation": [0, 2.5, 3.5],
			"scale": [0.5, 0.5, 0.5]
		},
		"thirdperson_lefthand": {
			"rotation": [75, 45, 0],
			"translation": [0, 2.5, 3.5],
			"scale": [0.5, 0.5, 0.5]
		},
		"firstperson_righthand": {
			"rotation": [0, 45, 0],
			"translation": [0, 4.25, 0],
			"scale": [0.6, 0.6, 0.6]
		},
		"firstperson_lefthand": {
			"rotation": [0, 45, 0],
			"translation": [0, 4.25, 0],
			"scale": [0.6, 0.6, 0.6]
		},
		"ground": {
			"translation": [0, 3, 0],
			"scale": [0.5, 0.5, 0.5]
		},
		"gui": {
			"rotation": [30, 225, 0],
			"translation": [0, 2.5, 0]
		},
		"head": {
			"translation": [0, 9.25, 0]
		},
		"fixed": {
			"translation": [0, 6.5, 0]
		}
	},
	"groups": [
		0,
		1,
		{
			"name": "bowl",
			"origin": [8, 8, 8],
			"color": 0,
			"nbt": "{}",
			"children": [2, 3, 4, 5, 6]
		}
	]
}