{
	"credit": "Made with Blockbench",
	"parent": "block/block",
	"ambientocclusion": false,
	"textures": {
		"2": "block/sweet_berry_plant",
		"3": "block/sweet_berry_bush_bottom",
		"4": "block/sweet_berry_bush_top",
		"5": "block/sweet_berry_bush",
		"6": "block/sweet_berry_bush_berries",
		"particle": "block/break/sweet_berry_bush_stage3"
	},
	"elements": [
		{
			"from": [2.5, 2.5, 2.5],
			"to": [13.5, 13.5, 13.5],
			"faces": {
				"north": {"uv": [2.5, 2.5, 13.5, 13.5], "texture": "#5"},
				"east": {"uv": [2.5, 2.5, 13.5, 13.5], "texture": "#5"},
				"south": {"uv": [2.5, 2.5, 13.5, 13.5], "texture": "#5"},
				"west": {"uv": [2.5, 2.5, 13.5, 13.5], "texture": "#5"},
				"up": {"uv": [2.5, 2.5, 13.5, 13.5], "texture": "#4"},
				"down": {"uv": [2.5, 2.5, 13.5, 13.5], "texture": "#3"}
			}
		},
		{
			"from": [13.5, 2.5, 2.5],
			"to": [2.5, 13.5, 13.5],
			"faces": {
				"north": {"uv": [13.5, 2.5, 2.5, 13.5], "texture": "#5"},
				"east": {"uv": [13.5, 2.5, 2.5, 13.5], "texture": "#5"},
				"south": {"uv": [13.5, 2.5, 2.5, 13.5], "texture": "#5"},
				"west": {"uv": [13.5, 2.5, 2.5, 13.5], "texture": "#5"},
				"up": {"uv": [13.5, 2.5, 2.5, 13.5], "texture": "#4"},
				"down": {"uv": [13.5, 2.5, 2.5, 13.5], "texture": "#3"}
			}
		},
		{
			"from": [0, 0, 8],
			"to": [16, 5.5, 8],
			"rotation": {"angle": -45, "axis": "y", "origin": [8, 2.75, 8]},
			"faces": {
				"north": {"uv": [0, 10.5, 16, 16], "texture": "#2"},
				"south": {"uv": [0, 10.5, 16, 16], "texture": "#2"}
			}
		},
		{
			"from": [8, 0, 0],
			"to": [8, 5.5, 16],
			"rotation": {"angle": -45, "axis": "y", "origin": [8, 2.75, 8]},
			"faces": {
				"east": {"uv": [0, 10.5, 16, 16], "texture": "#2"},
				"west": {"uv": [0, 10.5, 16, 16], "texture": "#2"}
			}
		},
		{
			"name": "Berry",
			"from": [12.5, 6, 4],
			"to": [14.5, 8, 6],
			"rotation": {"angle": 0, "axis": "y", "origin": [13, 5, 10]},
			"faces": {
				"north": {"uv": [2, 2, 4, 4], "texture": "#6"},
				"east": {"uv": [2, 2, 4, 4], "texture": "#6"},
				"south": {"uv": [2, 2, 4, 4], "texture": "#6"},
				"west": {"uv": [2, 2, 4, 4], "texture": "#6"},
				"up": {"uv": [2, 0, 4, 2], "texture": "#6"},
				"down": {"uv": [2, 4, 4, 6], "texture": "#6"}
			}
		},
		{
			"name": "Berry",
			"from": [12.5, 10, 8],
			"to": [14.5, 12, 10],
			"rotation": {"angle": 0, "axis": "y", "origin": [13, 10, 9]},
			"faces": {
				"north": {"uv": [0, 2, 2, 4], "texture": "#6"},
				"east": {"uv": [0, 2, 2, 4], "texture": "#6"},
				"south": {"uv": [0, 2, 2, 4], "texture": "#6"},
				"west": {"uv": [0, 2, 2, 4], "texture": "#6"},
				"up": {"uv": [0, 0, 2, 2], "texture": "#6"},
				"down": {"uv": [0, 4, 2, 6], "texture": "#6"}
			}
		},
		{
			"name": "Berry",
			"from": [12.5, 4, 10],
			"to": [14.5, 6, 12],
			"rotation": {"angle": 0, "axis": "y", "origin": [13, 7, 5]},
			"faces": {
				"north": {"uv": [4, 2, 6, 4], "texture": "#6"},
				"east": {"uv": [4, 2, 6, 4], "texture": "#6"},
				"south": {"uv": [4, 2, 6, 4], "texture": "#6"},
				"west": {"uv": [4, 2, 6, 4], "texture": "#6"},
				"up": {"uv": [4, 0, 6, 2], "texture": "#6"},
				"down": {"uv": [4, 4, 6, 6], "texture": "#6"}
			}
		},
		{
			"name": "Berry",
			"from": [1.5, 9, 5],
			"to": [3.5, 11, 7],
			"rotation": {"angle": 0, "axis": "y", "origin": [3, 10, 7]},
			"faces": {
				"north": {"uv": [0, 2, 2, 4], "texture": "#6"},
				"east": {"uv": [0, 2, 2, 4], "texture": "#6"},
				"south": {"uv": [0, 2, 2, 4], "texture": "#6"},
				"west": {"uv": [0, 2, 2, 4], "texture": "#6"},
				"up": {"uv": [0, 0, 2, 2], "texture": "#6"},
				"down": {"uv": [0, 4, 2, 6], "texture": "#6"}
			}
		},
		{
			"name": "Berry",
			"from": [3.5, 12.5, 8],
			"to": [5.5, 14.5, 10],
			"rotation": {"angle": 0, "axis": "y", "origin": [3, 10, 7]},
			"faces": {
				"north": {"uv": [4, 2, 6, 4], "texture": "#6"},
				"east": {"uv": [4, 2, 6, 4], "texture": "#6"},
				"south": {"uv": [4, 2, 6, 4], "texture": "#6"},
				"west": {"uv": [4, 2, 6, 4], "texture": "#6"},
				"up": {"uv": [4, 0, 6, 2], "texture": "#6"},
				"down": {"uv": [4, 4, 6, 6], "texture": "#6"}
			}
		},
		{
			"name": "Berry",
			"from": [10, 12.5, 4],
			"to": [12, 14.5, 6],
			"rotation": {"angle": 0, "axis": "y", "origin": [3, 10, 7]},
			"faces": {
				"north": {"uv": [4, 2, 6, 4], "texture": "#6"},
				"east": {"uv": [4, 2, 6, 4], "texture": "#6"},
				"south": {"uv": [4, 2, 6, 4], "texture": "#6"},
				"west": {"uv": [4, 2, 6, 4], "texture": "#6"},
				"up": {"uv": [4, 0, 6, 2], "texture": "#6"},
				"down": {"uv": [4, 4, 6, 6], "texture": "#6"}
			}
		},
		{
			"name": "Berry",
			"from": [9, 12.5, 10],
			"to": [11, 14.5, 12],
			"rotation": {"angle": 0, "axis": "y", "origin": [3, 10, 7]},
			"faces": {
				"north": {"uv": [4, 2, 6, 4], "texture": "#6"},
				"east": {"uv": [4, 2, 6, 4], "texture": "#6"},
				"south": {"uv": [4, 2, 6, 4], "texture": "#6"},
				"west": {"uv": [4, 2, 6, 4], "texture": "#6"},
				"up": {"uv": [4, 0, 6, 2], "texture": "#6"},
				"down": {"uv": [4, 4, 6, 6], "texture": "#6"}
			}
		},
		{
			"name": "Berry",
			"from": [4, 7, 12.5],
			"to": [6, 9, 14.5],
			"rotation": {"angle": 0, "axis": "y", "origin": [6, 8, 13]},
			"faces": {
				"north": {"uv": [2, 2, 4, 4], "texture": "#6"},
				"east": {"uv": [2, 2, 4, 4], "texture": "#6"},
				"south": {"uv": [2, 2, 4, 4], "texture": "#6"},
				"west": {"uv": [2, 2, 4, 4], "texture": "#6"},
				"up": {"uv": [2, 0, 4, 2], "texture": "#6"},
				"down": {"uv": [2, 4, 4, 6], "texture": "#6"}
			}
		},
		{
			"name": "Berry",
			"from": [9, 3, 1.5],
			"to": [11, 5, 3.5],
			"rotation": {"angle": 0, "axis": "y", "origin": [10, 5, 3]},
			"faces": {
				"north": {"uv": [0, 2, 2, 4], "texture": "#6"},
				"east": {"uv": [0, 2, 2, 4], "texture": "#6"},
				"south": {"uv": [0, 2, 2, 4], "texture": "#6"},
				"west": {"uv": [0, 2, 2, 4], "texture": "#6"},
				"up": {"uv": [0, 0, 2, 2], "texture": "#6"},
				"down": {"uv": [0, 4, 2, 6], "texture": "#6"}
			}
		},
		{
			"name": "Berry",
			"from": [7, 11, 1.5],
			"to": [9, 13, 3.5],
			"rotation": {"angle": 0, "axis": "y", "origin": [8, 10, 3]},
			"faces": {
				"north": {"uv": [0, 2, 2, 4], "texture": "#6"},
				"east": {"uv": [0, 2, 2, 4], "texture": "#6"},
				"south": {"uv": [0, 2, 2, 4], "texture": "#6"},
				"west": {"uv": [0, 2, 2, 4], "texture": "#6"},
				"up": {"uv": [0, 0, 2, 2], "texture": "#6"},
				"down": {"uv": [0, 4, 2, 6], "texture": "#6"}
			}
		},
		{
			"name": "Berry",
			"from": [1.5, 6, 9],
			"to": [3.5, 8, 11],
			"rotation": {"angle": 0, "axis": "y", "origin": [3, 6, 10]},
			"faces": {
				"north": {"uv": [2, 2, 4, 4], "texture": "#6"},
				"east": {"uv": [2, 2, 4, 4], "texture": "#6"},
				"south": {"uv": [2, 2, 4, 4], "texture": "#6"},
				"west": {"uv": [2, 2, 4, 4], "texture": "#6"},
				"up": {"uv": [2, 0, 4, 2], "texture": "#6"},
				"down": {"uv": [2, 4, 4, 6], "texture": "#6"}
			}
		},
		{
			"name": "Berry",
			"from": [8, 3.5, 12],
			"to": [10, 5.5, 14],
			"rotation": {"angle": 0, "axis": "y", "origin": [9, 3, 13]},
			"faces": {
				"north": {"uv": [0, 2, 2, 4], "texture": "#6"},
				"east": {"uv": [0, 2, 2, 4], "texture": "#6"},
				"south": {"uv": [0, 2, 2, 4], "texture": "#6"},
				"west": {"uv": [0, 2, 2, 4], "texture": "#6"},
				"up": {"uv": [0, 0, 2, 2], "texture": "#6"},
				"down": {"uv": [0, 4, 2, 6], "texture": "#6"}
			}
		},
		{
			"name": "Berry",
			"from": [4, 5, 1.5],
			"to": [6, 7, 3.5],
			"rotation": {"angle": 0, "axis": "y", "origin": [6, 6, 3]},
			"faces": {
				"north": {"uv": [4, 2, 6, 4], "texture": "#6"},
				"east": {"uv": [4, 2, 6, 4], "texture": "#6"},
				"south": {"uv": [4, 2, 6, 4], "texture": "#6"},
				"west": {"uv": [4, 2, 6, 4], "texture": "#6"},
				"up": {"uv": [4, 0, 6, 2], "texture": "#6"},
				"down": {"uv": [4, 4, 6, 6], "texture": "#6"}
			}
		},
		{
			"name": "Berry",
			"from": [1.5, 3.5, 5],
			"to": [3.5, 5.5, 7],
			"rotation": {"angle": 0, "axis": "y", "origin": [3, 4, 6]},
			"faces": {
				"north": {"uv": [4, 2, 6, 4], "texture": "#6"},
				"east": {"uv": [4, 2, 6, 4], "texture": "#6"},
				"south": {"uv": [4, 2, 6, 4], "texture": "#6"},
				"west": {"uv": [4, 2, 6, 4], "texture": "#6"},
				"up": {"uv": [4, 0, 6, 2], "texture": "#6"},
				"down": {"uv": [4, 4, 6, 6], "texture": "#6"}
			}
		},
		{
			"name": "Berry",
			"from": [9, 10, 12.5],
			"to": [11, 12, 14.5],
			"rotation": {"angle": 0, "axis": "y", "origin": [10, 9, 13]},
			"faces": {
				"north": {"uv": [4, 2, 6, 4], "texture": "#6"},
				"east": {"uv": [4, 2, 6, 4], "texture": "#6"},
				"south": {"uv": [4, 2, 6, 4], "texture": "#6"},
				"west": {"uv": [4, 2, 6, 4], "texture": "#6"},
				"up": {"uv": [4, 0, 6, 2], "texture": "#6"},
				"down": {"uv": [4, 4, 6, 6], "texture": "#6"}
			}
		}
	]
}