{
	"credit": "Made with Blockbench",
	"parent": "block/block",
	"ambientocclusion": false,
	"textures": {
		"2": "block/sweet_berry_plant",
		"3": "block/sweet_berry_bush_bottom",
		"4": "block/sweet_berry_bush_top",
		"all": "block/sweet_berry_bush",
		"particle": "block/break/sweet_berry_bush_stage1"
	},
	"elements": [
		{
			"from": [3.5, 2.5, 3.5],
			"to": [12.5, 11.5, 12.5],
			"faces": {
				"north": {"uv": [3.5, 3.5, 12.5, 12.5], "texture": "#all"},
				"east": {"uv": [3.5, 3.5, 12.5, 12.5], "texture": "#all"},
				"south": {"uv": [3.5, 3.5, 12.5, 12.5], "texture": "#all"},
				"west": {"uv": [3.5, 3.5, 12.5, 12.5], "texture": "#all"},
				"up": {"uv": [3.5, 3.5, 12.5, 12.5], "texture": "#4"},
				"down": {"uv": [3.5, 3.5, 12.5, 12.5], "texture": "#3"}
			}
		},
		{
			"from": [12.5, 2.5, 3.5],
			"to": [3.5, 11.5, 12.5],
			"faces": {
				"north": {"uv": [12.5, 3.5, 3.5, 12.5], "texture": "#all"},
				"east": {"uv": [12.5, 3.5, 3.5, 12.5], "texture": "#all"},
				"south": {"uv": [12.5, 3.5, 3.5, 12.5], "texture": "#all"},
				"west": {"uv": [12.5, 3.5, 3.5, 12.5], "texture": "#all"},
				"up": {"uv": [12.5, 3.5, 3.5, 12.5], "texture": "#4"},
				"down": {"uv": [12.5, 3.5, 3.5, 12.5], "texture": "#3"}
			}
		},
		{
			"from": [8, 0, 0],
			"to": [8, 5.5, 16],
			"rotation": {"angle": -45, "axis": "y", "origin": [8, 2.75, 8]},
			"faces": {
				"east": {"uv": [0, 10.5, 16, 16], "texture": "#2"},
				"west": {"uv": [0, 10.5, 16, 16], "texture": "#2"}
			}
		},
		{
			"from": [0, 0, 8],
			"to": [16, 5.5, 8],
			"rotation": {"angle": -45, "axis": "y", "origin": [8, 2.75, 8]},
			"faces": {
				"north": {"uv": [0, 10.5, 16, 16], "texture": "#2"},
				"south": {"uv": [0, 10.5, 16, 16], "texture": "#2"}
			}
		}
	]
}