{
  "type": "minecraft:fishing",
  "pools": [
    {
      "rolls": 1.0,
      "bonus_rolls": 0.0,
      "entries": [
         {
          "type": "minecraft:item",
          "conditions": [
            {
              "condition": "minecraft:location_check",
              "predicate": {
                "include": ["minecraft:is_ocean", "minecraft:is_beach"]
              }
            }
          ],
          "weight": 15,
          "name": "aquaculture:atlantic_cod"
        },
        {
          "type": "minecraft:item",
          "conditions": [
            {
              "condition": "minecraft:location_check",
              "predicate": {
                "include": ["minecraft:is_ocean", "minecraft:is_beach"]
              }
            }
          ],
          "weight": 40,
          "name": "aquaculture:blackfish"
        },
		{
          "type": "minecraft:item",
          "conditions": [
            {
              "condition": "minecraft:location_check",
              "predicate": {
                "include": ["minecraft:is_ocean", "minecraft:is_beach"]
              }
            }
          ],
          "weight": 10,
          "name": "aquaculture:pacific_halibut"
        },
        {
          "type": "minecraft:item",
          "conditions": [
            {
              "condition": "minecraft:location_check",
              "predicate": {
                "include": ["minecraft:is_ocean", "minecraft:is_beach"]
              }
            }
          ],
          "weight": 8,
          "name": "aquaculture:atlantic_halibut"
        },
        {
          "type": "minecraft:item",
          "conditions": [
            {
              "condition": "minecraft:location_check",
              "predicate": {
                "include": ["minecraft:is_ocean", "minecraft:is_beach"]
              }
            }
          ],
          "weight": 60,
          "name": "aquaculture:atlantic_herring"
        },
        {
          "type": "minecraft:item",
          "conditions": [
            {
              "condition": "minecraft:location_check",
              "predicate": {
                "include": ["minecraft:is_ocean", "minecraft:is_beach"]
              }
            }
          ],
          "weight": 20,
          "name": "aquaculture:pink_salmon"
        },
        {
          "type": "minecraft:item",
          "conditions": [
            {
              "condition": "minecraft:location_check",
              "predicate": {
                "include": ["minecraft:is_ocean", "minecraft:is_beach"]
              }
            }
          ],
          "weight": 25,
          "name": "aquaculture:pollock"
        },
        {
          "type": "minecraft:item",
          "conditions": [
            {
              "condition": "minecraft:location_check",
              "predicate": {
                "include": ["minecraft:is_ocean", "minecraft:is_beach"]
              }
            }
          ],
          "weight": 20,
          "name": "aquaculture:rainbow_trout"
        },
        {
          "type": "minecraft:item",
          "conditions": [
            {
              "condition": "minecraft:location_check",
              "predicate": {
                "include": ["minecraft:is_desert", "minecraft:is_savanna"]
              }
            }
          ],
          "weight": 20,
          "name": "aquaculture:bayad"
        },
        {
          "type": "minecraft:item",
          "conditions": [
            {
              "condition": "minecraft:location_check",
              "predicate": {
                "include": ["minecraft:is_desert", "minecraft:is_savanna"]
              }
            }
          ],
          "weight": 30,
          "name": "aquaculture:boulti"
        },
        {
          "type": "minecraft:item",
         "conditions": [
            {
              "condition": "minecraft:location_check",
              "predicate": {
                "include": ["minecraft:is_desert", "minecraft:is_savanna"]
              }
            }
          ],
          "weight": 5,
          "name": "aquaculture:capitaine"
        },
        {
          "type": "minecraft:item",
          "conditions": [
            {
              "condition": "minecraft:location_check",
              "predicate": {
                "include": ["minecraft:is_desert", "minecraft:is_savanna"]
              }
            }
          ],
          "weight": 60,
          "name": "aquaculture:synodontis"
        },
        {
          "type": "minecraft:item",
          "conditions": [
            {
              "condition": "minecraft:location_check",
              "predicate": {
                "exclude": ["minecraft:is_ocean", "minecraft:is_beach", "minecraft:is_jungle"]
              }
            }
          ],
          "weight": 30,
          "name": "aquaculture:smallmouth_bass"
        },
        {
          "type": "minecraft:item",
          "conditions": [
            {
              "condition": "minecraft:location_check",
              "predicate": {
                "exclude": ["minecraft:is_ocean", "minecraft:is_beach", "minecraft:is_jungle"]
              }
            }
          ],
          "weight": 60,
          "name": "aquaculture:bluegill"
        },
        {
          "type": "minecraft:item",
          "conditions": [
            {
              "condition": "minecraft:location_check",
              "predicate": {
                "exclude": ["minecraft:is_ocean", "minecraft:is_beach", "minecraft:is_jungle"]
              }
            }
          ],
          "weight": 30,
          "name": "aquaculture:brown_trout"
        },
        {
          "type": "minecraft:item",
          "conditions": [
            {
              "condition": "minecraft:location_check",
              "predicate": {
                "exclude": ["minecraft:is_ocean", "minecraft:is_beach", "minecraft:is_jungle"]
              }
            }
          ],
          "weight": 30,
          "name": "aquaculture:carp"
        },
        {
          "type": "minecraft:item",
          "conditions": [
            {
              "condition": "minecraft:location_check",
              "predicate": {
                "exclude": ["minecraft:is_ocean", "minecraft:is_beach", "minecraft:is_jungle"]
              }
            }
          ],
          "weight": 5,
          "name": "aquaculture:catfish"
        },
        {
          "type": "minecraft:item",
          "conditions": [
            {
              "condition": "minecraft:location_check",
              "predicate": {
                "exclude": ["minecraft:is_ocean", "minecraft:is_beach", "minecraft:is_jungle"]
              }
            }
          ],
          "weight": 20,
          "name": "aquaculture:gar"
        },
        {
          "type": "minecraft:item",
          "conditions": [
            {
              "condition": "minecraft:location_check",
              "predicate": {
                "exclude": ["minecraft:is_ocean", "minecraft:is_beach", "minecraft:is_jungle"]
              }
            }
          ],
          "weight": 55,
          "name": "aquaculture:minnow"
        },
        {
          "type": "minecraft:item",
          "conditions": [
            {
              "condition": "minecraft:location_check",
              "predicate": {
                "exclude": ["minecraft:is_ocean", "minecraft:is_beach", "minecraft:is_jungle"]
              }
            }
          ],
          "weight": 10,
          "name": "aquaculture:muskellunge"
        },
        {
          "type": "minecraft:item",
          "conditions": [
            {
              "condition": "minecraft:location_check",
              "predicate": {
                "exclude": ["minecraft:is_ocean", "minecraft:is_beach", "minecraft:is_jungle"]
              }
            }
          ],
          "weight": 60,
          "name": "aquaculture:perch"
        },
        {
          "type": "minecraft:item",
          "conditions": [
            {
              "condition": "minecraft:location_check",
              "predicate": {
                "include": ["minecraft:is_jungle"]
              }
            }
          ],
          "weight": 5,
          "name": "aquaculture:arapaima"
        },
        {
          "type": "minecraft:item",
          "conditions": [
            {
              "condition": "minecraft:location_check",
              "predicate": {
                "include": ["minecraft:is_jungle"]
              }
            }
          ],
          "weight": 5,
          "name": "aquaculture:arrau_turtle"
        },
        {
          "type": "minecraft:item",
          "conditions": [
            {
              "condition": "minecraft:location_check",
              "predicate": {
                "include": ["minecraft:is_jungle"]
              }
            }
          ],
          "weight": 60,
          "name": "aquaculture:piranha"
        },
        {
          "type": "minecraft:item",
          "conditions": [
            {
              "condition": "minecraft:location_check",
              "predicate": {
                "include": ["minecraft:is_jungle"]
              }
            }
          ],
          "weight": 20,
          "name": "aquaculture:tambaqui"
        },
        {
          "type": "minecraft:item",
          "conditions": [
            {
              "condition": "minecraft:location_check",
              "predicate": {
                "include": ["minecraft:is_mooshroom_island"]
              }
            }
          ],
          "weight": 80,
          "name": "aquaculture:brown_shrooma"
        },
        {
          "type": "minecraft:item",
          "conditions": [
            {
              "condition": "minecraft:location_check",
              "predicate": {
                "include": ["minecraft:is_mooshroom_island"]
              }
            }
          ],
          "weight": 80,
          "name": "aquaculture:red_shrooma"
        },
        {
          "type": "minecraft:item",
          "conditions": [
            {
              "condition": "minecraft:location_check",
              "predicate": {
                "include": ["minecraft:is_ocean", "minecraft:is_beach"]
              }
            }
          ],
          "weight": 30,
          "name": "aquaculture:jellyfish"
        },
        {
          "type": "minecraft:item",
          "conditions": [
            {
              "condition": "minecraft:location_check",
              "predicate": {
                "include": ["minecraft:is_ocean", "minecraft:is_beach"]
              }
            }
          ],
          "weight": 20,
          "name": "aquaculture:red_grouper"
        },
        {
          "type": "minecraft:item",
          "conditions": [
            {
              "condition": "minecraft:location_check",
              "predicate": {
                "include": ["minecraft:is_ocean", "minecraft:is_beach"]
              }
            }
          ],
          "weight": 5,
          "name": "aquaculture:tuna"
        },
        {
          "type": "minecraft:item",
          "conditions": [
            {
              "condition": "minecraft:location_check",
              "predicate": {
                "include": ["minecraft:is_swamp"]
              }
            }
          ],
          "weight": 30,
          "name": "aquaculture:leech"
        },
        {
          "type": "minecraft:item",
          "conditions": [
            {
              "condition": "minecraft:location_check",
              "predicate": {
                "include": ["minecraft:is_swamp"]
              }
            }
          ],
          "weight": 5,
          "name": "aquaculture:box_turtle"
        },
        {
          "type": "minecraft:item",
          "conditions": [
            {
              "condition": "minecraft:location_check",
              "predicate": {
                "include": ["minecraft:is_swamp"]
              }
            }
          ],
          "weight": 5,
          "name": "aquaculture:starshell_turtle"
        }
      ]
    }
  ]
}