{
  "type": "minecraft:fishing",
  "pools": [
    {
      "bonus_rolls": 0.0,
      "entries": [
        {
          "type": "minecraft:item",
          "name": "aquaculture:neptunium_nugget",
		  "weight": 95
        },
		{
          "type": "minecraft:item",
          "functions": [
            {
              "function": "minecraft:set_contents",
              "type": "aquaculture:neptunes_bounty",
              "entries": [
                {
                  "type": "minecraft:loot_table",
                  "name": "aquaculture:box/neptunes_bounty"
                }
              ]
            }
          ],
          "name": "aquaculture:neptunes_bounty",
		  "weight": 5
        }
      ],
      "rolls": 1.0
    }
  ]
}




