{
	"credit": "Made with Blockbench",
	"ambientocclusion": false,
	"textures": {
		"1": "block/doors/cherry",
		"particle": "block/break/doors/cherry_top"
	},
	"elements": [
		{
			"from": [0, 0, 0],
			"to": [3, 16, 3.5],
			"rotation": {"angle": 0, "axis": "y", "origin": [0, 0, 16]},
			"faces": {
				"north": {"uv": [14.25, 0, 12.75, 8], "texture": "#1"},
				"east": {"uv": [6.25, 0, 8, 8], "texture": "#1"},
				"south": {"uv": [14.5, 0, 16, 8], "texture": "#1"},
				"west": {"uv": [8, 0, 6.25, 8], "texture": "#1"},
				"up": {"uv": [11, 8, 12.5, 6.25], "texture": "#1"}
			}
		},
		{
			"from": [0, 0, 12.5],
			"to": [3, 16, 16],
			"rotation": {"angle": 0, "axis": "y", "origin": [0, 0, 16]},
			"faces": {
				"north": {"uv": [14.5, 0, 16, 8], "texture": "#1"},
				"east": {"uv": [0, 0, 1.75, 8], "texture": "#1"},
				"south": {"uv": [16, 0, 14.5, 8], "texture": "#1"},
				"west": {"uv": [1.75, 0, 0, 8], "texture": "#1"},
				"up": {"uv": [11, 1.75, 12.5, 0], "texture": "#1"}
			}
		},
		{
			"from": [0, 12.5, 3.5],
			"to": [3, 16, 12.5],
			"rotation": {"angle": 0, "axis": "y", "origin": [0, 0, 16]},
			"faces": {
				"east": {"uv": [1.75, 0, 6.25, 1.75], "texture": "#1"},
				"west": {"uv": [6.25, 0, 1.75, 1.75], "texture": "#1"},
				"up": {"uv": [11, 6.25, 12.5, 1.75], "texture": "#1"},
				"down": {"uv": [11, 6.25, 12.5, 1.75], "texture": "#1"}
			}
		},
		{
			"from": [0, 0, 3.5],
			"to": [3, 3.5, 12.5],
			"rotation": {"angle": 0, "axis": "y", "origin": [0, 0, 16]},
			"faces": {
				"east": {"uv": [1.75, 6.25, 6.25, 8], "texture": "#1"},
				"west": {"uv": [6.25, 6.25, 1.75, 8], "texture": "#1"},
				"up": {"uv": [11, 6.25, 12.5, 1.75], "texture": "#1"},
				"down": {"uv": [1.75, 8, 6.25, 7.75], "rotation": 90, "texture": "#1"}
			}
		},
		{
			"from": [-0.25, 10, 15],
			"to": [1, 12, 16.25],
			"rotation": {"angle": 0, "axis": "y", "origin": [16, 0, 16]},
			"faces": {
				"north": {"uv": [11, 1.5, 9.75, 3.5], "texture": "#1"},
				"east": {"uv": [9.75, 1.5, 11, 3.5], "texture": "#1"},
				"south": {"uv": [8.25, 1.5, 9.5, 3.5], "texture": "#1"},
				"west": {"uv": [9.5, 1.5, 8.25, 3.5], "texture": "#1"},
				"up": {"uv": [9.5, 1.25, 8.25, 0], "rotation": 180, "texture": "#1"},
				"down": {"uv": [10.75, 1.25, 9.5, 0], "rotation": 270, "texture": "#1"}
			}
		},
		{
			"from": [2, 10, 15],
			"to": [3.25, 12, 16.25],
			"rotation": {"angle": 0, "axis": "y", "origin": [0, 0, 16]},
			"faces": {
				"north": {"uv": [9.75, 1.5, 11, 3.5], "texture": "#1"},
				"east": {"uv": [8.25, 1.5, 9.5, 3.5], "texture": "#1"},
				"south": {"uv": [9.5, 1.5, 8.25, 3.5], "texture": "#1"},
				"west": {"uv": [11, 1.5, 9.75, 3.5], "texture": "#1"},
				"up": {"uv": [8.25, 1.25, 9.5, 0], "rotation": 180, "texture": "#1"},
				"down": {"uv": [10.75, 0, 9.5, 1.25], "rotation": 270, "texture": "#1"}
			}
		},
		{
			"from": [-0.25, 0, 15],
			"to": [1, 1, 16.25],
			"rotation": {"angle": 0, "axis": "y", "origin": [16, 0, 16]},
			"faces": {
				"north": {"uv": [11, 1.5, 9.75, 2.5], "texture": "#1"},
				"east": {"uv": [9.75, 1.5, 11, 2.5], "texture": "#1"},
				"south": {"uv": [8.25, 1.5, 9.5, 2.5], "texture": "#1"},
				"west": {"uv": [9.5, 1.5, 8.25, 2.5], "texture": "#1"},
				"up": {"uv": [9.5, 1.25, 8.25, 0], "rotation": 180, "texture": "#1"}
			}
		},
		{
			"from": [2, 0, 15],
			"to": [3.25, 1, 16.25],
			"rotation": {"angle": 0, "axis": "y", "origin": [0, 0, 16]},
			"faces": {
				"north": {"uv": [9.75, 1.5, 11, 2.5], "texture": "#1"},
				"east": {"uv": [8.25, 1.5, 9.5, 2.5], "texture": "#1"},
				"south": {"uv": [9.5, 1.5, 8.25, 2.5], "texture": "#1"},
				"west": {"uv": [11, 1.5, 9.75, 2.5], "texture": "#1"},
				"up": {"uv": [8.25, 1.25, 9.5, 0], "rotation": 180, "texture": "#1"}
			}
		},
		{
			"from": [-0.25, 0, 0.5],
			"to": [3.25, 1, 3],
			"rotation": {"angle": 0, "axis": "y", "origin": [0, 0, 16]},
			"faces": {
				"north": {"uv": [9.5, 3.75, 9.25, 4.25], "texture": "#1"},
				"east": {"uv": [8.25, 3.75, 9.5, 4.25], "texture": "#1"},
				"south": {"uv": [8.5, 3.75, 8.25, 4.25], "texture": "#1"},
				"west": {"uv": [9.5, 3.75, 8.25, 4.25], "texture": "#1"},
				"up": {"uv": [8.25, 4, 9.5, 3.75], "rotation": 270, "texture": "#1"}
			}
		},
		{
			"from": [0, 3.5, 6.5],
			"to": [3, 12.5, 9.5],
			"rotation": {"angle": 0, "axis": "y", "origin": [0, 0, 16]},
			"faces": {
				"north": {"uv": [4.75, 1.75, 4.5, 6.25], "texture": "#1"},
				"east": {"uv": [3.25, 1.75, 4.75, 6.25], "texture": "#1"},
				"south": {"uv": [3.5, 1.75, 3.25, 6.25], "texture": "#1"},
				"west": {"uv": [4.75, 1.75, 3.25, 6.25], "texture": "#1"}
			}
		},
		{
			"from": [0.5, 3.5, 3.5],
			"to": [2.5, 12.5, 12.5],
			"rotation": {"angle": 0, "axis": "y", "origin": [0, 0, 16]},
			"faces": {
				"east": {"uv": [1.75, 1.75, 6.25, 6.25], "texture": "#1"},
				"west": {"uv": [6.25, 1.75, 1.75, 6.25], "texture": "#1"}
			}
		}
	]
}