{
	"credit": "Made with Blockbench",
	"parent": "block/block",
	"ambientocclusion": false,
	"textures": {
		"0": "block/barrel",
		"particle": "block/break/barrel"
	},
	"elements": [
		{
			"name": "main",
			"from": [0, 0, 0],
			"to": [16, 16, 16],
			"faces": {
				"north": {"uv": [0, 0, 4, 4], "texture": "#0"},
				"east": {"uv": [0, 0, 4, 4], "texture": "#0"},
				"south": {"uv": [0, 0, 4, 4], "texture": "#0"},
				"west": {"uv": [0, 0, 4, 4], "texture": "#0"},
				"up": {"uv": [4.125, 0, 8.125, 4], "texture": "#0"},
				"down": {"uv": [8.25, 0, 12.25, 4], "texture": "#0"}
			}
		},
		{
			"from": [3.5, 2, 8],
			"to": [4.5, 16.25, 8.5],
			"faces": {
				"north": {"uv": [5.25, 2, 5, 2.125], "texture": "#0"},
				"east": {"uv": [5.125, 2, 5.25, 2.125], "texture": "#0"},
				"west": {"uv": [5, 2, 5.125, 2.125], "texture": "#0"},
				"up": {"uv": [5, 2, 5.25, 2.125], "texture": "#0"}
			}
		},
		{
			"from": [3, 2, 8.5],
			"to": [5, 16.25, 9.5],
			"faces": {
				"north": {"uv": [5.375, 2.125, 4.875, 2.25], "texture": "#0"},
				"east": {"uv": [5.25, 2.125, 5.375, 2.375], "rotation": 90, "texture": "#0"},
				"south": {"uv": [4.875, 2.25, 5.375, 2.375], "texture": "#0"},
				"west": {"uv": [4.875, 2.125, 5, 2.375], "texture": "#0"},
				"up": {"uv": [4.875, 2.125, 5.375, 2.375], "texture": "#0"}
			}
		},
		{
			"from": [3.5, 2, 9.5],
			"to": [4.5, 16.25, 10],
			"faces": {
				"east": {"uv": [5.125, 2.375, 5.25, 2.5], "texture": "#0"},
				"south": {"uv": [5, 2.375, 5.25, 2.5], "texture": "#0"},
				"west": {"uv": [5, 2.375, 5.125, 2.5], "texture": "#0"},
				"up": {"uv": [5, 2.375, 5.25, 2.5], "texture": "#0"}
			}
		},
		{
			"from": [-0.25, 11.5, -0.25],
			"to": [16.25, 13, 0.25],
			"rotation": {"angle": 0, "axis": "y", "origin": [8, 0, 8]},
			"faces": {
				"north": {"uv": [7.75, 4.125, 11.875, 4.5], "texture": "#0"},
				"east": {"uv": [7.75, 4.125, 7.875, 4.5], "texture": "#0"},
				"west": {"uv": [11.75, 4.125, 11.875, 4.5], "texture": "#0"},
				"up": {"uv": [7.75, 4.125, 11.875, 4.25], "texture": "#0"},
				"down": {"uv": [7.75, 4.375, 11.875, 4.5], "texture": "#0"}
			}
		},
		{
			"from": [-0.25, 3, -0.25],
			"to": [16.25, 4.5, 0.25],
			"rotation": {"angle": 0, "axis": "y", "origin": [8, 0, 8]},
			"faces": {
				"north": {"uv": [7.75, 4.625, 11.875, 5], "texture": "#0"},
				"east": {"uv": [7.75, 4.625, 7.875, 5], "texture": "#0"},
				"west": {"uv": [11.75, 4.625, 11.875, 5], "texture": "#0"},
				"up": {"uv": [7.75, 4.625, 11.875, 4.75], "texture": "#0"},
				"down": {"uv": [7.75, 4.875, 11.875, 5], "texture": "#0"}
			}
		},
		{
			"from": [-0.25, 11.5, 0.25],
			"to": [2.25, 13, 15.75],
			"rotation": {"angle": 0, "axis": "y", "origin": [8, 0, 8]},
			"faces": {
				"west": {"uv": [7.875, 4.125, 11.75, 4.5], "texture": "#0"},
				"up": {"uv": [7.875, 4.125, 11.75, 4.25], "rotation": 270, "texture": "#0"},
				"down": {"uv": [7.875, 4.375, 11.75, 4.5], "rotation": 90, "texture": "#0"}
			}
		},
		{
			"from": [-0.25, 3, 0.25],
			"to": [2.25, 4.5, 15.75],
			"rotation": {"angle": 0, "axis": "y", "origin": [8, 0, 8]},
			"faces": {
				"west": {"uv": [7.875, 4.625, 11.75, 5], "texture": "#0"},
				"up": {"uv": [7.875, 4.625, 11.75, 4.75], "rotation": 270, "texture": "#0"},
				"down": {"uv": [7.875, 4.875, 11.75, 5], "rotation": 90, "texture": "#0"}
			}
		},
		{
			"from": [13.75, 3, 0.25],
			"to": [16.25, 4.5, 15.75],
			"rotation": {"angle": 0, "axis": "y", "origin": [8, 0, 8]},
			"faces": {
				"east": {"uv": [7.875, 4.625, 11.75, 5], "texture": "#0"},
				"up": {"uv": [7.875, 4.625, 11.75, 4.75], "rotation": 90, "texture": "#0"},
				"down": {"uv": [7.875, 4.875, 11.75, 5], "rotation": 270, "texture": "#0"}
			}
		},
		{
			"from": [13.75, 11.5, 0.25],
			"to": [16.25, 13, 15.75],
			"rotation": {"angle": 0, "axis": "y", "origin": [8, 0, 8]},
			"faces": {
				"east": {"uv": [7.875, 4.125, 11.75, 4.5], "texture": "#0"},
				"up": {"uv": [7.875, 4.125, 11.75, 4.25], "rotation": 90, "texture": "#0"},
				"down": {"uv": [7.875, 4.375, 11.75, 4.5], "rotation": 270, "texture": "#0"}
			}
		},
		{
			"from": [-0.25, 3, 15.75],
			"to": [16.25, 4.5, 16.25],
			"rotation": {"angle": 0, "axis": "y", "origin": [8, 0, 8]},
			"faces": {
				"east": {"uv": [11.75, 4.625, 11.875, 5], "texture": "#0"},
				"south": {"uv": [7.75, 4.625, 11.875, 5], "texture": "#0"},
				"west": {"uv": [7.75, 4.625, 7.875, 5], "texture": "#0"},
				"up": {"uv": [7.75, 4.625, 11.875, 4.75], "rotation": 180, "texture": "#0"},
				"down": {"uv": [7.75, 4.875, 11.875, 5], "rotation": 180, "texture": "#0"}
			}
		},
		{
			"from": [-0.25, 11.5, 15.75],
			"to": [16.25, 13, 16.25],
			"rotation": {"angle": 0, "axis": "y", "origin": [8, 0, 8]},
			"faces": {
				"east": {"uv": [11.75, 4.125, 11.875, 4.5], "texture": "#0"},
				"south": {"uv": [7.75, 4.125, 11.875, 4.5], "texture": "#0"},
				"west": {"uv": [7.75, 4.125, 7.875, 4.5], "texture": "#0"},
				"up": {"uv": [7.75, 4.125, 11.875, 4.25], "rotation": 180, "texture": "#0"},
				"down": {"uv": [7.75, 4.375, 11.875, 4.5], "rotation": 180, "texture": "#0"}
			}
		}
	]
}