{
	"credit": "Made with Blockbench",
	"parent": "block/block",
	"ambientocclusion": false,
	"textures": {
		"0": "block/barrel",
		"particle": "block/break/barrel"
	},
	"elements": [
		{
			"name": "main",
			"from": [1, 0, 1],
			"to": [15, 1, 15],
			"faces": {
				"up": {"uv": [12.375, 0, 15.875, 3.5], "texture": "#0"},
				"down": {"uv": [8.5, 0.25, 12, 3.75], "texture": "#0"}
			}
		},
		{
			"name": "main",
			"from": [0, 0, 1],
			"to": [1, 16, 15],
			"faces": {
				"east": {"uv": [4.125, 8, 7.625, 12], "texture": "#0"},
				"west": {"uv": [0.25, 0, 3.75, 4], "texture": "#0"},
				"up": {"uv": [4.125, 0.25, 4.375, 3.75], "texture": "#0"},
				"down": {"uv": [8.25, 0.25, 8.5, 3.75], "texture": "#0"}
			}
		},
		{
			"name": "main",
			"from": [15, 0, 1],
			"to": [16, 16, 15],
			"faces": {
				"east": {"uv": [0.25, 0, 3.75, 4], "texture": "#0"},
				"west": {"uv": [4.125, 4.125, 7.625, 8.125], "texture": "#0"},
				"up": {"uv": [7.875, 0.25, 8.125, 3.75], "texture": "#0"},
				"down": {"uv": [12, 0.25, 12.25, 3.75], "texture": "#0"}
			}
		},
		{
			"name": "main",
			"from": [0, 0, 15],
			"to": [16, 16, 16],
			"faces": {
				"north": {"uv": [0, 8, 4, 12], "texture": "#0"},
				"east": {"uv": [0, 0, 0.25, 4], "texture": "#0"},
				"south": {"uv": [0, 0, 4, 4], "texture": "#0"},
				"west": {"uv": [3.75, 0, 4, 4], "texture": "#0"},
				"up": {"uv": [4.125, 3.75, 8.125, 4], "texture": "#0"},
				"down": {"uv": [8.25, 0, 12.25, 0.25], "texture": "#0"}
			}
		},
		{
			"name": "main",
			"from": [0, 0, 0],
			"to": [16, 16, 1],
			"faces": {
				"north": {"uv": [0, 0, 4, 4], "texture": "#0"},
				"east": {"uv": [3.75, 0, 4, 4], "texture": "#0"},
				"south": {"uv": [0, 4.125, 4, 8.125], "texture": "#0"},
				"west": {"uv": [0, 0, 0.25, 4], "texture": "#0"},
				"up": {"uv": [4.125, 0, 8.125, 0.25], "texture": "#0"},
				"down": {"uv": [8.25, 3.75, 12.25, 4], "texture": "#0"}
			}
		},
		{
			"from": [-0.25, 11.5, -0.25],
			"to": [16.25, 13, 0.25],
			"rotation": {"angle": 0, "axis": "y", "origin": [8, 0, 8]},
			"faces": {
				"north": {"uv": [7.75, 4.125, 11.875, 4.5], "texture": "#0"},
				"east": {"uv": [7.75, 4.125, 7.875, 4.5], "texture": "#0"},
				"west": {"uv": [11.75, 4.125, 11.875, 4.5], "texture": "#0"},
				"up": {"uv": [7.75, 4.125, 11.875, 4.25], "texture": "#0"},
				"down": {"uv": [7.75, 4.375, 11.875, 4.5], "texture": "#0"}
			}
		},
		{
			"from": [-0.25, 3, -0.25],
			"to": [16.25, 4.5, 0.25],
			"rotation": {"angle": 0, "axis": "y", "origin": [8, 0, 8]},
			"faces": {
				"north": {"uv": [7.75, 4.625, 11.875, 5], "texture": "#0"},
				"east": {"uv": [7.75, 4.625, 7.875, 5], "texture": "#0"},
				"west": {"uv": [11.75, 4.625, 11.875, 5], "texture": "#0"},
				"up": {"uv": [7.75, 4.625, 11.875, 4.75], "texture": "#0"},
				"down": {"uv": [7.75, 4.875, 11.875, 5], "texture": "#0"}
			}
		},
		{
			"from": [-0.25, 11.5, 0.25],
			"to": [0.25, 13, 15.75],
			"rotation": {"angle": 0, "axis": "y", "origin": [8, 0, 8]},
			"faces": {
				"west": {"uv": [7.875, 4.125, 11.75, 4.5], "texture": "#0"},
				"up": {"uv": [7.875, 4.125, 11.75, 4.25], "rotation": 270, "texture": "#0"},
				"down": {"uv": [7.875, 4.375, 11.75, 4.5], "rotation": 90, "texture": "#0"}
			}
		},
		{
			"from": [-0.25, 3, 0.25],
			"to": [0.25, 4.5, 15.75],
			"rotation": {"angle": 0, "axis": "y", "origin": [8, 0, 8]},
			"faces": {
				"west": {"uv": [7.875, 4.625, 11.75, 5], "texture": "#0"},
				"up": {"uv": [7.875, 4.625, 11.75, 4.75], "rotation": 270, "texture": "#0"},
				"down": {"uv": [7.875, 4.875, 11.75, 5], "rotation": 90, "texture": "#0"}
			}
		},
		{
			"from": [-0.25, 11.5, 15.75],
			"to": [16.25, 13, 16.25],
			"rotation": {"angle": 0, "axis": "y", "origin": [8, 0, 8]},
			"faces": {
				"east": {"uv": [11.75, 4.125, 11.875, 4.5], "texture": "#0"},
				"south": {"uv": [7.75, 4.125, 11.875, 4.5], "texture": "#0"},
				"west": {"uv": [7.75, 4.125, 7.875, 4.5], "texture": "#0"},
				"up": {"uv": [7.75, 4.125, 11.875, 4.25], "rotation": 180, "texture": "#0"},
				"down": {"uv": [7.75, 4.375, 11.875, 4.5], "rotation": 180, "texture": "#0"}
			}
		},
		{
			"from": [-0.25, 3, 15.75],
			"to": [16.25, 4.5, 16.25],
			"rotation": {"angle": 0, "axis": "y", "origin": [8, 0, 8]},
			"faces": {
				"east": {"uv": [11.75, 4.625, 11.875, 5], "texture": "#0"},
				"south": {"uv": [7.75, 4.625, 11.875, 5], "texture": "#0"},
				"west": {"uv": [7.75, 4.625, 7.875, 5], "texture": "#0"},
				"up": {"uv": [7.75, 4.625, 11.875, 4.75], "rotation": 180, "texture": "#0"},
				"down": {"uv": [7.75, 4.875, 11.875, 5], "rotation": 180, "texture": "#0"}
			}
		},
		{
			"from": [15.75, 11.5, 0.25],
			"to": [16.25, 13, 15.75],
			"rotation": {"angle": 0, "axis": "y", "origin": [8, 0, 8]},
			"faces": {
				"east": {"uv": [7.875, 4.125, 11.75, 4.5], "texture": "#0"},
				"up": {"uv": [7.875, 4.125, 11.75, 4.25], "rotation": 90, "texture": "#0"},
				"down": {"uv": [7.875, 4.375, 11.75, 4.5], "rotation": 270, "texture": "#0"}
			}
		},
		{
			"from": [15.75, 3, 0.25],
			"to": [16.25, 4.5, 15.75],
			"rotation": {"angle": 0, "axis": "y", "origin": [8, 0, 8]},
			"faces": {
				"east": {"uv": [7.875, 4.625, 11.75, 5], "texture": "#0"},
				"up": {"uv": [7.875, 4.625, 11.75, 4.75], "rotation": 90, "texture": "#0"},
				"down": {"uv": [7.875, 4.875, 11.75, 5], "rotation": 270, "texture": "#0"}
			}
		},
		{
			"name": "main",
			"from": [15.5, 1.5, 1],
			"to": [17, 15.5, 15],
			"rotation": {"angle": 0, "axis": "z", "origin": [16, 16, 0]},
			"faces": {
				"north": {"uv": [7.75, 5.5, 11.25, 5.125], "rotation": 90, "texture": "#0"},
				"east": {"uv": [7.75, 8.625, 11.25, 5.125], "rotation": 270, "texture": "#0"},
				"south": {"uv": [7.75, 8.625, 11.25, 8.25], "rotation": 270, "texture": "#0"},
				"up": {"uv": [10.875, 5.125, 11.25, 8.625], "texture": "#0"},
				"down": {"uv": [8.125, 5.125, 7.75, 8.625], "texture": "#0"}
			}
		}
	]
}